model,layer,head,delta_half_a,delta_half_b,delta_pooled,cos_self_half_a,cos_self,cos_self_half_b,cos_null_half_a,cos_null,cos_null_half_b,excess_half_a,excess,excess_half_b
EleutherAI/pythia-1.4b,0,0,-0.0016003706323819422,0.0025911105899361075,0.0004953699787770827,0.1807367878713423,0.1807367878713423,0.1842591930204904,0.1963554324972668,0.1963554324972668,0.19177411100539718,-0.015618644625924494,-0.015618644625924494,-0.007514917984906777
EleutherAI/pythia-1.4b,0,1,-0.0038778950848916693,-0.0012526624784694462,-0.002565278781680558,0.39580475992730985,0.39580475992730985,0.4074133136479229,0.13235716178452797,0.13235716178452797,0.13369260514893969,0.26344759814278185,0.26344759814278185,0.2737207084989832
EleutherAI/pythia-1.4b,0,2,-0.08782790777251481,-0.100397785817544,-0.0941128467950294,0.5032585912427734,0.5032585912427734,0.500012181656895,0.38335171946135693,0.38335171946135693,0.37689912716419127,0.11990687178141646,0.11990687178141646,0.12311305449270371
EleutherAI/pythia-1.4b,0,3,-0.010172205647145383,-0.006338284710260655,-0.008255245178703019,0.7069446378742485,0.7069446378742485,0.7357954405040542,0.12180969179635803,0.12180969179635803,0.12647244468348842,0.5851349460778905,0.5851349460778905,0.6093229958205658
EleutherAI/pythia-1.4b,0,4,0.003882701002706934,0.0006062665323574024,0.0022444837675321683,0.38392283994825066,0.38392283994825066,0.39496740820998,0.16001869409948663,0.16001869409948663,0.16267963428526497,0.22390414584876403,0.22390414584876403,0.23228777392471503
EleutherAI/pythia-1.4b,0,5,0.0028479868971458266,0.0027448999600148127,0.0027964434285803197,0.4810410239432978,0.4810410239432978,0.48890470835309446,0.39848014605773124,0.39848014605773124,0.3979834427458641,0.08256087788556654,0.08256087788556654,0.09092126560723035
EleutherAI/pythia-1.4b,0,6,-0.04808585099347917,-0.054815577709768526,-0.05145071435162385,0.3757995833657619,0.3757995833657619,0.36728118316203495,0.11699788303565666,0.11699788303565666,0.12777952975619028,0.25880170033010524,0.25880170033010524,0.23950165340584467
EleutherAI/pythia-1.4b,0,7,-0.00874556894377454,-0.004719891886072691,-0.006732730414923616,0.3057950490079089,0.3057950490079089,0.3015030014069929,0.18345711619658528,0.18345711619658528,0.18817407991415608,0.1223379328113236,0.1223379328113236,0.1133289214928368
EleutherAI/pythia-1.4b,0,8,0.0037519800381398127,0.0035304272268703585,0.0036412036325050856,0.4682346581971185,0.4682346581971185,0.4632280696046181,0.12244065027801314,0.12244065027801314,0.11630511702661463,0.34579400791910536,0.34579400791910536,0.3469229525780035
EleutherAI/pythia-1.4b,0,9,-0.010956531434547223,-0.004550963874876857,-0.00775374765471204,0.4535877192810207,0.4535877192810207,0.44899191003809,0.2087668200782006,0.2087668200782006,0.21028997042852296,0.2448208992028201,0.2448208992028201,0.23870193960956707
EleutherAI/pythia-1.4b,0,10,0.0020230511042078625,0.0017113873339074104,0.0018672192190576364,0.40908589371264137,0.40908589371264137,0.4226317103430504,0.14023490205760092,0.14023490205760092,0.14642246524948946,0.26885099165504045,0.26885099165504045,0.27620924509356093
EleutherAI/pythia-1.4b,0,11,-0.0005968949926180578,-0.0027122197188731434,-0.0016545573557456006,0.45493717722224464,0.45493717722224464,0.4711349045938888,0.13996223612958408,0.13996223612958408,0.145264898816005,0.31497494109266055,0.31497494109266055,0.32587000577788383
EleutherAI/pythia-1.4b,0,12,0.0018913689560777769,0.002271757351131942,0.0020815631536048596,0.4222401893468214,0.4222401893468214,0.43201550836885877,0.12469674760194091,0.12469674760194091,0.12089291349160718,0.29754344174488045,0.29754344174488045,0.3111225948772516
EleutherAI/pythia-1.4b,0,13,0.0005925696665847191,0.0018084668737698983,0.0012005182701773087,0.3681401259794965,0.3681401259794965,0.37885632679184866,0.20377155955239815,0.20377155955239815,0.2105369076376791,0.16436856642709838,0.16436856642709838,0.16831941915416956
EleutherAI/pythia-1.4b,0,14,-0.004025677057701849,-0.002177801657849532,-0.00310173935777569,0.4759299755402083,0.4759299755402083,0.49761858004157555,0.11688327383559234,0.11688327383559234,0.11940253203976621,0.359046701704616,0.359046701704616,0.37821604800180936
EleutherAI/pythia-1.4b,0,15,0.0020552507535680498,-0.000842477392962504,0.0006063866803027729,0.44527886521338916,0.44527886521338916,0.45386974961512017,0.26243687695328327,0.26243687695328327,0.26557251514900526,0.1828419882601059,0.1828419882601059,0.1882972344661149
EleutherAI/pythia-1.4b,1,0,0.00191563884104351,0.0012500192236712948,0.0015828290323574024,0.32693454635413877,0.32693454635413877,0.33544969182244005,0.1508242327219873,0.1508242327219873,0.15933545048075998,0.17611031363215146,0.17611031363215146,0.17611424134168008
EleutherAI/pythia-1.4b,1,1,0.007234348086860187,0.005968709630290281,0.006601528858575234,0.3587265462969543,0.3587265462969543,0.33803466614357797,0.13652629492257282,0.13652629492257282,0.14094769463599016,0.22220025137438146,0.22220025137438146,0.1970869715075878
EleutherAI/pythia-1.4b,1,2,0.004572350209153697,0.003180556409941193,0.003876453309547445,0.342653693138091,0.342653693138091,0.31952259026279284,0.25124292386206215,0.25124292386206215,0.22394428422158158,0.09141076927602887,0.09141076927602887,0.09557830604121126
EleutherAI/pythia-1.4b,1,3,0.005781038539616201,0.004717008335383799,0.0052490234375,0.3613733853589393,0.3613733853589393,0.35064763803843274,0.1283211406992801,0.1283211406992801,0.13479780015727216,0.2330522446596592,0.2330522446596592,0.21584983788116058
EleutherAI/pythia-1.4b,1,4,-9.443628506389246e-05,0.0011769692728837988,0.0005412664939099532,0.3753503263434735,0.3753503263434735,0.39308809459794786,0.15456563973031406,0.15456563973031406,0.1595476421189107,0.22078468661315942,0.22078468661315942,0.23354045247903715
EleutherAI/pythia-1.4b,1,5,0.004247470164862488,0.008141465074434251,0.0061944676196483694,0.34901278399607105,0.34901278399607105,0.333364648304469,0.09100387733110812,0.09100387733110812,0.09110330091244026,0.2580089066649629,0.2580089066649629,0.24226134739202873
EleutherAI/pythia-1.4b,1,6,0.0022114430825541653,-0.0015273206815944462,0.00034206120047985955,0.30004608482812906,0.30004608482812906,0.29948281528640014,0.1868980504624281,0.1868980504624281,0.1871097478558552,0.11314803436570095,0.11314803436570095,0.11237306743054493
EleutherAI/pythia-1.4b,1,7,0.013311911755659711,0.012785904050812036,0.013048907903235873,0.3327133167969275,0.3327133167969275,0.3342216571351844,0.25012481166587164,0.25012481166587164,0.2455431502308662,0.08258850513105587,0.08258850513105587,0.08867850690431822
EleutherAI/pythia-1.4b,1,8,0.0054833119309796174,-0.00014153427965046816,0.0026708888256645746,0.405168226603915,0.405168226603915,0.38755590079763064,0.15792594933191856,0.15792594933191856,0.16613594205028412,0.24724227727199644,0.24724227727199644,0.22141995874734652
EleutherAI/pythia-1.4b,1,9,0.00421743317851897,0.003900723194512956,0.004059078186515963,0.31237171410847675,0.31237171410847675,0.3318282072838318,0.16663670352077214,0.16663670352077214,0.16704071125036982,0.1457350105877046,0.1457350105877046,0.16478749603346196
EleutherAI/pythia-1.4b,1,10,0.004975086122047223,0.004268856499138884,0.004621971310593054,0.4160466639288507,0.4160466639288507,0.41323742906869604,0.12025886610513135,0.12025886610513135,0.11399445513547954,0.29578779782371933,0.29578779782371933,0.2992429739332165
EleutherAI/pythia-1.4b,1,11,0.02402790700356805,0.022797592042937964,0.023412749523253007,0.18022467491858638,0.18022467491858638,0.18028667022722975,0.11212838594328997,0.11212838594328997,0.10901636038949743,0.0680962889752964,0.0680962889752964,0.07127030983773232
EleutherAI/pythia-1.4b,1,12,0.003594826525590733,0.00027489849901574104,0.001934862512303237,0.5023698510270287,0.5023698510270287,0.5115546217383472,0.2490494105528157,0.2490494105528157,0.2566418188351873,0.253320440474213,0.253320440474213,0.25491280290315993
EleutherAI/pythia-1.4b,1,13,0.0025291142501231434,0.004435862143208791,0.003482488196665967,0.20656381556941633,0.20656381556941633,0.1902090264827746,0.14238255059323487,0.14238255059323487,0.14101689052308605,0.06418126497618146,0.06418126497618146,0.04919213595968855
EleutherAI/pythia-1.4b,1,14,0.002929447204109259,0.0030784306563731434,0.003003938930241201,0.35251561879438553,0.35251561879438553,0.3402311471885209,0.1869450482900297,0.1869450482900297,0.19620937980068884,0.16557057050435584,0.16557057050435584,0.14402176738783204
EleutherAI/pythia-1.4b,1,15,0.005059910571481474,0.005157951294906482,0.005108930933193978,0.265240985463796,0.265240985463796,0.246294601156104,0.11027500625769314,0.11027500625769314,0.10989535838102818,0.15496597920610283,0.15496597920610283,0.1363992427750758
EleutherAI/pythia-1.4b,2,0,0.007964847594734259,0.010296438622662496,0.009130643108698377,0.5525292085613464,0.5525292085613464,0.5578455492489977,0.16327564453468216,0.16327564453468216,0.15443424171663706,0.3892535640266642,0.3892535640266642,0.4034113075323606
EleutherAI/pythia-1.4b,2,1,0.0029205562561518406,0.004667267085999072,0.003793911671075456,0.4396280994346387,0.4396280994346387,0.45164043402025605,0.19748477225434763,0.19748477225434763,0.1928631854216435,0.24214332718029108,0.24214332718029108,0.25877724859861256
EleutherAI/pythia-1.4b,2,2,0.0024245855376476833,7.713498093009363e-05,0.0012508602592888884,0.3335082567045472,0.3335082567045472,0.3277782887136251,0.20530117041967488,0.20530117041967488,0.20980919363926984,0.12820708628487232,0.12820708628487232,0.11796909507435524
EleutherAI/pythia-1.4b,2,3,0.002458707554133799,0.003905288816437036,0.0031819981852854173,0.4825767697242856,0.4825767697242856,0.4957001030099301,0.17513343566392403,0.17513343566392403,0.17076876701994084,0.30744333406036156,0.30744333406036156,0.32493133598998925
EleutherAI/pythia-1.4b,2,4,0.0048119252122296174,0.003527543676181022,0.00416973444420532,0.2171229310309953,0.2171229310309953,0.2272765281153997,0.22005841308926993,0.22005841308926993,0.23115652589491742,-0.0029354820582746244,-0.0029354820582746244,-0.0038799977795177243
EleutherAI/pythia-1.4b,2,5,0.000573826587106474,0.0030983752153050936,0.0018361009012057838,0.48870473991065216,0.48870473991065216,0.4900682781763767,0.19779483343954798,0.19779483343954798,0.19788595204731182,0.29090990647110415,0.29090990647110415,0.2921823261290649
EleutherAI/pythia-1.4b,2,6,-0.004278468334768526,-0.004199651282603245,-0.0042390598086858855,0.6350926436535365,0.6350926436535365,0.6368896489162924,0.16859351793835492,0.16859351793835492,0.17340384320215432,0.46649912571518154,0.46649912571518154,0.4634858057141381
EleutherAI/pythia-1.4b,2,7,0.0056851604792078625,0.003863237035556022,0.004774198757381942,0.25506311197071185,0.25506311197071185,0.23240616851730794,0.1663161099015402,0.1663161099015402,0.16325271519413823,0.08874700206917166,0.08874700206917166,0.06915345332316972
EleutherAI/pythia-1.4b,2,8,-0.00012639563853333868,0.003711370032603245,0.0017924871970349532,0.3454265334072605,0.3454265334072605,0.3354985204334341,0.21600205475094056,0.21600205475094056,0.21850243984528353,0.12942447865631992,0.12942447865631992,0.11699608058815056
EleutherAI/pythia-1.4b,2,9,-0.03401172067236713,-0.03609580693282455,-0.03505376380259584,0.4110174941167251,0.4110174941167251,0.4294628115278717,0.2093779128546131,0.2093779128546131,0.21288406939327895,0.201639581262112,0.201639581262112,0.21657874213459274
EleutherAI/pythia-1.4b,2,10,0.004791019469734259,0.004338061715674524,0.004564540592704391,0.4406180861430234,0.4406180861430234,0.44945295269942614,0.16673443163331536,0.16673443163331536,0.17037715779693238,0.27388365450970803,0.27388365450970803,0.2790757949024938
EleutherAI/pythia-1.4b,2,11,0.0034208523006888925,0.0024060827540601792,0.002913467527374536,0.5513780470304425,0.5513780470304425,0.5619868737585385,0.2040492707854169,0.2040492707854169,0.20564084068738422,0.34732877624502556,0.34732877624502556,0.3563460330711543
EleutherAI/pythia-1.4b,2,12,0.0021071546659694462,0.0030008150836615677,0.002553984874815507,0.39248881661366947,0.39248881661366947,0.3812072171946776,0.16810233099834757,0.16810233099834757,0.17669074786979364,0.2243864856153219,0.2243864856153219,0.20451646932488396
EleutherAI/pythia-1.4b,2,13,0.0031156765194388925,0.002898208738312036,0.003006942628875464,0.31073367385166833,0.31073367385166833,0.3043320751933313,0.17098760436579857,0.17098760436579857,0.16742813661509118,0.13974606948586976,0.13974606948586976,0.1369039385782401
EleutherAI/pythia-1.4b,2,14,6.41590028296335e-05,0.002308522622416209,0.0011863408126229213,0.41949516733562114,0.41949516733562114,0.4278868917104831,0.18212250115255474,0.18212250115255474,0.18328187825335854,0.2373726661830664,0.2373726661830664,0.24460501345712457
EleutherAI/pythia-1.4b,2,15,0.010998102623646755,0.006987564207062036,0.008992833415354395,0.42748118310097255,0.42748118310097255,0.4269883806454467,0.19247133104195613,0.19247133104195613,0.1971179057451067,0.23500985205901642,0.23500985205901642,0.22987047490034
EleutherAI/pythia-1.4b,3,0,4.9981545275912254e-05,0.000848484790231474,0.00044923316775369315,0.34333037415364304,0.34333037415364304,0.3595007368540813,0.2863879929433315,0.2863879929433315,0.29462036655456364,0.05694238121031153,0.05694238121031153,0.06488037029951765
EleutherAI/pythia-1.4b,3,1,0.0036469707338828705,0.0005320151021162012,0.002089492917999536,0.32528074138389634,0.32528074138389634,0.29676218417043354,0.11650993900209468,0.11650993900209468,0.11347397367310046,0.20877080238180168,0.20877080238180168,0.18328821049733307
EleutherAI/pythia-1.4b,3,2,0.005317748062254157,0.003935806394562036,0.004626777228408097,0.3094118984989106,0.3094118984989106,0.2913921754633821,0.1648114262371299,0.1648114262371299,0.1706670332757154,0.1446004722617807,0.1446004722617807,0.1207251421876667
EleutherAI/pythia-1.4b,3,3,0.0017774687038634163,-0.0008004256120814901,0.0004885215458909631,0.3292273833375803,0.3292273833375803,0.331647788488833,0.11431646425494113,0.11431646425494113,0.11698750154254248,0.21491091908263915,0.21491091908263915,0.2146602869462905
EleutherAI/pythia-1.4b,3,4,0.002189816452387028,0.0024188184362698983,0.002304317444328463,0.35430740743459405,0.35430740743459405,0.35805451415230855,0.20855547819789846,0.20855547819789846,0.214239098611006,0.14575192923669558,0.14575192923669558,0.14381541554130253
EleutherAI/pythia-1.4b,3,5,0.003521776574803237,0.002093938391978245,0.002807857483390741,0.41220172067232136,0.41220172067232136,0.4042345653634355,0.11937450656732763,0.11937450656732763,0.1138835060282004,0.29282721410499374,0.29282721410499374,0.2903510593352351
EleutherAI/pythia-1.4b,3,6,0.006285659910187036,0.004388283556840733,0.005336971733513884,0.37595649175401324,0.37595649175401324,0.4155190034068334,0.2528070027730387,0.2528070027730387,0.2539830959558655,0.12314948898097455,0.12314948898097455,0.1615359074509679
EleutherAI/pythia-1.4b,3,7,-0.0009393166369338068,0.000500296044537496,-0.00021951029619815543,0.3887996189092258,0.3887996189092258,0.3807757265235899,0.22413246404187248,0.22413246404187248,0.21823219437220767,0.16466715486735334,0.16466715486735334,0.1625435321513822
EleutherAI/pythia-1.4b,3,8,-0.0034890963336611236,-0.0013663224347930658,-0.0024277093842270947,0.43798766845970466,0.43798766845970466,0.4381760668986897,0.13012622046068012,0.13012622046068012,0.13625158119833894,0.30786144799902454,0.30786144799902454,0.3019244857003508
EleutherAI/pythia-1.4b,3,9,0.00205068513164397,0.0028090589628444462,0.002429872047244208,0.3858464869879084,0.3858464869879084,0.3880117752328028,0.1631768741474496,0.1631768741474496,0.15915458622459114,0.2226696128404588,0.2226696128404588,0.22885718900821164
EleutherAI/pythia-1.4b,3,10,0.006024458276943978,0.004003329539862488,0.005013893908403233,0.43342167892789557,0.43342167892789557,0.43984755208841636,0.17421577850403436,0.17421577850403436,0.18023309291403197,0.2592059004238612,0.2592059004238612,0.2596144591743844
EleutherAI/pythia-1.4b,3,11,0.0037995586245078705,0.004792941836860187,0.004296250230684029,0.6814745401939071,0.6814745401939071,0.6941208510778686,0.20081740846441934,0.20081740846441934,0.19008232836391542,0.48065713172948776,0.48065713172948776,0.5040385227139532
EleutherAI/pythia-1.4b,3,12,0.0031959353469490637,0.006257785586860187,0.0047268604669046255,0.4963521410854613,0.4963521410854613,0.48487695722127766,0.16518626646584236,0.16518626646584236,0.1701104533334729,0.3311658746196189,0.3311658746196189,0.31476650388780475
EleutherAI/pythia-1.4b,3,13,0.0011327548289861156,-0.0018654169998768566,-0.0003663310854453705,0.1875006352924381,0.1875006352924381,0.19134751559986435,0.17001395245058826,0.17001395245058826,0.178597230662459,0.017486682841849843,0.017486682841849843,0.012750284937405348
EleutherAI/pythia-1.4b,3,14,0.00047073964997546014,0.0028412586122046335,0.0016559991310900468,0.3075809546857464,0.3075809546857464,0.29579983422899847,0.22581101988457453,0.22581101988457453,0.22201021361670642,0.0817699348011719,0.0817699348011719,0.07378962061229205
EleutherAI/pythia-1.4b,3,15,-0.00019271730437964152,0.0005719042199805457,0.00018959345780045211,0.335812568255022,0.335812568255022,0.33334758345969256,0.13157787841168472,0.13157787841168472,0.12884287212514264,0.20423468984333726,0.20423468984333726,0.20450471133454992
EleutherAI/pythia-1.4b,4,0,-0.0016772653174212948,0.0004551204170768486,-0.0006110724501722231,0.29402678970867385,0.29402678970867385,0.2749698734923039,0.18694924665534182,0.18694924665534182,0.18504377520420845,0.10707754305333203,0.10707754305333203,0.08992609828809545
EleutherAI/pythia-1.4b,4,1,-0.0008811650313731434,0.0022431621401328705,0.0006809985543798636,-0.02774177181276903,-0.02774177181276903,-0.05114547608451448,0.044403632157619846,0.044403632157619846,0.027964022679376414,-0.07214540397038888,-0.07214540397038888,-0.0791094987638909
EleutherAI/pythia-1.4b,4,2,0.0037490964874509203,0.0021768404742865677,0.002962968480868744,0.3229971449032875,0.3229971449032875,0.3265195560019847,0.17845559248141452,0.17845559248141452,0.1826620864263804,0.144541552421873,0.144541552421873,0.14385746957560427
EleutherAI/pythia-1.4b,4,3,0.0012545848455953745,0.0005817563515009283,0.0009181705985481514,0.30638402902154416,0.30638402902154416,0.2962194857286203,0.20334005352746393,0.20334005352746393,0.21546078321863765,0.10304397549408023,0.10304397549408023,0.08075870250998263
EleutherAI/pythia-1.4b,4,4,0.005861297367125928,0.007862000953493986,0.006861649160309957,0.6690587587309699,0.6690587587309699,0.6725783060450569,0.18654592981886073,0.18654592981886073,0.19636097563889912,0.4825128289121091,0.4825128289121091,0.47621733040615777
EleutherAI/pythia-1.4b,4,5,0.005952129213828705,0.006486547274852317,0.006219338244340511,0.09209310135108396,0.09209310135108396,0.05567515835349423,0.03529239078418718,0.03529239078418718,0.01196546789484044,0.056800710566896784,0.056800710566896784,0.04370969045865379
EleutherAI/pythia-1.4b,4,6,0.001208928626353245,0.0009991503137305457,0.0011040394700418954,0.3245834660303917,0.3245834660303917,0.32958601150278444,0.17233618750046165,0.17233618750046165,0.18522837410431403,0.15224727852993003,0.15224727852993003,0.1443576373984704
EleutherAI/pythia-1.4b,4,7,-0.0008400744340550936,0.0006144365926425976,-0.000112818920706248,0.4267188484092597,0.4267188484092597,0.43771844300743856,0.220529315609614,0.220529315609614,0.2181792125988171,0.20618953279964572,0.20618953279964572,0.21953923040862147
EleutherAI/pythia-1.4b,4,8,0.0003032534141240717,0.002141036386565265,0.0012221449003446683,0.045523011550208714,0.045523011550208714,0.04546341693507659,0.06381734020724288,0.06381734020724288,0.069270732265136,-0.018294328657034162,-0.018294328657034162,-0.023807315330059406
EleutherAI/pythia-1.4b,4,9,0.0009941041000245399,0.0016323299858513884,0.0013132170429379642,0.2970266202360717,0.2970266202360717,0.3003991215673666,0.21648171950121786,0.21648171950121786,0.22671759277086745,0.08054490073485382,0.08054490073485382,0.07368152879649914
EleutherAI/pythia-1.4b,4,10,0.0017097052626722231,0.0007602961983268486,0.0012350007304995358,0.27237513312164935,0.27237513312164935,0.2430046909393828,0.18743248518434283,0.18743248518434283,0.17801605858319075,0.08494264793730652,0.08494264793730652,0.06498863235619204
EleutherAI/pythia-1.4b,4,11,0.008732352669783783,0.002307801734743986,0.005520077202263884,0.3598186608013583,0.3598186608013583,0.3633796619292047,0.22482051010022794,0.22482051010022794,0.21760297519784674,0.1349981507011304,0.1349981507011304,0.14577668673135794
EleutherAI/pythia-1.4b,4,12,-0.0007634200449064821,0.0017469511257384163,0.0004917655404159671,0.05042130200734133,0.05042130200734133,0.04173739334185405,0.09351192978203031,0.09351192978203031,0.08541443103096062,-0.04309062777468898,-0.04309062777468898,-0.04367703768910657
EleutherAI/pythia-1.4b,4,13,-0.0015241968350148127,0.00024822565514259765,-0.0006379855899361075,0.40142482683039293,0.40142482683039293,0.3836833267990381,0.19220843138849183,0.19220843138849183,0.17970740507860183,0.2092163954419011,0.2092163954419011,0.20397592172043627
EleutherAI/pythia-1.4b,4,14,0.0019370251753199064,0.002722792738066193,0.0023299089566930498,0.29458378747524583,0.29458378747524583,0.29377645713789097,0.1704797266599015,0.1704797266599015,0.17416369668792933,0.12410406081534434,0.12410406081534434,0.11961276044996164
EleutherAI/pythia-1.4b,4,15,0.008976252998893042,0.008983461875615273,0.008979857437254157,0.4116278512556379,0.4116278512556379,0.4157217679062664,0.12894626773044093,0.12894626773044093,0.12340504373173734,0.28268158352519696,0.28268158352519696,0.2923167241745291
EleutherAI/pythia-1.4b,5,0,1.0813315083790798e-05,0.00041306863619583467,0.00021194097563981273,0.40218442976376223,0.40218442976376223,0.40043872567351235,0.12354447416404632,0.12354447416404632,0.12387631993014232,0.2786399555997159,0.2786399555997159,0.27656240574337004
EleutherAI/pythia-1.4b,5,1,0.008042463167445835,0.005809874046506014,0.006926168606975924,0.3372414912929052,0.3372414912929052,0.31596363887400175,0.19375947013080747,0.19375947013080747,0.19551805478071926,0.14348202116209774,0.14348202116209774,0.12044558409328249
EleutherAI/pythia-1.4b,5,2,-0.0009688730314958427,0.0018101489450050856,0.00042063795675462146,0.3746942186568178,0.3746942186568178,0.3786885046230004,0.2669504881372682,0.2669504881372682,0.27119804045006585,0.10774373051954961,0.10774373051954961,0.10749046417293456
EleutherAI/pythia-1.4b,5,3,-0.0003921628937004762,0.0012985589936023167,0.0004531980499509203,0.35111694792839276,0.35111694792839276,0.3593998544766086,0.12943041291526342,0.12943041291526342,0.12654300786861078,0.22168653501312935,0.22168653501312935,0.23285684660799782
EleutherAI/pythia-1.4b,5,4,0.001483586829478245,0.000878762072465733,0.001181174450971989,0.02353228752716623,0.02353228752716623,0.017340691244441594,0.051541367805973674,0.051541367805973674,0.05540029236534234,-0.028009080278807445,-0.028009080278807445,-0.038059601120900746
EleutherAI/pythia-1.4b,5,5,0.002722552442175452,0.0024428480253444462,0.002582700233759949,0.4201863722448438,0.4201863722448438,0.4327798286251454,0.41067133619556867,0.41067133619556867,0.4179153539896686,0.009515036049275116,0.009515036049275116,0.014864474635476799
EleutherAI/pythia-1.4b,5,6,0.00211172028789397,0.0015869140625,0.001849317175196985,0.29555612915492263,0.29555612915492263,0.28313090608830627,0.1478271463938005,0.1478271463938005,0.15526957232311664,0.14772898276112212,0.14772898276112212,0.12786133376518963
EleutherAI/pythia-1.4b,5,7,0.0012478565606546255,0.0012966366264763884,0.001272246593565507,0.4022572872602689,0.4022572872602689,0.3814062807334672,0.17628544895801068,0.17628544895801068,0.1709250171178284,0.2259718383022582,0.2259718383022582,0.21048126361563882
EleutherAI/pythia-1.4b,5,8,0.001935343104084719,0.00034242164431619315,0.0011388823742004561,0.34725739841555125,0.34725739841555125,0.35246435451257796,0.3604904430316754,0.3604904430316754,0.3641539554999785,-0.013233044616124123,-0.013233044616124123,-0.011689600987400517
EleutherAI/pythia-1.4b,5,9,0.0007578932394194382,0.00016604446050694222,0.0004619688499631902,0.24037136277679458,0.24037136277679458,0.21501703339570147,0.09989706671473052,0.09989706671473052,0.09358255884837659,0.14047429606206407,0.14047429606206407,0.12143447454732488
EleutherAI/pythia-1.4b,5,10,-0.0006355826310282531,-0.0007763960230069422,-0.0007059893270175976,0.35716265588287993,0.35716265588287993,0.34988786432220903,0.1956958251742231,0.1956958251742231,0.21164387058099762,0.16146683070865683,0.16146683070865683,0.1382439937412114
EleutherAI/pythia-1.4b,5,11,0.0032958984375,0.0059107983206203585,0.004603348379060179,0.5510530008520339,0.5510530008520339,0.5569982444848013,0.3447516072486705,0.3447516072486705,0.35190370793681425,0.20630139360336341,0.20630139360336341,0.20509453654798704
EleutherAI/pythia-1.4b,5,12,-0.002679058885949548,0.0010510542261319422,-0.0008140023299088028,0.757714294654539,0.757714294654539,0.7682949171199495,0.1380080726255564,0.1380080726255564,0.1468756256648431,0.6197062220289826,0.6197062220289826,0.6214192914551063
EleutherAI/pythia-1.4b,5,13,0.0061734417292078625,0.007530152328371287,0.006851797028789575,0.37297986273410144,0.37297986273410144,0.3813992717887876,0.24821313917104942,0.24821313917104942,0.2663128402980829,0.12476672356305202,0.12476672356305202,0.11508643149070469
EleutherAI/pythia-1.4b,5,14,0.0011301115741879642,0.0038283941313976833,0.0024792528527928237,0.2440817028053448,0.2440817028053448,0.23916085175886165,0.20849823319501795,0.20849823319501795,0.19244558071035656,0.03558346961032685,0.03558346961032685,0.04671527104850509
EleutherAI/pythia-1.4b,5,15,0.002955158864419438,0.004478634811762028,0.003716896838090733,0.3933045833855359,0.3933045833855359,0.401450357091197,0.28642593647325404,0.28642593647325404,0.29851134870116547,0.10687864691228188,0.10687864691228188,0.1029390083900315
EleutherAI/pythia-1.4b,6,0,0.0009912205493356474,0.0033605380321111156,0.0021758792907233815,0.2483936905018231,0.2483936905018231,0.21913852498504563,0.138774154298114,0.138774154298114,0.11575877684272294,0.10961953620370912,0.10961953620370912,0.10337974814232269
EleutherAI/pythia-1.4b,6,1,0.0031022199495573943,9.7319835753229e-05,0.0015997698926553117,0.274210457691829,0.274210457691829,0.24446469158164197,0.14967669338794373,0.14967669338794373,0.13280559356816926,0.12453376430388527,0.12453376430388527,0.11165909801347271
EleutherAI/pythia-1.4b,6,2,-0.0002518300935037132,0.00046184870201759765,0.00010500930425694222,0.3885602837452806,0.3885602837452806,0.3863244390082744,0.1252380145833042,0.1252380145833042,0.12224409542173051,0.26332226916197643,0.26332226916197643,0.26408034358654386
EleutherAI/pythia-1.4b,6,3,0.008520651990034711,0.008316640778789353,0.008418646384412032,0.3766556966988932,0.3766556966988932,0.39993892368426076,0.20229804150171757,0.20229804150171757,0.20608838090317555,0.17435765519717564,0.17435765519717564,0.1938505427810852
EleutherAI/pythia-1.4b,6,4,-0.001238965612696763,0.0022136057455708347,0.00048732006643703585,0.41155779580657953,0.41155779580657953,0.4360452249495003,0.13041512952554332,0.13041512952554332,0.12876473322393212,0.28114266628103624,0.28114266628103624,0.3072804917255682
EleutherAI/pythia-1.4b,6,5,0.0015573576679379642,0.004509873277559251,0.0030336154727486075,0.3780329896282287,0.3780329896282287,0.36968601482569613,0.3002099110788721,0.3002099110788721,0.31383116061760763,0.07782307854935655,0.07782307854935655,0.0558548542080885
EleutherAI/pythia-1.4b,6,6,0.004592294768085647,0.00775146484375,0.006171879805917824,0.4232806480497205,0.4232806480497205,0.403275908183271,0.24714963824305153,0.24714963824305153,0.2433440439330455,0.17613100980666896,0.17613100980666896,0.15993186425022551
EleutherAI/pythia-1.4b,6,7,-0.00021290215920277689,0.001256507212721747,0.000521802526759485,0.2553481724805287,0.2553481724805287,0.2370132826832277,0.10818125727196884,0.10818125727196884,0.09276489870212554,0.14716691520855987,0.14716691520855987,0.14424838398110215
EleutherAI/pythia-1.4b,6,8,0.001953365295890741,0.00035828117310554575,0.0011558232344981434,0.21982335414283866,0.21982335414283866,0.1871533844842676,0.1573993493183136,0.1573993493183136,0.15177580634163917,0.062424004824525064,0.062424004824525064,0.03537757814262843
EleutherAI/pythia-1.4b,6,9,0.00018598901943889246,0.002197746216781482,0.0011918676181101873,0.3815338426353644,0.3815338426353644,0.39426060050079725,0.24388159503678433,0.24388159503678433,0.254513856132671,0.13765224759858005,0.13765224759858005,0.13974674436812623
EleutherAI/pythia-1.4b,6,10,0.0035422017255166693,-7.665438914861156e-05,0.001732773668184029,0.3951063992878524,0.3951063992878524,0.3942318033633763,0.242033319123332,0.242033319123332,0.2513527052600976,0.1530730801645204,0.1530730801645204,0.1428790981032787
EleutherAI/pythia-1.4b,6,11,-0.0006478377214564901,0.0007915346641240717,7.18484713337908e-05,0.4451075639708506,0.4451075639708506,0.44226527814071875,0.15053436895672398,0.15053436895672398,0.1471110210823815,0.2945731950141266,0.2945731950141266,0.29515425705833725
EleutherAI/pythia-1.4b,6,12,0.0029376172643948983,0.00637577086921759,0.004656694066806244,0.5801399140605851,0.5801399140605851,0.5898055612552834,0.27667534373645464,0.27667534373645464,0.2916216039315273,0.30346457032413043,0.30346457032413043,0.2981839573237561
EleutherAI/pythia-1.4b,6,13,0.0018586887149361075,0.0032749926950050856,0.0025668407049705966,0.38146801927773794,0.38146801927773794,0.3704669470813694,0.22781000080396738,0.22781000080396738,0.22563512527324806,0.15365801847377056,0.15365801847377056,0.14483182180812135
EleutherAI/pythia-1.4b,6,14,0.0004137895238680578,0.0006295752337597271,0.0005216823788138925,0.2546939189429273,0.2546939189429273,0.2515481492910685,0.18067990471952577,0.18067990471952577,0.18789336390235675,0.07401401422340154,0.07401401422340154,0.06365478538871175
EleutherAI/pythia-1.4b,6,15,0.0026079313022884243,0.002934733713706006,0.002771332507997215,0.24615740155861462,0.24615740155861462,0.2347459828873117,0.09198940930731468,0.09198940930731468,0.08298796153159434,0.15416799225129996,0.15416799225129996,0.15175802135571737
EleutherAI/pythia-1.4b,7,0,0.0016549177995819342,0.0009912205493356474,0.0013230691744587908,0.3026364984860115,0.3026364984860115,0.30427293608464623,0.23737121564453473,0.23737121564453473,0.24756831937437626,0.06526528284147676,0.06526528284147676,0.05670461671026997
EleutherAI/pythia-1.4b,7,1,0.003661148191437036,0.0034153254952018486,0.003538236843319442,0.6112218981680048,0.6112218981680048,0.6124897728650583,0.22517884411330683,0.22517884411330683,0.2093417948159744,0.38604305405469796,0.38604305405469796,0.403147978049084
EleutherAI/pythia-1.4b,7,2,0.0018971360574560059,0.0017366184024361075,0.0018168772299460567,0.45988634816022234,0.45988634816022234,0.4770886315747316,0.21937575521617939,0.21937575521617939,0.2126271908388556,0.24051059294404295,0.24051059294404295,0.26446144073587596
EleutherAI/pythia-1.4b,7,3,-0.001842588890256014,0.00035948265255925094,-0.0007415531188483815,0.16689005252621336,0.16689005252621336,0.17309904696546835,0.17790679477282334,0.17790679477282334,0.182023730194531,-0.011016742246609978,-0.011016742246609978,-0.008924683229062647
EleutherAI/pythia-1.4b,7,4,0.00671146422859259,0.005972794660433323,0.006342129444512956,0.33380132328600876,0.33380132328600876,0.332742122646946,0.21970907080119434,0.21970907080119434,0.2281558826966212,0.11409225248481442,0.11409225248481442,0.10458623995032482
EleutherAI/pythia-1.4b,7,5,0.00015042522760833066,0.0024152139979083387,0.0012828196127583347,0.4699121240211652,0.4699121240211652,0.4748277556437664,0.18961943482228824,0.18961943482228824,0.188553387432088,0.28029268919887695,0.28029268919887695,0.2862743682116784
EleutherAI/pythia-1.4b,7,6,0.0026084118940699064,0.0018656572957675976,0.002237034594918752,0.35457192342165206,0.35457192342165206,0.37303133325620036,0.28582581241064653,0.28582581241064653,0.3039782274978563,0.06874611101100553,0.06874611101100553,0.06905310575834406
EleutherAI/pythia-1.4b,7,7,0.0008078747846949064,0.0015061746432087908,0.0011570247139518486,0.26729158387378427,0.26729158387378427,0.29156275148699834,0.1719864396195612,0.1719864396195612,0.18345797885727755,0.09530514425422307,0.09530514425422307,0.10810477262972079
EleutherAI/pythia-1.4b,7,8,0.0012476162647638844,0.00222081462229351,0.0017342154435286972,0.6833940160153232,0.6833940160153232,0.673064668622857,0.1642834954568499,0.1642834954568499,0.1630700427037292,0.5191105205584734,0.5191105205584734,0.5099946259191277
EleutherAI/pythia-1.4b,7,9,-1.77818959152809e-05,0.0002592792661171295,0.00012074868510092429,0.28828683361724133,0.28828683361724133,0.2703012842845874,0.22135135401655978,0.22135135401655978,0.21010183940622723,0.06693547960068155,0.06693547960068155,0.06019944487836015
EleutherAI/pythia-1.4b,7,10,0.0011265071358268486,0.0011241041769194382,0.0011253056563731434,0.22215508527109504,0.22215508527109504,0.2289375746954298,0.16410128206724928,0.16410128206724928,0.16581859410056438,0.05805380320384576,0.05805380320384576,0.06311898059486543
EleutherAI/pythia-1.4b,7,11,0.0011704812838337908,0.0009220153328004521,0.0010462483083171215,0.3988863547440557,0.3988863547440557,0.40828456487691966,0.21985797103454968,0.21985797103454968,0.21843840216516533,0.17902838370950602,0.17902838370950602,0.18984616271175433
EleutherAI/pythia-1.4b,7,12,-0.001044085645300008,0.002568763072096747,0.0007623387133983694,0.34517407803136524,0.34517407803136524,0.3653194148723061,0.2530646449830296,0.2530646449830296,0.2715908354030681,0.09210943304833563,0.09210943304833563,0.09372857946923802
EleutherAI/pythia-1.4b,7,13,-2.835491510833066e-05,0.0018608513779527769,0.0009162482314222231,0.30447132878097055,0.30447132878097055,0.2970551591474723,0.3020274759409686,0.3020274759409686,0.3029547700555589,0.0024438528400019255,0.0024438528400019255,-0.00589961090808655
EleutherAI/pythia-1.4b,7,14,-0.0007639006366879642,0.001098392516609259,0.0001672459399606474,0.281480582687515,0.281480582687515,0.26922316052152667,0.11506228515824675,0.11506228515824675,0.10192736884557313,0.1664182975292683,0.1664182975292683,0.16729579167595354
EleutherAI/pythia-1.4b,7,15,3.195935346944623e-05,-0.0014931986651083307,-0.0007306196558194422,0.4390465347027861,0.4390465347027861,0.45163999159250506,0.26119120733348045,0.26119120733348045,0.27795811890746336,0.17785532736930565,0.17785532736930565,0.1736818726850417
EleutherAI/pythia-1.4b,8,0,-0.0014494648129921295,-0.0026230699434055538,-0.0020362673781988416,0.7848372233188349,0.7848372233188349,0.7854652319426142,0.15601445411810777,0.15601445411810777,0.16204422261916343,0.6288227692007271,0.6288227692007271,0.6234210093234508
EleutherAI/pythia-1.4b,8,1,0.000995545875368986,0.003778172290231474,0.00238685908280023,0.6675449051805102,0.6675449051805102,0.6713701037215215,0.23043304565482495,0.23043304565482495,0.2391002956316919,0.4371118595256853,0.4371118595256853,0.4322698080898296
EleutherAI/pythia-1.4b,8,2,0.0006062665323574024,0.0012077271468995399,0.0009069968396284711,0.3685838178592198,0.3685838178592198,0.365698772055679,0.1596013563483759,0.1596013563483759,0.17038306741989342,0.20898246151084388,0.20898246151084388,0.1953157046357856
EleutherAI/pythia-1.4b,8,3,0.002916951817790281,0.004804476039616201,0.003860713928703241,0.4213670426835574,0.4213670426835574,0.4283349938370921,0.2979677111115854,0.2979677111115854,0.3074571587382929,0.12339933157197203,0.12339933157197203,0.12087783509879924
EleutherAI/pythia-1.4b,8,4,0.006850595549335647,0.009768748846579633,0.00830967219795764,0.40313776294961706,0.40313776294961706,0.40063717460542125,0.14059981567281757,0.14059981567281757,0.1412809257916716,0.26253794727679947,0.26253794727679947,0.25935624881374963
EleutherAI/pythia-1.4b,8,5,-0.0008900559793305618,0.006795327494463876,0.0029526357575666573,0.7194797558752145,0.7194797558752145,0.7241855003921669,0.23283492400851244,0.23283492400851244,0.2378476956451682,0.48664483186670204,0.48664483186670204,0.4863378047469987
EleutherAI/pythia-1.4b,8,6,0.002111479992003229,0.0037933109313486035,0.0029523954616759163,0.27230161778535833,0.27230161778535833,0.26888085299154363,0.20468869302788167,0.20468869302788167,0.2164314150540297,0.06761292475747666,0.06761292475747666,0.052449437937513915
EleutherAI/pythia-1.4b,8,7,0.008083794060654625,0.004335178164985187,0.006209486112819906,0.5000858353411937,0.5000858353411937,0.4961111091488276,0.2728820724403679,0.2728820724403679,0.2877539130015145,0.22720376290082578,0.22720376290082578,0.20835719614731313
EleutherAI/pythia-1.4b,8,8,0.003430464136318978,0.002257820189468518,0.002844142162893748,0.3521284330581693,0.3521284330581693,0.33071635114513304,0.18313673421445809,0.18313673421445809,0.18843149874920692,0.16899169884371124,0.16899169884371124,0.14228485239592611
EleutherAI/pythia-1.4b,8,9,-0.0010616272453245479,-0.0008112389271652809,-0.0009364330862449144,0.35149989842116836,0.35149989842116836,0.344625350021355,0.2666550931587357,0.2666550931587357,0.2736686893875689,0.08484480526243265,0.08484480526243265,0.07095666063378614
EleutherAI/pythia-1.4b,8,10,-0.0006968580831689941,0.002856156957431022,0.001079649437131014,0.24187964255069647,0.24187964255069647,0.23623513012291986,0.21813742624779364,0.21813742624779364,0.23115151320254723,0.023742216302902824,0.023742216302902824,0.0050836169203726245
EleutherAI/pythia-1.4b,8,11,0.001061386949434251,-0.00018382635642222311,0.0004387802965060139,0.36700200721109316,0.36700200721109316,0.3599940027635007,0.17458213590663488,0.17458213590663488,0.1860183103769064,0.19241987130445828,0.19241987130445828,0.1739756923865943
EleutherAI/pythia-1.4b,8,12,0.003589540015993986,0.005041888379675452,0.004315714197834719,0.41924882027557947,0.41924882027557947,0.4158470782956502,0.13886843863515091,0.13886843863515091,0.14645830696647283,0.28038038164042856,0.28038038164042856,0.2693887713291774
EleutherAI/pythia-1.4b,8,13,0.0006341408556842509,-0.0005195197157972231,5.731056994351391e-05,0.2642976730260565,0.2642976730260565,0.2561025608609299,0.14812463161602707,0.14812463161602707,0.15106237151911817,0.11617304141002943,0.11617304141002943,0.10504018934181175
EleutherAI/pythia-1.4b,8,14,0.0008617010642226752,0.0024442898006888925,0.0016529954324557838,0.40584082676023386,0.40584082676023386,0.4044983307050972,0.23096222238706735,0.23096222238706735,0.23632006370523304,0.17487860437316652,0.17487860437316652,0.16817826699986418
EleutherAI/pythia-1.4b,8,15,2.475047674721509e-05,-0.00046641432394167737,-0.00022083192359723114,0.2701580450843381,0.2701580450843381,0.24704939784304963,0.12362809575287524,0.12362809575287524,0.11447673730485552,0.14652994933146285,0.14652994933146285,0.1325726605381941
EleutherAI/pythia-1.4b,9,0,0.0005726251076527689,0.002874900036909711,0.00172376257228124,0.575277137648672,0.575277137648672,0.576297436424212,0.2844192671561922,0.2844192671561922,0.28948987003720206,0.29085787049247985,0.29085787049247985,0.28680756638701
EleutherAI/pythia-1.4b,9,1,0.002067746139887028,0.0010568213275097271,0.0015622837336983775,0.40658231122090654,0.40658231122090654,0.42795314110785904,0.24725352004915122,0.24725352004915122,0.2577966196124724,0.15932879117175533,0.15932879117175533,0.17015652149538663
EleutherAI/pythia-1.4b,9,2,0.0015727366049458347,0.004169614296259727,0.002871175450602781,0.3269365959401662,0.3269365959401662,0.32307232605687497,0.1816784981654848,0.1816784981654848,0.17850520264584865,0.14525809777468143,0.14525809777468143,0.14456712341102632
EleutherAI/pythia-1.4b,9,3,0.0011428472563976833,0.004314272422490273,0.002728559839443978,0.4946849610034663,0.4946849610034663,0.5002219835075703,0.3218240420655447,0.3218240420655447,0.3378756746394718,0.1728609189379216,0.1728609189379216,0.16234630886809848
EleutherAI/pythia-1.4b,9,4,0.0003090205155018566,0.0006903700941189861,0.0004996953048104213,0.39005927376659766,0.39005927376659766,0.3713790311665678,0.22276999586257784,0.22276999586257784,0.23315507986861722,0.16728927790401982,0.16728927790401982,0.13822395129795056
EleutherAI/pythia-1.4b,9,5,0.0008126807025097271,0.00226430817851897,0.0015384944405143486,0.501757149195299,0.501757149195299,0.5045679893146873,0.25408972942307206,0.25408972942307206,0.26266007033583677,0.24766741977222695,0.24766741977222695,0.2419079189788505
EleutherAI/pythia-1.4b,9,6,0.002508689099409711,0.003167820727731474,0.0028382549135705926,0.4138082382600059,0.4138082382600059,0.40922608773071334,0.33592097008165933,0.33592097008165933,0.3363807938804384,0.07788726817834657,0.07788726817834657,0.07284529385027494
EleutherAI/pythia-1.4b,9,7,0.0037373219888041653,0.006140761488066193,0.004939041738435179,0.40329166695454927,0.40329166695454927,0.4270611609811345,0.14434571043665212,0.14434571043665212,0.13982733052955795,0.25894595651789715,0.25894595651789715,0.2872338304515766
EleutherAI/pythia-1.4b,9,8,-0.0012428103469486196,-0.0004512756828245479,-0.0008470430148865837,0.3282803499371061,0.3282803499371061,0.3544047660316496,0.17353835730701667,0.17353835730701667,0.1869833697179609,0.15474199263008942,0.15474199263008942,0.16742139631368871
EleutherAI/pythia-1.4b,9,9,0.0015345295583171215,0.001665731114665281,0.0016001303364912012,0.36842266087971554,0.36842266087971554,0.39452378765195245,0.33600609112786123,0.33600609112786123,0.36182678512969146,0.03241656975185431,0.03241656975185431,0.03269700252226099
EleutherAI/pythia-1.4b,9,10,0.002696840781865273,0.0026266743817666693,0.002661757581815971,0.2647326155835466,0.2647326155835466,0.27092848861208385,0.2057761825209117,0.2057761825209117,0.2120821334970906,0.0589564330626349,0.0589564330626349,0.058846355114993254
EleutherAI/pythia-1.4b,9,11,0.0012848621278296335,0.002320297121062964,0.0018025796244462988,0.42087946771378154,0.42087946771378154,0.4407334971164826,0.22194844762893307,0.22194844762893307,0.23495863022765653,0.19893102008484848,0.19893102008484848,0.20577486688882604
EleutherAI/pythia-1.4b,9,12,0.0026706485297736116,0.0012014794537402729,0.0019360639917569422,0.23819694476198286,0.23819694476198286,0.2380873064460683,0.18265005373777823,0.18265005373777823,0.19121726244814571,0.055546891024204625,0.055546891024204625,0.04687004399792258
EleutherAI/pythia-1.4b,9,13,0.0007516455462597271,0.000775194543553237,0.0007634200449064821,0.389773606691889,0.389773606691889,0.3944754049717867,0.2637803145884333,0.2637803145884333,0.26977757814177666,0.12599329210345567,0.12599329210345567,0.12469782683001002
EleutherAI/pythia-1.4b,9,14,0.004630742110605546,0.0037805752491388844,0.004205658679872215,0.658171581673412,0.658171581673412,0.6583246358129009,0.24036385079147307,0.24036385079147307,0.2546833350750775,0.417807730881939,0.417807730881939,0.4036413007378234
EleutherAI/pythia-1.4b,9,15,0.002124936561884727,0.004633865957185179,0.003379401259534953,0.3937582969276396,0.3937582969276396,0.396470009686283,0.2673843427865442,0.2673843427865442,0.276614008941267,0.12637395414109537,0.12637395414109537,0.11985600074501601
EleutherAI/pythia-1.4b,10,0,0.0008429579847439861,0.0015919602762060059,0.001217459130474996,0.08401021092812587,0.08401021092812587,0.09889529412661732,0.08231266198911127,0.08231266198911127,0.08156803381591204,0.0016975489390145954,0.0016975489390145954,0.017327260310705278
EleutherAI/pythia-1.4b,10,1,-0.0016373761995569502,0.0025106114665356394,0.00043661763348934457,0.4369572272207304,0.4369572272207304,0.4274700368893985,0.16994046523119702,0.16994046523119702,0.18245200387490348,0.2670167619895334,0.2670167619895334,0.245018033014495
EleutherAI/pythia-1.4b,10,2,-0.00042700579785925896,0.0026756947434796174,0.0011243444728101792,0.40508761144527544,0.40508761144527544,0.4156543340587546,0.11113677815098516,0.11113677815098516,0.11356903252105197,0.2939508332942903,0.2939508332942903,0.30208530153770263
EleutherAI/pythia-1.4b,10,3,0.0018622931532972231,0.0042693370909203665,0.003065815122108795,0.34750345201844784,0.34750345201844784,0.34297158921328347,0.2880111983831197,0.2880111983831197,0.28978694607254923,0.05949225363532812,0.05949225363532812,0.053184643140734233
EleutherAI/pythia-1.4b,10,4,0.0005964144008365757,0.002283772145669438,0.001440093273253007,0.27884086132646696,0.27884086132646696,0.2848450207479191,0.1330546501906169,0.1330546501906169,0.13366389142604243,0.14578621113585005,0.14578621113585005,0.1511811293218767
EleutherAI/pythia-1.4b,10,5,0.00107412263164397,0.0049594668891486116,0.003016794760396291,0.5966315280726752,0.5966315280726752,0.6068345522139071,0.2926317283498506,0.2926317283498506,0.3087027967251704,0.3039997997228246,0.3039997997228246,0.2981317554887367
EleutherAI/pythia-1.4b,10,6,-0.0007353054256888925,-0.00020064706877453986,-0.00046797624723171616,0.3899042256032657,0.3899042256032657,0.395614329077958,0.2659240459693567,0.2659240459693567,0.27691668906553374,0.123980179633909,0.123980179633909,0.11869764001242428
EleutherAI/pythia-1.4b,10,7,-0.0020975428303393606,0.00023500938115184056,-0.00093126672459376,0.34151643956237426,0.34151643956237426,0.3590189764135082,0.16990077072805046,0.16990077072805046,0.180265199375511,0.1716156688343238,0.1716156688343238,0.17875377703799722
EleutherAI/pythia-1.4b,10,8,0.003996601254921295,0.003252164585383799,0.003624382920152547,0.14113318946258047,0.14113318946258047,0.14519425186286233,0.1293679446479899,0.1293679446479899,0.1317298102377968,0.01176524481459057,0.01176524481459057,0.01346444162506552
EleutherAI/pythia-1.4b,10,9,0.0004020150252217469,0.005470095656988416,0.0029360553411050816,0.1617378851348703,0.1617378851348703,0.18070008776424593,0.08802138955369392,0.08802138955369392,0.09983061147411719,0.07371649558117639,0.07371649558117639,0.08086947629012874
EleutherAI/pythia-1.4b,10,10,0.002374844288262956,0.004918376291831006,0.003646610290046981,0.5172527860187812,0.5172527860187812,0.5364467857894121,0.35539769288475254,0.35539769288475254,0.39925762823870037,0.16185509313402868,0.16185509313402868,0.1371891575507117
EleutherAI/pythia-1.4b,10,11,0.00089101716289397,0.0018053430271902648,0.0013481800950421174,0.30598770348731974,0.30598770348731974,0.30498033231627125,0.1615026427265815,0.1615026427265815,0.16471878639984291,0.14448506076073825,0.14448506076073825,0.14026154591642834
EleutherAI/pythia-1.4b,10,12,0.0029642901082680417,0.0018562857560286972,0.0024102879321483694,0.3058721825524103,0.3058721825524103,0.30304319511937294,0.156125465956885,0.156125465956885,0.15826349503226886,0.14974671659552527,0.14974671659552527,0.14477970008710409
EleutherAI/pythia-1.4b,10,13,0.0008559339628444462,0.0018531619094490637,0.001354547936146755,0.389864704086653,0.389864704086653,0.4081608772287686,0.26404446790794694,0.26404446790794694,0.2847080033401614,0.12582023617870608,0.12582023617870608,0.1234528738886072
EleutherAI/pythia-1.4b,10,14,0.0006812388502708266,0.00343551035002454,0.0020583746001476833,0.5478794389555978,0.5478794389555978,0.554801154500616,0.24400118855697928,0.24400118855697928,0.2534314914687633,0.3038782503986185,0.3038782503986185,0.30136966303185264
EleutherAI/pythia-1.4b,10,15,0.004103052334522683,0.005570058747539353,0.004836555541031018,0.3442085504698047,0.3442085504698047,0.345361983118154,0.21784387571486824,0.21784387571486824,0.22440760202775212,0.12636467475493646,0.12636467475493646,0.12095438109040191
EleutherAI/pythia-1.4b,11,0,0.004166971041461576,0.004026878537155554,0.004096924789308565,0.29102407402877173,0.29102407402877173,0.2978742182798433,0.17271448130823386,0.17271448130823386,0.18350468133631262,0.11830959272053787,0.11830959272053787,0.11436953694353066
EleutherAI/pythia-1.4b,11,1,0.005836066298597675,0.0031762310839074104,0.004506148691252543,0.352218404948073,0.352218404948073,0.35560020655723595,0.22583516491048655,0.22583516491048655,0.22824570488052265,0.12638324003758644,0.12638324003758644,0.1273545016767133
EleutherAI/pythia-1.4b,11,2,0.0022676723209893446,0.001672459399606474,0.0019700658602979093,0.9286971446310031,0.9286971446310031,0.9264130118946036,0.1488987862742362,0.1488987862742362,0.15943654574325197,0.7797983583567669,0.7797983583567669,0.7669764661513516
EleutherAI/pythia-1.4b,11,3,0.005280742495078705,0.008225328340305094,0.006753035417691899,0.4536666700628625,0.4536666700628625,0.4904340997424919,0.2900097341508697,0.2900097341508697,0.29894324995890614,0.16365693591199276,0.16365693591199276,0.19149084978358577
EleutherAI/pythia-1.4b,11,4,0.0021746778112698983,0.0018036609559546335,0.001989169383612266,0.48218854636766406,0.48218854636766406,0.47889850159552183,0.22410760680951908,0.22410760680951908,0.22465635689768013,0.258080939558145,0.258080939558145,0.2542421446978417
EleutherAI/pythia-1.4b,11,5,0.0038721279835138844,0.0036846971887305457,0.003778412586122215,0.270596196297934,0.270596196297934,0.2644352072689104,0.2103120032400334,0.2103120032400334,0.2261823708178251,0.060284193057900615,0.060284193057900615,0.03825283645108529
EleutherAI/pythia-1.4b,11,6,0.0006264513871800936,0.0025404081569884163,0.001583429772084255,0.24267815994099776,0.24267815994099776,0.25981499262727037,0.1938742138829216,0.1938742138829216,0.1981611977410531,0.04880394605807617,0.04880394605807617,0.06165379488621728
EleutherAI/pythia-1.4b,11,7,0.0006800373708171215,0.006224624753937036,0.0034523310623770787,0.4080276772253373,0.4080276772253373,0.4143824700148723,0.15635107249928443,0.15635107249928443,0.15587883741178707,0.25167660472605285,0.25167660472605285,0.2585036326030852
EleutherAI/pythia-1.4b,11,8,0.0032819612758365757,0.005707027405265741,0.004494494340551158,0.396149865859187,0.396149865859187,0.3951123408964208,0.35201479360802584,0.35201479360802584,0.3576982800265087,0.044135072251161145,0.044135072251161145,0.03741406086991206
EleutherAI/pythia-1.4b,11,9,0.0021934208907481434,0.0057224063422736116,0.0039579136165108775,0.34246511963547305,0.34246511963547305,0.3516673022764506,0.03318903549651852,0.03318903549651852,0.039773648577995736,0.3092760841389545,0.3092760841389545,0.31189365369845484
EleutherAI/pythia-1.4b,11,10,0.003809651051919438,0.005125511349655554,0.004467581200787496,0.08759689081738915,0.08759689081738915,0.08110564412313051,0.15132845779221926,0.15132845779221926,0.1461854777933106,-0.06373156697483011,-0.06373156697483011,-0.06507983367018008
EleutherAI/pythia-1.4b,11,11,0.009771392101378229,0.0130216343196361,0.011396513210507164,0.6585782766831428,0.6585782766831428,0.6853619922078755,0.2942708316834354,0.2942708316834354,0.31382892536319157,0.36430744499970746,0.36430744499970746,0.37153306684468396
EleutherAI/pythia-1.4b,11,12,0.0030238834891731514,0.002643495094118986,0.0028336892916460688,0.21582424091820582,0.21582424091820582,0.23751022608214217,0.13670347245764328,0.13670347245764328,0.15220427390845415,0.07912076846056254,0.07912076846056254,0.08530595217368803
EleutherAI/pythia-1.4b,11,13,-0.00017445481668287854,0.0003765436608023087,0.00010104442205971509,0.360134282234337,0.360134282234337,0.3536438575815629,0.32309689460222274,0.32309689460222274,0.31759898442334716,0.03703738763211428,0.03703738763211428,0.03604487315821575
EleutherAI/pythia-1.4b,11,14,0.0014203890102115757,0.0011404442974902729,0.0012804166538509243,0.37276860732924977,0.37276860732924977,0.36867921883702826,0.20178038894729844,0.20178038894729844,0.21055653400676383,0.17098821838195133,0.17098821838195133,0.15812268483026443
EleutherAI/pythia-1.4b,11,15,-0.0008093165600393526,-0.0009167288232037052,-0.0008630226916215289,0.5173386050241108,0.5173386050241108,0.5191547514606766,0.3681907761309722,0.3681907761309722,0.37664418370987074,0.1491478288931386,0.1491478288931386,0.14251056775080584
EleutherAI/pythia-1.4b,12,0,0.0015580785556101873,0.0016284852515995318,0.0015932819036048596,0.12350749541903808,0.12350749541903808,0.1258890495630639,0.14183572931917807,0.14183572931917807,0.1500383052565126,-0.01832823390013999,-0.01832823390013999,-0.024149255693448696
EleutherAI/pythia-1.4b,12,1,0.001990130567175452,0.0008088359682578705,0.0013994832677166613,0.47449601576447564,0.47449601576447564,0.4692019266221905,0.29135677607842814,0.29135677607842814,0.2959681452515546,0.1831392396860475,0.1831392396860475,0.1732337813706359
EleutherAI/pythia-1.4b,12,2,0.0007348248339074104,-0.002470722348671295,-0.0008679487573819422,0.48735505101266613,0.48735505101266613,0.4912915161162883,0.24225512678204064,0.24225512678204064,0.25048334541841855,0.2450999242306255,0.2450999242306255,0.24080817069786975
EleutherAI/pythia-1.4b,12,3,0.004268616203248143,0.0019502414493111075,0.0031094288262796255,0.9137865210502678,0.9137865210502678,0.9181347332494223,0.1304215645182442,0.1304215645182442,0.13457019598298334,0.7833649565320236,0.7833649565320236,0.7835645372664389
EleutherAI/pythia-1.4b,12,4,0.001702496385949992,0.0020917757289615757,0.0018971360574557838,0.24517216272858236,0.24517216272858236,0.23974154363243874,0.24177871052223943,0.24177871052223943,0.23766799097086905,0.003393452206342934,0.003393452206342934,0.002073552661569694
EleutherAI/pythia-1.4b,12,5,0.004277747447096747,0.001379058117003229,0.002828402782049988,0.7352919805307752,0.7352919805307752,0.725463859311591,0.20924757574938288,0.20924757574938288,0.1986056831205362,0.5260444047813922,0.5260444047813922,0.5268581761910548
EleutherAI/pythia-1.4b,12,6,0.0012094092181347271,-0.00014994463582684858,0.0005297322911539393,0.28229948793365095,0.28229948793365095,0.2467662947971609,0.18178819875435634,0.18178819875435634,0.17912135546219954,0.10051128917929461,0.10051128917929461,0.06764493933496135
EleutherAI/pythia-1.4b,12,7,-0.0012591504675194543,2.8835506888924556e-06,-0.0006281334584152809,0.3885545815973932,0.3885545815973932,0.4018343249109299,0.20084102963184344,0.20084102963184344,0.20528261643522727,0.18771355196554976,0.18771355196554976,0.19655170847570264
EleutherAI/pythia-1.4b,12,8,0.010446623554380086,0.013599305640993986,0.012022964597687036,0.6589370155453489,0.6589370155453489,0.6614824423852228,0.27620495380685,0.27620495380685,0.29777387003608907,0.3827320617384989,0.3827320617384989,0.36370857234913373
EleutherAI/pythia-1.4b,12,9,0.0016988919475888764,0.006988525390625,0.004343708669106938,0.5092936957587408,0.5092936957587408,0.5165849587406909,0.32200408815745013,0.32200408815745013,0.34009793503421354,0.1872896076012907,0.1872896076012907,0.17648702370647734
EleutherAI/pythia-1.4b,12,10,0.007020484744094446,0.007026011549581934,0.00702324814683819,0.4461457719174313,0.4461457719174313,0.4193862318436047,0.3232936955375755,0.3232936955375755,0.3100858118481014,0.12285207637985585,0.12285207637985585,0.10930041999550327
EleutherAI/pythia-1.4b,12,11,0.002381332277312964,0.0027919979546013884,0.0025866651159571763,0.21105734715210678,0.21105734715210678,0.19849950359442808,0.15451675044892985,0.15451675044892985,0.15731719109725745,0.05654059670317693,0.05654059670317693,0.04118231249717064
EleutherAI/pythia-1.4b,12,12,0.006169596994956006,0.00465164785310046,0.005410622424028233,0.44502901639851183,0.44502901639851183,0.439879218149114,0.15758238887959547,0.15758238887959547,0.15764328579284415,0.28744662751891636,0.28744662751891636,0.28223593235626987
EleutherAI/pythia-1.4b,12,13,0.0003979299950787052,0.0015953244186763804,0.0009966272068775428,0.2532985919180707,0.2532985919180707,0.24110433100846657,0.2036465906484402,0.2036465906484402,0.1978532233802037,0.049652001269630486,0.049652001269630486,0.04325110762826287
EleutherAI/pythia-1.4b,12,14,0.010891411248154625,0.010682834414985187,0.010787122831569906,0.23208867777032932,0.23208867777032932,0.22103101439099163,0.22373128433384845,0.22373128433384845,0.21296373830523138,0.00835739343648087,0.00835739343648087,0.008067276085760244
EleutherAI/pythia-1.4b,12,15,0.0020792803426430417,0.0036601870078740717,0.0028697336752585567,0.17592862781245233,0.17592862781245233,0.20110647160521422,0.13700103130011643,0.13700103130011643,0.15231428803939878,0.038927596512335905,0.038927596512335905,0.04879218356581544
EleutherAI/pythia-1.4b,13,0,0.001758004736712504,0.0008244552011564821,0.001291229968934493,0.4266290393601393,0.4266290393601393,0.43528086049277553,0.23764482208023077,0.23764482208023077,0.251221227962424,0.18898421727990852,0.18898421727990852,0.1840596325303515
EleutherAI/pythia-1.4b,13,1,0.0006641778420277689,0.0009080781711370278,0.0007861280065823983,0.20015349012848985,0.20015349012848985,0.24779833170187762,0.16780535988516476,0.16780535988516476,0.17666676707819695,0.032348130243325085,0.032348130243325085,0.07113156462368067
EleutherAI/pythia-1.4b,13,2,0.003057284617987488,0.0018779123861958347,0.0024675985020916613,0.38337235678194503,0.38337235678194503,0.3789004256579545,0.2538829530196209,0.2538829530196209,0.2556967293567729,0.12948940376232415,0.12948940376232415,0.12320369630118161
EleutherAI/pythia-1.4b,13,3,0.002636526513287496,-0.00097055510273103,0.000832985705278233,0.8910872925193907,0.8910872925193907,0.8909608744596788,0.16493773431101558,0.16493773431101558,0.16567978988057902,0.7261495582083751,0.7261495582083751,0.7252810845790998
EleutherAI/pythia-1.4b,13,4,0.0015210729884351792,0.0007744736558810139,0.0011477733221580966,-0.0610977892414314,-0.0610977892414314,-0.06247014882827322,0.020929993307902798,0.020929993307902798,0.022921662413597634,-0.0820277825493342,-0.0820277825493342,-0.08539181124187085
EleutherAI/pythia-1.4b,13,5,0.002208799827756014,0.004897230253444906,0.00355301504060046,0.4602512669822375,0.4602512669822375,0.47101770677087246,0.3053096085231262,0.3053096085231262,0.31889563571227236,0.1549416584591113,0.1549416584591113,0.1521220710586001
EleutherAI/pythia-1.4b,13,6,0.0023661936361958347,0.0002753790907972231,0.001320786363496529,0.27800855408265746,0.27800855408265746,0.2967544923883201,0.24072844463956058,0.24072844463956058,0.25982177461102807,0.03728010944309687,0.03728010944309687,0.03693271777729201
EleutherAI/pythia-1.4b,13,7,-0.0011332354207675976,0.00040658064714582665,-0.0003633273868108855,0.43659247729777156,0.43659247729777156,0.41887405529675426,0.40249740176957455,0.40249740176957455,0.3991357143646977,0.034095075528197016,0.034095075528197016,0.019738340932056564
EleutherAI/pythia-1.4b,13,8,0.003681333046259727,0.003778652882012956,0.0037299929641363416,0.6061707423742254,0.6061707423742254,0.602949966230974,0.34971346095632516,0.34971346095632516,0.36382180759833355,0.25645728141790025,0.25645728141790025,0.23912815863264042
EleutherAI/pythia-1.4b,13,9,0.003869004136934251,0.0020660640686518406,0.0029675341027930457,0.882598124089968,0.882598124089968,0.8914834743309041,0.13180035193776626,0.13180035193776626,0.13863719383344306,0.7507977721522017,0.7507977721522017,0.752846280497461
EleutherAI/pythia-1.4b,13,10,0.0007634200449064821,-0.0007552499846208427,4.08503014281969e-06,0.2496020698908298,0.2496020698908298,0.21390595129697954,0.24657805749898098,0.24657805749898098,0.23728799367574008,0.0030240123918488238,0.0030240123918488238,-0.023382042378760542
EleutherAI/pythia-1.4b,13,11,0.0005997785433073943,-0.00026720903051158373,0.0001662847563979053,0.5478560804088296,0.5478560804088296,0.5367940356685951,0.29851556440794375,0.29851556440794375,0.3015866385352079,0.24934051600088586,0.24934051600088586,0.23520739713338717
EleutherAI/pythia-1.4b,13,12,0.0029335322342518566,0.0023395207923231354,0.002636526513287496,0.6557308084629624,0.6557308084629624,0.662071298466713,0.20804037823766727,0.20804037823766727,0.2218315436908869,0.4476904302252951,0.4476904302252951,0.4402397547758261
EleutherAI/pythia-1.4b,13,13,1.898337536898609e-05,0.000476266455462504,0.00024762491541574505,0.34614000004160866,0.34614000004160866,0.36520908279263803,0.1813541374678489,0.1813541374678489,0.19964479011406366,0.16478586257375977,0.16478586257375977,0.16556429267857437
EleutherAI/pythia-1.4b,13,14,0.001220462829109259,0.0015897976131888925,0.0014051302211490757,0.4280919780978319,0.4280919780978319,0.47693226751702184,0.32799462015701847,0.32799462015701847,0.3532115921308842,0.10009735794081343,0.10009735794081343,0.12372067538613762
EleutherAI/pythia-1.4b,13,15,0.00047194112942916533,0.001250740111343518,0.0008613406203863416,0.1980471633542611,0.1980471633542611,0.20064345303918402,0.14604521384718985,0.14604521384718985,0.15090095617341379,0.05200194950707124,0.05200194950707124,0.04974249686577023
EleutherAI/pythia-1.4b,14,0,0.0001151017316685099,0.0009628656342273167,0.0005389836829479133,0.3006992418160281,0.3006992418160281,0.29187461638305356,0.23216279999185888,0.23216279999185888,0.2265313717801302,0.06853644182416921,0.06853644182416921,0.06534324460292337
EleutherAI/pythia-1.4b,14,1,-0.003892793430118058,-0.005688524621678237,-0.004790659025898147,0.8735382220658334,0.8735382220658334,0.8889476973229999,0.17886368753107226,0.17886368753107226,0.21684998191931587,0.6946745345347611,0.6946745345347611,0.672097715403684
EleutherAI/pythia-1.4b,14,2,0.006484144315944906,0.0020665446604333226,0.0042753444881891145,0.47156689032342153,0.47156689032342153,0.45196683260555587,0.3232359834658518,0.3232359834658518,0.3231348856720006,0.14833090685756972,0.14833090685756972,0.12883194693355526
EleutherAI/pythia-1.4b,14,3,0.001207967442790281,0.0003873569758860995,0.0007976622093381902,0.00487191711164359,0.00487191711164359,-0.01156902180329493,0.10011851538022024,0.10011851538022024,0.087225277612711,-0.09524659826857665,-0.09524659826857665,-0.09879429941600593
EleutherAI/pythia-1.4b,14,4,0.0025706854392226752,0.004822738527312964,0.0036967119832678197,0.4400406619327134,0.4400406619327134,0.5199653094472109,0.2633506739750029,0.2633506739750029,0.3069994701598308,0.17668998795771051,0.17668998795771051,0.21296583928738005
EleutherAI/pythia-1.4b,14,5,0.0019860455370324104,0.002861443467027769,0.0024237445020300896,0.3629423218506661,0.3629423218506661,0.41959039444898694,0.22733156915587713,0.22733156915587713,0.2614337148611,0.13561075269478898,0.13561075269478898,0.15815667958788693
EleutherAI/pythia-1.4b,14,6,-0.00046377106914352595,-0.00027321642778055377,-0.00036849374846203986,0.1561188640080295,0.1561188640080295,0.1756257309589103,0.16820124101472744,0.16820124101472744,0.1818185402626364,-0.012082377006697953,-0.012082377006697953,-0.006192809303726121
EleutherAI/pythia-1.4b,14,7,-0.001324510949803237,0.0031524417907236035,0.0009139654204601833,0.3445518975586525,0.3445518975586525,0.4206106518750521,0.2647120514983472,0.2647120514983472,0.31781696964031275,0.07983984606030531,0.07983984606030531,0.10279368223473934
EleutherAI/pythia-1.4b,14,8,0.005540021761195835,0.011219415139025468,0.008379718450110651,0.6128810576786444,0.6128810576786444,0.6430389831996971,0.2836606672589983,0.2836606672589983,0.3141128921085465,0.3292203904196461,0.3292203904196461,0.3289260910911506
EleutherAI/pythia-1.4b,14,9,0.0008624219518948983,0.0013961191252462868,0.0011292705385705926,0.48265245519974087,0.48265245519974087,0.4976707741136597,0.2861249465934882,0.2861249465934882,0.2901916849160599,0.19652750860625268,0.19652750860625268,0.20747908919759978
EleutherAI/pythia-1.4b,14,10,0.004504586767962504,0.0041165089044046255,0.004310547836183565,0.2549105101905648,0.2549105101905648,0.2599342921831044,0.2574754524065898,0.2574754524065898,0.2427381417491807,-0.00256494221602499,-0.00256494221602499,0.017196150433923668
EleutherAI/pythia-1.4b,14,11,0.0011277086152805538,0.0009306659848671295,0.0010291873000738416,0.20371915177816832,0.20371915177816832,0.227385903980829,0.1744459282941717,0.1744459282941717,0.1784780024518919,0.029273223483996635,0.029273223483996635,0.04890790152893709
EleutherAI/pythia-1.4b,14,12,0.002081683301550452,0.0019081896684300936,0.001994936484990273,0.25908686672265746,0.25908686672265746,0.24386324584176913,0.1968118657221689,0.1968118657221689,0.18950760775004213,0.06227500100048855,0.06227500100048855,0.054355638091727
EleutherAI/pythia-1.4b,14,13,0.0009635865218995399,0.0020737535371555538,0.0015186700295275468,0.40023899706342647,0.40023899706342647,0.3858582584538969,0.21795572896082455,0.21795572896082455,0.22172115929088715,0.18228326810260193,0.18228326810260193,0.16413709916300973
EleutherAI/pythia-1.4b,14,14,-0.0011217012180115837,3.0998169906482076e-05,-0.0005453515240525508,0.786348375402424,0.786348375402424,0.8031746345994064,0.2478803107127762,0.2478803107127762,0.268741127016509,0.5384680646896478,0.5384680646896478,0.5344335075828974
EleutherAI/pythia-1.4b,14,15,0.0015998900406004601,-0.00039768969918796415,0.000601100170706248,0.423778607556837,0.423778607556837,0.44108698019218845,0.3394459176489036,0.3394459176489036,0.3606232607891411,0.08433268990793341,0.08433268990793341,0.08046371940304736
EleutherAI/pythia-1.4b,15,0,0.0006862850639763884,0.0023460087813731434,0.001516146922674766,0.20016042675425832,0.20016042675425832,0.17322666252013597,0.20398044160811327,0.20398044160811327,0.20684399847998,-0.0038200148538549417,-0.0038200148538549417,-0.033617335959844036
EleutherAI/pythia-1.4b,15,1,-0.00012231060839074104,0.0009116826094981434,0.0003946860005537012,0.14909545170228122,0.14909545170228122,0.15791760893007342,0.1475409633442969,0.1475409633442969,0.1592774011069594,0.0015544883579843294,0.0015544883579843294,-0.0013597921768859766
EleutherAI/pythia-1.4b,15,2,0.012471597025713876,0.017681211937131014,0.015076404481422445,0.179756908753121,0.179756908753121,0.16171218351027572,0.18740528226369524,0.18740528226369524,0.17599282816128023,-0.007648373510574236,-0.007648373510574236,-0.01428064465100451
EleutherAI/pythia-1.4b,15,3,-5.3585983636583734e-05,0.0015412578432578705,0.0007438359298106434,0.19603346312388875,0.19603346312388875,0.22463091130212015,0.1798239863232277,0.1798239863232277,0.18215314211071326,0.016209476800661038,0.016209476800661038,0.04247776919140689
EleutherAI/pythia-1.4b,15,4,-0.0017964520792319583,0.0012742891086370278,-0.0002610814852974652,0.3802576574791071,0.3802576574791071,0.3747912890990246,0.34213944745371244,0.34213944745371244,0.34583214497594217,0.03811821002539467,0.03811821002539467,0.028959144123082425
EleutherAI/pythia-1.4b,15,5,0.000622366357037496,0.004122035709891669,0.0023722010334645827,0.5214411352922804,0.5214411352922804,0.5250638716149734,0.2508002117869662,0.2508002117869662,0.2607333126706839,0.2706409235053142,0.2706409235053142,0.2643305589442895
EleutherAI/pythia-1.4b,15,6,0.007410004382997215,0.0036573034571851792,0.005533653920091197,0.542527805731958,0.542527805731958,0.5312564721083417,0.3308248961400134,0.3308248961400134,0.3287189713957244,0.2117029095919446,0.2117029095919446,0.20253750071261728
EleutherAI/pythia-1.4b,15,7,-0.0008059524175689781,0.0020156019315944462,0.0006048247570127341,0.2358772077823427,0.2358772077823427,0.23181591630034704,0.2128347208831066,0.2128347208831066,0.20772267531388686,0.023042486899236103,0.023042486899236103,0.02409324098646018
EleutherAI/pythia-1.4b,15,8,-0.0020103154219981434,0.0008210910586861075,-0.0005946121816560179,0.2820686518690482,0.2820686518690482,0.2682442937205023,0.21995859664633374,0.21995859664633374,0.21754920471750028,0.06211005522271448,0.06211005522271448,0.050695089003002014
EleutherAI/pythia-1.4b,15,9,-0.0011058416892222311,0.0005601297213337908,-0.00027285598394422017,0.13984895587454027,0.13984895587454027,0.1686577155660613,0.14282953869817366,0.14282953869817366,0.15934674897644036,-0.002980582823633393,-0.002980582823633393,0.00931096658962094
EleutherAI/pythia-1.4b,15,10,0.0016155092734990717,0.0034328670952263884,0.00252418818436273,0.7787023542723761,0.7787023542723761,0.7906661640784113,0.18151561789959236,0.18151561789959236,0.21945835103832095,0.5971867363727837,0.5971867363727837,0.5712078130400904
EleutherAI/pythia-1.4b,15,11,-0.00047770823080695024,0.0007658230038138925,0.0001440573865034711,0.19516488774373883,0.19516488774373883,0.208603152263916,0.19730799059607665,0.19730799059607665,0.21110945078326254,-0.0021431028523378193,-0.0021431028523378193,-0.002506298519346556
EleutherAI/pythia-1.4b,15,12,0.001073401743971747,0.001330998938853245,0.001202200341412496,0.7780243089441146,0.7780243089441146,0.7883744478717494,0.2856444616314104,0.2856444616314104,0.31747093344271826,0.4923798473127042,0.4923798473127042,0.4709035144290311
EleutherAI/pythia-1.4b,15,13,-0.0008633831354574184,0.0029270442452018486,0.001031830554872215,0.30906333825892285,0.30906333825892285,0.2699155115265782,0.25013503575575496,0.25013503575575496,0.23725768217036172,0.058928302503167884,0.058928302503167884,0.0326578293562165
EleutherAI/pythia-1.4b,15,14,-0.00041114626906990637,0.0013893908403050936,0.0004891222856175936,0.3338288601363582,0.3338288601363582,0.3416261131209266,0.2462185171547556,0.2462185171547556,0.2623644519670725,0.08761034298160261,0.08761034298160261,0.07926166115385413
EleutherAI/pythia-1.4b,15,15,-0.0005769504336861075,0.0016513133612203745,0.0005371814637671335,0.2190088111561002,0.2190088111561002,0.22297278724441125,0.19145589794585324,0.19145589794585324,0.1965419543882882,0.02755291321024697,0.02755291321024697,0.02643083285612305
EleutherAI/pythia-1.4b,16,0,-0.0008559339628444462,0.002147043783833791,0.0006455549104946723,0.376206693191715,0.376206693191715,0.386860343993313,0.22528440672706312,0.22528440672706312,0.2324451612065765,0.1509222864646519,0.1509222864646519,0.1544151827867365
EleutherAI/pythia-1.4b,16,1,0.0010726808562995238,0.0011279489111712948,0.0011003148837354093,0.31977704357479425,0.31977704357479425,0.26089309284076995,0.25481466315679646,0.25481466315679646,0.22832745834335766,0.06496238041799779,0.06496238041799779,0.03256563449741229
EleutherAI/pythia-1.4b,16,2,0.00026865080585647405,0.0021508885180856474,0.0012097696619710607,0.3356963323927401,0.3356963323927401,0.3786110788143388,0.26720190878781047,0.26720190878781047,0.2847037390847904,0.06849442360492963,0.06849442360492963,0.0939073397295484
EleutherAI/pythia-1.4b,16,3,-0.0019113135150097271,0.0012608325387550856,-0.00032524048812732076,0.19452636782832597,0.19452636782832597,0.21525955858876172,0.14755967896129962,0.14755967896129962,0.14401121579857223,0.046966688867026346,0.046966688867026346,0.07124834279018949
EleutherAI/pythia-1.4b,16,4,0.0006437526913138925,0.0009145661601870358,0.0007791594257504642,0.37598583332555613,0.37598583332555613,0.34626989956817794,0.24256437675976567,0.24256437675976567,0.2363026708775736,0.13342145656579046,0.13342145656579046,0.10996722869060435
EleutherAI/pythia-1.4b,16,5,-0.00019992618110231675,0.001042884165846747,0.0004214789923722151,0.34118506213047683,0.34118506213047683,0.31662831603627967,0.2211574143317412,0.2211574143317412,0.2144581965482821,0.12002764779873565,0.12002764779873565,0.10217011948799756
EleutherAI/pythia-1.4b,16,6,0.013513520007997215,0.016915869525098604,0.01521469476654791,0.7922200852932636,0.7922200852932636,0.8153007159561403,0.5357280313826519,0.5357280313826519,0.5583904497032807,0.2564920539106117,0.2564920539106117,0.2569102662528596
EleutherAI/pythia-1.4b,16,7,0.0012307955524115677,0.002618744617372215,0.0019247700848918914,0.5551484569944113,0.5551484569944113,0.6956901389230624,0.2895411555289211,0.2895411555289211,0.3299229763742843,0.26560730146549016,0.26560730146549016,0.3657671625487781
EleutherAI/pythia-1.4b,16,8,0.002885953647883799,0.0005591685377708266,0.0017225610928273127,-0.08153962427072084,-0.08153962427072084,-0.08182278975527163,0.02277935848265827,0.02277935848265827,0.029197439713749284,-0.10431898275337911,-0.10431898275337911,-0.11102022946902092
EleutherAI/pythia-1.4b,16,9,-0.0011375607468009363,-0.0004399817759597191,-0.0007887712613803277,0.13181726720701742,0.13181726720701742,0.14254529094603632,0.1413914856301284,0.1413914856301284,0.15258402578973618,-0.009574218423110986,-0.009574218423110986,-0.010038734843699854
EleutherAI/pythia-1.4b,16,10,0.0006862850639763884,0.0034011480376476833,0.002043716550812036,0.45519648165099,0.45519648165099,0.45323003011444096,0.33095535419864774,0.33095535419864774,0.3334304974227908,0.12424112745234228,0.12424112745234228,0.11979953269165017
EleutherAI/pythia-1.4b,16,11,0.0018317755751722231,0.0016212763748768566,0.0017265259750245399,0.6031746357662409,0.6031746357662409,0.6427993771623705,0.3569714054362904,0.3569714054362904,0.38882509893079176,0.24620323032995045,0.24620323032995045,0.2539742782315787
EleutherAI/pythia-1.4b,16,12,0.00013528658649120118,0.0025716466227856394,0.0013534666046384203,0.7667923311603908,0.7667923311603908,0.8329572147204162,0.16470489250880524,0.16470489250880524,0.19162228538796175,0.6020874386515855,0.6020874386515855,0.6413349293324544
EleutherAI/pythia-1.4b,16,13,-0.00020761564960602996,0.0018483559916337988,0.0008203701710138844,0.3137606276912509,0.3137606276912509,0.33260167765329457,0.15784649457141273,0.15784649457141273,0.1688190938691802,0.15591413311983818,0.15591413311983818,0.16378258378411437
EleutherAI/pythia-1.4b,16,14,0.0016897607037402729,0.002587746447465733,0.002138753575603003,0.48491147354212893,0.48491147354212893,0.5115628484774796,0.2510203034984667,0.2510203034984667,0.26046785681478973,0.23389117004366222,0.23389117004366222,0.25109499166268984
EleutherAI/pythia-1.4b,16,15,0.0026406115434300936,0.003960797167199992,0.003300704355315043,0.34283059149041534,0.34283059149041534,0.45586226823325265,0.23981737945899212,0.23981737945899212,0.2981312756106628,0.10301321203142322,0.10301321203142322,0.15773099262258983
EleutherAI/pythia-1.4b,17,0,0.0005824772391731514,0.0020535686823328625,0.001318022960753007,0.42354169742090536,0.42354169742090536,0.4885023811969934,0.32971352148542504,0.32971352148542504,0.3429999407301695,0.09382817593548032,0.09382817593548032,0.14550244046682392
EleutherAI/pythia-1.4b,17,1,-3.0517578125e-05,0.0007396307517226752,0.0003545565867988376,0.43199779465729393,0.43199779465729393,0.47201249080890695,0.34926056158206226,0.34926056158206226,0.37901689679393474,0.08273723307523168,0.08273723307523168,0.0929955940149722
EleutherAI/pythia-1.4b,17,2,0.0005875234528791573,0.0019185223917324024,0.0012530229223057798,-0.20889657864866845,-0.20889657864866845,-0.21009896450752105,-0.10031453134239042,-0.10031453134239042,-0.09646048524745146,-0.10858204730627803,-0.10858204730627803,-0.11363847926006959
EleutherAI/pythia-1.4b,17,3,-0.0013579120786171295,0.0008143627737453585,-0.0002717746524358855,0.3623223027911717,0.3623223027911717,0.3969936826560702,0.23829176807876998,0.23829176807876998,0.2523541394941104,0.12403053471240175,0.12403053471240175,0.14463954316195982
EleutherAI/pythia-1.4b,17,4,0.002360666830708791,0.00021842896469026485,0.0012895478976995278,0.25943269179550754,0.25943269179550754,0.24570040273076477,0.18726841490433618,0.18726841490433618,0.19023029537446312,0.07216427689117136,0.07216427689117136,0.055470107356301646
EleutherAI/pythia-1.4b,17,5,0.0018346591258611156,0.0031779131551425976,0.0025062861405018566,0.2923882185199667,0.2923882185199667,0.25319527744452747,0.22937805191846622,0.22937805191846622,0.21283630900593112,0.0630101666015005,0.0630101666015005,0.04035896843859635
EleutherAI/pythia-1.4b,17,6,0.0036712406188486035,0.004072534756397683,0.0038718876876231434,0.4897801953189542,0.4897801953189542,0.5216530578618976,0.4137492260575692,0.4137492260575692,0.41355879457474,0.07603096926138503,0.07603096926138503,0.10809426328715765
EleutherAI/pythia-1.4b,17,7,-0.00029075802780509363,0.0006305364173231354,0.00016988919475902087,0.21142060727991907,0.21142060727991907,0.21295914869180194,0.19649849684914913,0.19649849684914913,0.19114636136341115,0.014922110430769936,0.014922110430769936,0.021812787328390787
EleutherAI/pythia-1.4b,17,8,-0.0006363035187004762,-0.0005416269377458427,-0.0005889652282231594,0.29440838706017974,0.29440838706017974,0.3029326239512059,0.24081365880999558,0.24081365880999558,0.2501205810551191,0.05359472825018416,0.05359472825018416,0.05281204289608682
EleutherAI/pythia-1.4b,17,9,-6.968580831490101e-06,0.0008434385765254682,0.00041823499784698903,0.2130782935008312,0.2130782935008312,0.17156593021844924,0.18441239430302536,0.18441239430302536,0.16309640947707882,0.02866589919780585,0.02866589919780585,0.008469520741370418
EleutherAI/pythia-1.4b,17,10,0.0005118302472935099,0.0009282630259597191,0.0007200466366266145,0.15292148745472303,0.15292148745472303,0.18105186142016522,0.17981438596552296,0.17981438596552296,0.18807771647375088,-0.02689289851079993,-0.02689289851079993,-0.007025855053585661
EleutherAI/pythia-1.4b,17,11,0.0011798528235731354,0.0032629779004675896,0.0022214153620203625,0.7613772280894721,0.7613772280894721,0.784265917077774,0.20091784669112375,0.20091784669112375,0.21087969253989372,0.5604593813983483,0.5604593813983483,0.5733862245378804
EleutherAI/pythia-1.4b,17,12,-0.00021434393454722311,0.0018332173505166693,0.0008094367079847231,0.32407761857791034,0.32407761857791034,0.42338346560803963,0.2169882769509098,0.2169882769509098,0.2573199842447611,0.10708934162700054,0.10708934162700054,0.16606348136327853
EleutherAI/pythia-1.4b,17,13,-0.0003426619402064901,0.0008765994094490637,0.0002669687346212868,0.31542954885129243,0.31542954885129243,0.3366747888789335,0.23860561043525785,0.23860561043525785,0.2537847838277452,0.07682393841603458,0.07682393841603458,0.08289000505118826
EleutherAI/pythia-1.4b,17,14,-0.000232125830462504,5.6950126107402355e-05,-8.758785217755083e-05,0.21281642195232306,0.21281642195232306,0.221174537181773,0.13709484192259866,0.13709484192259866,0.14461288498187347,0.0757215800297244,0.0757215800297244,0.07656165219989952
EleutherAI/pythia-1.4b,17,15,3.2199649360187266e-05,0.0005880040446606394,0.0003101018470104133,0.3057998756068778,0.3057998756068778,0.30637226831432834,0.17524396473425366,0.17524396473425366,0.18310931974019695,0.13055591087262416,0.13055591087262416,0.12326294857413139
EleutherAI/pythia-1.4b,18,0,0.00014273575910461744,-0.00014465812623010166,-9.611835627421073e-07,0.4913605371447783,0.4913605371447783,0.4918709241281636,0.3523022413332731,0.3523022413332731,0.3490182047646344,0.1390582958115052,0.1390582958115052,0.14285271936352917
EleutherAI/pythia-1.4b,18,1,0.00034434401144212146,0.0009780042753444462,0.0006611741433932838,0.6196972689417097,0.6196972689417097,0.641299375067033,0.13666768989139924,0.13666768989139924,0.16155092268156016,0.4830295790503105,0.4830295790503105,0.4797484523854729
EleutherAI/pythia-1.4b,18,2,-0.00027874323326759765,0.00025086890994119315,-1.3937161663202247e-05,0.6289651619878035,0.6289651619878035,0.6305372652316255,0.33688939322082734,0.33688939322082734,0.3463243546602557,0.29207576876697616,0.29207576876697616,0.28421291057136977
EleutherAI/pythia-1.4b,18,3,-0.00021290215920277689,0.00035900206077776886,7.304995078749599e-05,0.19642448387545627,0.19642448387545627,0.21157600685066202,0.15860039930405617,0.15860039930405617,0.17874584581442057,0.0378240845714001,0.0378240845714001,0.03283016103624145
EleutherAI/pythia-1.4b,18,4,0.0016008512241634243,0.005866343580831934,0.0037335974024976792,0.6909563228675654,0.6909563228675654,0.7030940265190146,0.4016132331868552,0.4016132331868552,0.4216345289877229,0.28934308968071015,0.28934308968071015,0.28145949753129174
EleutherAI/pythia-1.4b,18,5,0.001940389317790281,0.0029402605191930498,0.0024403249184916653,0.5518933945491652,0.5518933945491652,0.603698605399364,0.3627330639976645,0.3627330639976645,0.3786793100209635,0.18916033055150072,0.18916033055150072,0.22501929537840054
EleutherAI/pythia-1.4b,18,6,-0.0001576341043305618,-9.900190698797218e-05,-0.000128318005659267,0.297014166920686,0.297014166920686,0.32062523638497503,0.22516227211590162,0.22516227211590162,0.23270430784695895,0.07185189480478438,0.07185189480478438,0.08792092853801609
EleutherAI/pythia-1.4b,18,7,-0.0006822000338333467,-0.0002631240003689861,-0.0004726620171011664,0.22049826940027212,0.22049826940027212,0.2636572585550215,0.24146199802861984,0.24146199802861984,0.2721553131002834,-0.020963728628347722,-0.020963728628347722,-0.008498054545261924
EleutherAI/pythia-1.4b,18,8,0.0022669514333171215,0.0002664881428398047,0.001266719788078463,0.47290970619691663,0.47290970619691663,0.46224657585299594,0.33847265002884885,0.33847265002884885,0.3314375430368935,0.13443705616806778,0.13443705616806778,0.13080903281610246
EleutherAI/pythia-1.4b,18,9,-0.0006117933378444462,-8.722740834166132e-05,-0.00034951037309305377,0.30772435513154317,0.30772435513154317,0.3330427273027081,0.21408885123156596,0.21408885123156596,0.2294157997328612,0.09363550389997721,0.09363550389997721,0.10362692756984693
EleutherAI/pythia-1.4b,18,10,0.0014792615034449064,0.00012879859744119315,0.0008040300504430498,0.6877137019418594,0.6877137019418594,0.6389705235344267,0.2484889946296349,0.2484889946296349,0.268154116903094,0.4392247073122245,0.4392247073122245,0.37081640663133275
EleutherAI/pythia-1.4b,18,11,-0.0013559897114912012,0.0016763041338583307,0.00016015721118356474,0.3901107380787312,0.3901107380787312,0.48530177340231373,0.2949266909027527,0.2949266909027527,0.3502793067232206,0.0951840471759785,0.0951840471759785,0.13502246667909312
EleutherAI/pythia-1.4b,18,12,0.0030738650344490637,0.005695252906618986,0.004384558970534025,0.32414648856830736,0.32414648856830736,0.31286524343509364,0.2635194840171317,0.2635194840171317,0.24875767753070163,0.060627004551175645,0.060627004551175645,0.06410756590439201
EleutherAI/pythia-1.4b,18,13,-0.0005075049212597271,-0.00015931617556574906,-0.0003334105484127381,0.3037593256713653,0.3037593256713653,0.3308024193989896,0.19081811810257224,0.19081811810257224,0.21763007378832128,0.11294120756879308,0.11294120756879308,0.1131723456106683
EleutherAI/pythia-1.4b,18,14,0.0021564153235731354,0.0014730138102856394,0.0018147145669293874,0.4903685522925019,0.4903685522925019,0.6208150516573686,0.30231593847362975,0.30231593847362975,0.36823411198584893,0.18805261381887217,0.18805261381887217,0.2525809396715197
EleutherAI/pythia-1.4b,18,15,-0.0018087071696601953,-0.0011094461275837908,-0.001459076648621993,0.22973564044582775,0.22973564044582775,0.17076994364865766,0.17324175767139352,0.17324175767139352,0.14759787847059808,0.056493882774434234,0.056493882774434234,0.023172065178059587
EleutherAI/pythia-1.4b,19,0,0.0005348986528050936,-0.00028378944697315944,0.0001255546029159671,0.32591668986467304,0.32591668986467304,0.4165303042231473,0.22319489840139803,0.22319489840139803,0.24619593576536722,0.10272179146327501,0.10272179146327501,0.17033436845778008
EleutherAI/pythia-1.4b,19,1,0.001622718150221747,0.0010606660617620278,0.0013416921059918874,0.6226768806330141,0.6226768806330141,0.6113273276686392,0.3604034232867159,0.3604034232867159,0.36796316053435685,0.2622734573462982,0.2622734573462982,0.24336416713428233
EleutherAI/pythia-1.4b,19,2,0.00041427011564953986,0.0003078190360481514,0.00036104457584884564,0.642572635219326,0.642572635219326,0.6343086523644504,0.42444531916922057,0.42444531916922057,0.4042167166816305,0.21812731605010538,0.21812731605010538,0.23009193568281994
EleutherAI/pythia-1.4b,19,3,-0.00040658064714538256,-0.0009140855684055538,-0.0006603331077754682,0.27124465110499946,0.27124465110499946,0.27532187907795597,0.259155886722031,0.259155886722031,0.2614636788022162,0.012088764382968464,0.012088764382968464,0.013858200275739752
EleutherAI/pythia-1.4b,19,4,0.005072165661909711,0.0014547513225888764,0.0032634584922492937,0.5949769408687529,0.5949769408687529,0.48025022142906876,0.3377005990471944,0.3377005990471944,0.2919721603337696,0.25727634182155845,0.25727634182155845,0.18827806109529915
EleutherAI/pythia-1.4b,19,5,-0.00019247700848890048,-0.0005051019623523167,-0.0003487894854206086,0.3293340633607246,0.3293340633607246,0.3083637717498163,0.2928016870425317,0.2928016870425317,0.27529565964586145,0.03653237631819295,0.03653237631819295,0.03306811210395483
EleutherAI/pythia-1.4b,19,6,-0.0007696677380657491,0.0004354161540356394,-0.00016712579201505484,0.2301421752598312,0.2301421752598312,0.2257399545280823,0.25797859814768553,0.25797859814768553,0.25050226099060313,-0.027836422887854345,-0.027836422887854345,-0.02476230646252084
EleutherAI/pythia-1.4b,19,7,0.00038231076218009363,-0.0009369136780263965,-0.0002773014579231514,0.35115124486755456,0.35115124486755456,0.3594602892387308,0.28135389262989186,0.28135389262989186,0.2881548396481081,0.0697973522376627,0.0697973522376627,0.07130544959062268
EleutherAI/pythia-1.4b,19,8,-0.0005709430364171375,0.00037534218134860353,-9.780042753426699e-05,0.35136850163618916,0.35136850163618916,0.3594668277180016,0.25696566084542877,0.25696566084542877,0.2829826015173923,0.09440284079076039,0.09440284079076039,0.0764842262006093
EleutherAI/pythia-1.4b,19,9,-0.00013744924950787052,0.0006401482529527769,0.0002513495017224532,0.4221700112799212,0.4221700112799212,0.44904683023179226,0.2859933626553922,0.2859933626553922,0.3041635168101959,0.136176648624529,0.136176648624529,0.14488331342159638
EleutherAI/pythia-1.4b,19,10,0.0032685047059546335,0.002795362097071763,0.0030319334015131982,0.5607631133427462,0.5607631133427462,0.556880534158562,0.3511663366099866,0.3511663366099866,0.3508187723889603,0.20959677673275962,0.20959677673275962,0.20606176176960167
EleutherAI/pythia-1.4b,19,11,-0.00042436254306110754,3.748615895693419e-05,-0.00019343819205208668,0.25324320257313876,0.25324320257313876,0.2512271308170078,0.2728241202707977,0.2728241202707977,0.26613563976801013,-0.01958091769765896,-0.01958091769765896,-0.01490850895100232
EleutherAI/pythia-1.4b,19,12,0.0018204816683073943,0.0008669875738189781,0.0013437346210631862,0.3635803191412479,0.3635803191412479,0.32792505310802034,0.23761950206988072,0.23761950206988072,0.22694689177192626,0.12596081707136716,0.12596081707136716,0.10097816133609408
EleutherAI/pythia-1.4b,19,13,0.019094151774729617,0.017041063684178237,0.018067607729453927,0.7825910806109672,0.7825910806109672,0.7732963155127923,0.38356438050605207,0.38356438050605207,0.38857847488129554,0.3990267001049151,0.3990267001049151,0.3847178406314968
EleutherAI/pythia-1.4b,19,14,0.006774181456077777,0.003790667676550452,0.0052824245663141145,0.7434822280715242,0.7434822280715242,0.7498797741535259,0.6078833657698193,0.6078833657698193,0.617940741262076,0.13559886230170493,0.13559886230170493,0.13193903289144993
EleutherAI/pythia-1.4b,19,15,-0.00012807770976852595,0.0010383185439222231,0.0004551204170768486,0.3583608294992643,0.3583608294992643,0.37593412614405036,0.23727491158872616,0.23727491158872616,0.2525578636132965,0.12108591791053813,0.12108591791053813,0.12337626253075384
EleutherAI/pythia-1.4b,20,0,-0.001592681163877785,0.0007713498093013804,-0.00041066567728820225,0.48384393090166516,0.48384393090166516,0.4295130896597677,0.3000911608888593,0.3000911608888593,0.2844527839651144,0.18375277001280588,0.18375277001280588,0.14506030569465328
EleutherAI/pythia-1.4b,20,1,-0.0018767109067421295,0.00012879859744119315,-0.0008739561546504682,0.276352709699067,0.276352709699067,0.3045119900906591,0.2049851591348054,0.2049851591348054,0.20450930512766166,0.07136755056426161,0.07136755056426161,0.10000268496299744
EleutherAI/pythia-1.4b,20,2,-0.0019029031588333467,-0.0013045663908708427,-0.0016037347748520947,0.4835017544782433,0.4835017544782433,0.4887130797244696,0.4396734288391108,0.4396734288391108,0.43304224567395083,0.04382832563913247,0.04382832563913247,0.05567083405051876
EleutherAI/pythia-1.4b,20,3,4.6377106914352595e-05,0.0016186331200787052,0.0008325051134965289,0.5258422475430631,0.5258422475430631,0.5018739115112685,0.29138844400038877,0.29138844400038877,0.268639126295087,0.2344538035426743,0.2344538035426743,0.23323478521618146
EleutherAI/pythia-1.4b,20,4,-0.00033593365526574104,0.0002544733483023087,-4.073015348171616e-05,0.41773973683282345,0.41773973683282345,0.3836452769229813,0.21912904846725736,0.21912904846725736,0.20211272858612692,0.19861068836556608,0.19861068836556608,0.18153254833685437
EleutherAI/pythia-1.4b,20,5,0.0006627360666833226,0.0015095387856791653,0.001086137426181244,0.5674832315837595,0.5674832315837595,0.6343781958769072,0.33403576219913744,0.33403576219913744,0.3402441384486889,0.23344746938462202,0.23344746938462202,0.29413405742821835
EleutherAI/pythia-1.4b,20,6,-0.000414991003321763,-0.0005461925596703665,-0.00048059178149606474,0.3145494413042272,0.3145494413042272,0.3356250488178164,0.22468781909751928,0.22468781909751928,0.24899630045718898,0.0898616222067079,0.0898616222067079,0.08662874836062742
EleutherAI/pythia-1.4b,20,7,-0.0015881155419537052,-0.00034602608267686463,-0.0009670708123152849,0.4624494637825878,0.4624494637825878,0.4463989558183015,0.34973273989388637,0.34973273989388637,0.33805932321482707,0.11271672388870141,0.11271672388870141,0.10833963260347446
EleutherAI/pythia-1.4b,20,8,-0.0012593907634101953,-0.0007725512887546415,-0.0010159710260824184,0.34581959652672145,0.34581959652672145,0.34459328945225987,0.2738819961114776,0.2738819961114776,0.26861033244857413,0.07193760041524383,0.07193760041524383,0.07598295700368574
EleutherAI/pythia-1.4b,20,9,0.000530813622662496,-0.00015210729884351792,0.00018935316190948903,0.5080954219842864,0.5080954219842864,0.5839167080166662,0.31627317458471377,0.31627317458471377,0.3560064777846914,0.1918222473995726,0.1918222473995726,0.22791023023197476
EleutherAI/pythia-1.4b,20,10,-0.0006401482529527769,0.001007320374015741,0.00018358606053148208,0.8020872324356652,0.8020872324356652,0.8290195880901994,0.2727803894877106,0.2727803894877106,0.30245182620106204,0.5293068429479546,0.5293068429479546,0.5265677618891373
EleutherAI/pythia-1.4b,20,11,0.0008804441437009203,0.00027946412094026485,0.0005799541323205926,0.332399944187443,0.332399944187443,0.30871202763820055,0.29188179826713695,0.29188179826713695,0.2796416175383492,0.04051814592030606,0.04051814592030606,0.02907041009985134
EleutherAI/pythia-1.4b,20,12,-0.0006557674858513884,-0.0007554902805115837,-0.0007056288831814861,0.46615550250057786,0.46615550250057786,0.4851142614811973,0.25257218109661017,0.25257218109661017,0.27430831467451544,0.21358332140396769,0.21358332140396769,0.21080594680668185
EleutherAI/pythia-1.4b,20,13,-0.0008210910586861075,0.0024928295706203585,0.0008358692559671255,0.4244943732279697,0.4244943732279697,0.4329686498535491,0.20836953379102405,0.20836953379102405,0.22093469080352127,0.21612483943694563,0.21612483943694563,0.21203395905002784
EleutherAI/pythia-1.4b,20,14,-0.0002333273099162092,0.00046713521161434457,0.00011690395084906768,0.3837861292208746,0.3837861292208746,0.4488859515870731,0.31474769473556163,0.31474769473556163,0.35708452003925095,0.06903843448531294,0.06903843448531294,0.09180143154782217
EleutherAI/pythia-1.4b,20,15,-0.0011365995632379722,-0.0005108690637301017,-0.0008237343134840369,0.31545438979354246,0.31545438979354246,0.3143424912858984,0.23101771463883064,0.23101771463883064,0.22503992525414881,0.08443667515471182,0.08443667515471182,0.0893025660317496
EleutherAI/pythia-1.4b,21,0,0.0001970426304134243,-0.00028378944697315944,-4.3373408279867576e-05,0.20179299481206167,0.20179299481206167,0.224583444448168,0.18802296370657268,0.18802296370657268,0.2009479674326911,0.013770031105488995,0.013770031105488995,0.023635477015476886
EleutherAI/pythia-1.4b,21,1,0.004709799458661568,0.005919208676796295,0.005314504067728931,0.6049137750944755,0.6049137750944755,0.6045921219751839,0.47242987793627644,0.47242987793627644,0.4708702814390219,0.13248389715819908,0.13248389715819908,0.13372184053616198
EleutherAI/pythia-1.4b,21,2,0.00012831800565971108,-0.00016003706323797218,-1.585952878913055e-05,0.17418436746742902,0.17418436746742902,0.22396003976969875,0.16186565943025816,0.16186565943025816,0.17233343403219847,0.012318708037170861,0.012318708037170861,0.051626605737500275
EleutherAI/pythia-1.4b,21,3,-0.0003635676827018486,0.0002912386195865757,-3.616453155763644e-05,0.425057543955853,0.425057543955853,0.4555454974515418,0.2646199211122965,0.2646199211122965,0.28274954215182574,0.1604376228435565,0.1604376228435565,0.1727959552997161
EleutherAI/pythia-1.4b,21,4,0.000268170214074992,0.0007377083845967469,0.0005029392993358694,0.5639075998555483,0.5639075998555483,0.5936112646924542,0.28543745971899104,0.28543745971899104,0.3035855450033788,0.27847014013655724,0.27847014013655724,0.29002571968907537
EleutherAI/pythia-1.4b,21,5,0.0005752683624509203,-0.00038879875123010166,9.323480561040931e-05,0.21112581268264008,0.21112581268264008,0.28168513995363204,0.18104946351477194,0.18104946351477194,0.2335294181229088,0.03007634916786814,0.03007634916786814,0.048155721830723225
EleutherAI/pythia-1.4b,21,6,0.00030733844426666934,0.0011875422920768486,0.000747440368171759,0.29145029651900356,0.29145029651900356,0.3016573245721452,0.22134577702593017,0.22134577702593017,0.22886566688433185,0.07010451949307339,0.07010451949307339,0.07279165768781337
EleutherAI/pythia-1.4b,21,7,-0.001239686500368986,-0.0009628656342273167,-0.0011012760672981514,0.2679446686676146,0.2679446686676146,0.27545219497810863,0.2098042959090922,0.2098042959090922,0.2211877364086681,0.058140372758522435,0.058140372758522435,0.05426445856944054
EleutherAI/pythia-1.4b,21,8,-0.00014345664677639647,-0.00041739396222917335,-0.0002804253045027849,0.426728195812252,0.426728195812252,0.3438688193419053,0.31899184030502276,0.31899184030502276,0.27032809118164247,0.10773635550722926,0.10773635550722926,0.0735407281602628
EleutherAI/pythia-1.4b,21,9,-0.0001513864111712948,0.00018911286601897004,1.8863227423837614e-05,0.11815679807566844,0.11815679807566844,0.11710737621081718,0.19122617694360336,0.19122617694360336,0.1895661810572451,-0.07306937886793492,-0.07306937886793492,-0.07245880484642792
EleutherAI/pythia-1.4b,21,10,-0.0008398341381643526,0.0015037716843013804,0.0003319687730685139,0.29518934204308633,0.29518934204308633,0.3608960612288419,0.22561430076149908,0.22561430076149908,0.26368975354523266,0.06957504128158726,0.06957504128158726,0.09720630768360922
EleutherAI/pythia-1.4b,21,11,0.0015640859528791573,-0.0004546398252953665,0.0005547230637918954,0.21625790091439476,0.21625790091439476,0.20605827567715276,0.17609628081352524,0.17609628081352524,0.17505769201566754,0.040161620100869516,0.040161620100869516,0.031000583661485226
EleutherAI/pythia-1.4b,21,12,0.000701664000984259,0.0010777270700050856,0.0008896955354946723,0.18144354364219756,0.18144354364219756,0.21442049299431046,0.18914633830676963,0.18914633830676963,0.2110738526746839,-0.007702794664572077,-0.007702794664572077,0.0033466403196265593
EleutherAI/pythia-1.4b,21,13,-0.00020184854822824505,9.083184670277689e-05,-5.550835076273408e-05,0.03940957688794352,0.03940957688794352,0.05463215155515265,0.09966312981787197,0.09966312981787197,0.11738866126875216,-0.06025355292992845,-0.06025355292992845,-0.06275650971359951
EleutherAI/pythia-1.4b,21,14,0.0023822934608759283,0.002959964782234259,0.0026711291215550936,0.7116164767272265,0.7116164767272265,0.7190224244479295,0.23636517015236544,0.23636517015236544,0.24640398976164019,0.47525130657486103,0.47525130657486103,0.47261843468628933
EleutherAI/pythia-1.4b,21,15,0.0010325514425444382,0.0019331804410680498,0.001482865941806244,0.3020931627346526,0.3020931627346526,0.379559583949869,-0.000566517328565613,-0.000566517328565613,0.0417791888939499,0.3026596800632182,0.3026596800632182,0.3377803950559191
EleutherAI/pythia-1.4b,22,0,-0.0007610170859990717,-9.131243848425896e-05,-0.00042616476224166533,0.01696784630962432,0.01696784630962432,0.006608813842173345,0.017023728019255682,0.017023728019255682,0.012782230391708683,-5.58817096313613e-05,-5.58817096313613e-05,-0.006173416549535338
EleutherAI/pythia-1.4b,22,1,-9.828101931574906e-05,-0.00031767116756897806,-0.00020797609344236356,0.18900839494389549,0.18900839494389549,0.23579773473652602,0.14289037183646283,0.14289037183646283,0.19634911110093045,0.046118023107432654,0.046118023107432654,0.039448623635595564
EleutherAI/pythia-1.4b,22,2,-0.0003960076279527769,0.0018654169998768566,0.0007347046859620399,0.38110856144809563,0.38110856144809563,0.42021619226909973,0.1682842380788122,0.1682842380788122,0.1854854713026557,0.21282432336928342,0.21282432336928342,0.23473072096644404
EleutherAI/pythia-1.4b,22,3,0.0004113865649606474,0.000622126061146755,0.0005167563130537012,0.26066780291095376,0.26066780291095376,0.25226653143874866,0.16932065841603983,0.16932065841603983,0.16924449325545807,0.09134714449491393,0.09134714449491393,0.0830220381832906
EleutherAI/pythia-1.4b,22,4,-0.00029460276205695024,4.3012964443978063e-05,-0.0001257948988064861,0.14968256818830544,0.14968256818830544,0.14806698608037736,0.12823826240069353,0.12823826240069353,0.12572913479980155,0.021444305787611917,0.021444305787611917,0.022337851280575804
EleutherAI/pythia-1.4b,22,5,0.0002232348825050856,-0.00021842896468982076,2.4029589076324243e-06,0.14193842857233846,0.14193842857233846,0.1047164328333064,0.14780684828461588,0.14780684828461588,0.12402959437621232,-0.005868419712277417,-0.005868419712277417,-0.019313161542905924
EleutherAI/pythia-1.4b,22,6,-0.0003491499292569422,-0.0005387433870569502,-0.00044394665815694623,0.09629674445740309,0.09629674445740309,0.13971974824910896,0.13537667021461042,0.13537667021461042,0.1547583105419878,-0.039079925757207326,-0.039079925757207326,-0.015038562292878838
EleutherAI/pythia-1.4b,22,7,0.00023741234005925094,-7.737527682083467e-05,8.001853161920813e-05,0.36144511509730265,0.36144511509730265,0.3829552744226842,0.21950229294300763,0.21950229294300763,0.23543182341322155,0.14194282215429502,0.14194282215429502,0.14752345100946263
EleutherAI/pythia-1.4b,22,8,-0.0005404254582921375,-0.0003318486251231434,-0.00043613704170764045,0.38498815830181893,0.38498815830181893,0.39483526943039776,0.2803513622004764,0.2803513622004764,0.29043691048422543,0.10463679610134252,0.10463679610134252,0.10439835894617233
EleutherAI/pythia-1.4b,22,9,0.010814276267224532,0.004144623523622215,0.0074794498954233735,0.5446693671078935,0.5446693671078935,0.5751365720546984,0.18084136936817244,0.18084136936817244,0.1986606433251749,0.3638279977397211,0.3638279977397211,0.37647592872952346
EleutherAI/pythia-1.4b,22,10,0.00015883558378471108,-0.00019944558932083467,-2.0305002768061797e-05,0.20296318558698337,0.20296318558698337,0.21489891237959322,0.1572613574798341,0.1572613574798341,0.15686359773874356,0.04570182810714926,0.04570182810714926,0.058035314640849656
EleutherAI/pythia-1.4b,22,11,-0.00021722748523611557,-0.00015619232898611557,-0.00018670990711111557,0.27737126275456697,0.27737126275456697,0.24588959479238903,0.20753495247346362,0.20753495247346362,0.1944534643402441,0.06983631028110335,0.06983631028110335,0.05143613045214493
EleutherAI/pythia-1.4b,22,12,0.008073461337352317,0.012434110866756942,0.01025378610205463,0.7003268818106886,0.7003268818106886,0.6997192617635037,0.3956380597582046,0.3956380597582046,0.409917859362744,0.304688822052484,0.304688822052484,0.28980140240075974
EleutherAI/pythia-1.4b,22,13,0.0004897230253444462,0.0003916823019194382,0.0004407026636319422,0.1886634651409676,0.1886634651409676,0.2521492406329238,0.1943053171303425,0.1943053171303425,0.2447425771870383,-0.005641851989374891,-0.005641851989374891,0.007406663445885531
EleutherAI/pythia-1.4b,22,14,0.0011541411632629561,0.00036524975393703585,0.000759695458599996,0.16193112693963216,0.16193112693963216,0.1429550273283844,0.20167374671667568,0.20167374671667568,0.19228217703103356,-0.03974261977704352,-0.03974261977704352,-0.049327149702649176
EleutherAI/pythia-1.4b,22,15,-0.00015907587967500803,-0.000152587890625,-0.000155831885150004,0.28039764095286934,0.28039764095286934,0.30523842168627485,0.15388764869752136,0.15388764869752136,0.17089968488296903,0.12650999225534798,0.12650999225534798,0.13433873680330582
EleutherAI/pythia-1.4b,23,0,0.001550148791215733,0.003880298043799524,0.0027152234175076284,0.5707407278998332,0.5707407278998332,0.5777671083376703,0.23648304923253338,0.23648304923253338,0.27002692062445643,0.33425767866729983,0.33425767866729983,0.3077401877132139
EleutherAI/pythia-1.4b,23,1,-0.0015330877829722311,-0.0011392428180361236,-0.0013361653005041774,0.549796661320516,0.549796661320516,0.5637980866950663,0.40714805461829107,0.40714805461829107,0.41367420172915215,0.1426486067022249,0.1426486067022249,0.1501238849659141
EleutherAI/pythia-1.4b,23,2,0.0007617379736712948,0.0006961371954972151,0.000728937584584255,0.44979714360473966,0.44979714360473966,0.4679100547588551,0.22843887628792123,0.22843887628792123,0.27199821162893506,0.22135826731681843,0.22135826731681843,0.19591184312992005
EleutherAI/pythia-1.4b,23,3,-8.914977546758962e-05,6.536048228333868e-05,-1.1894646592125468e-05,0.4413594356522438,0.4413594356522438,0.439260419771863,0.3134380024677317,0.3134380024677317,0.31295675058095723,0.1279214331845121,0.1279214331845121,0.12630366919090574
EleutherAI/pythia-1.4b,23,4,-0.00048419621985695827,0.00041619248277546816,-3.400186854074505e-05,0.36125271743726156,0.36125271743726156,0.40872481267711475,0.33746253739854015,0.33746253739854015,0.3787698350139972,0.02379018003872141,0.02379018003872141,0.029954977663117555
EleutherAI/pythia-1.4b,23,5,-0.00016820712352361156,-0.0002364511564958427,-0.00020232914000972713,0.4161207057134554,0.4161207057134554,0.4022194718381001,0.3161169273150987,0.3161169273150987,0.3129134378384606,0.10000377839835667,0.10000377839835667,0.08930603399963949
EleutherAI/pythia-1.4b,23,6,-0.00011414054810510166,-0.0002390944112939941,-0.00017661747969954789,0.22481323086946722,0.22481323086946722,0.24399443725589948,0.23180998945797776,0.23180998945797776,0.2574518703779506,-0.006996758588510538,-0.006996758588510538,-0.01345743312205111
EleutherAI/pythia-1.4b,23,7,0.0003972091074064821,-0.00048467681163888443,-4.373385211620118e-05,0.4080850644170816,0.4080850644170816,0.39917128411437935,0.281351267252883,0.281351267252883,0.2820616353243878,0.12673379716419858,0.12673379716419858,0.11710964878999153
EleutherAI/pythia-1.4b,23,8,-0.0011087252399111236,-0.00041931632935510166,-0.0007640207846331126,0.3996779452136503,0.3996779452136503,0.42565881732348426,0.4344894494046543,0.4344894494046543,0.44694608802258046,-0.034811504191003984,-0.034811504191003984,-0.021287270699096195
EleutherAI/pythia-1.4b,23,9,0.009996309055118058,0.008549487496924524,0.00927289827602129,0.8721528767395442,0.8721528767395442,0.8827649379757739,0.47942871674684456,0.47942871674684456,0.4801356809007911,0.39272415999269966,0.39272415999269966,0.4026292570749828
EleutherAI/pythia-1.4b,23,10,0.0015181894377462868,0.0008066733052412012,0.001162431371493744,0.6220430492533016,0.6220430492533016,0.6353824596957938,0.39284061104171636,0.39284061104171636,0.4203007710520907,0.2292024382115852,0.2292024382115852,0.21508168864370308
EleutherAI/pythia-1.4b,23,11,-0.000738429272268526,1.994455893239433e-05,-0.0003592423566680658,0.38355317760816454,0.38355317760816454,0.4168687125898757,0.32875666057464237,0.32875666057464237,0.34121628485175776,0.054796517033522174,0.054796517033522174,0.07565242773811792
EleutherAI/pythia-1.4b,23,12,-0.0007951391024851873,-3.964882197315944e-05,-0.00041739396222917335,0.5398714987682105,0.5398714987682105,0.5500933453752329,0.5693559402152603,0.5693559402152603,0.5766967450466565,-0.02948444144704976,-0.02948444144704976,-0.026603399671423555
EleutherAI/pythia-1.4b,23,13,0.0006391870693898127,0.001018614280881014,0.0008289006751354133,0.45688990972493637,0.45688990972493637,0.4423137036272219,0.2923741350557968,0.2923741350557968,0.28773753018409,0.16451577466913958,0.16451577466913958,0.1545761734431319
EleutherAI/pythia-1.4b,23,14,-0.0012903889333166774,-0.0009849728561759363,-0.0011376808947463068,0.5992047836418896,0.5992047836418896,0.6106488996578493,0.31361100503998773,0.31361100503998773,0.31994467740325605,0.2855937786019018,0.2855937786019018,0.29070422225459325
EleutherAI/pythia-1.4b,23,15,0.00022852139210138844,0.00035059170460138844,0.00028955654835138844,0.45175005548435726,0.45175005548435726,0.4660382747503224,0.295491593885828,0.295491593885828,0.3080107772539216,0.15625846159852924,0.15625846159852924,0.15802749749640077
EleutherAI/pythia-2.8b,0,0,-0.043036994032972675,-0.029978354146161568,-0.03650767408956712,0.4989620854125323,0.4989620854125323,0.5001249126892323,0.14041783768999472,0.14041783768999472,0.13478522991246475,0.35854424772253757,0.35854424772253757,0.36533968277676754
EleutherAI/pythia-2.8b,0,1,0.013433261180487044,0.008190485436146755,0.0108118733083169,0.5364334021888291,0.5364334021888291,0.5451975605857109,0.5186249494936491,0.5186249494936491,0.5411077469400801,0.017808452695179944,0.017808452695179944,0.004089813645630769
EleutherAI/pythia-2.8b,0,2,-0.00128173828125,-0.002807376891609259,-0.0020445575864296295,0.42272028951875534,0.42272028951875534,0.42667811638516934,0.13323188405474445,0.13323188405474445,0.12995307690161417,0.2894884054640109,0.2894884054640109,0.29672503948355516
EleutherAI/pythia-2.8b,0,3,0.002936415784940749,0.0023145300196851792,0.002625472902312964,0.44220215718441047,0.44220215718441047,0.45116509402045424,0.4362492927809263,0.4362492927809263,0.4468032543402405,0.005952864403484193,0.005952864403484193,0.004361839680213753
EleutherAI/pythia-2.8b,0,4,-0.0038978396438240637,-0.0017503152682087908,-0.0028240774560164272,0.38571802983259845,0.38571802983259845,0.39321581352066465,0.16210503473749618,0.16210503473749618,0.15807091029104503,0.22361299509510227,0.22361299509510227,0.23514490322961962
EleutherAI/pythia-2.8b,0,5,-0.003398504782849532,-0.004674235666830562,-0.004036370224840047,0.3810744183585527,0.3810744183585527,0.40589480651827065,0.14184271823295616,0.14184271823295616,0.14374455221788388,0.23923170012559655,0.23923170012559655,0.26215025430038674
EleutherAI/pythia-2.8b,0,6,0.000616599255659267,-0.0013651209553393606,-0.0003742608498400468,0.3732905092702378,0.3732905092702378,0.3787603895301787,0.1389817449109532,0.1389817449109532,0.146147321157493,0.23430876435928463,0.23430876435928463,0.23261306837268572
EleutherAI/pythia-2.8b,0,7,-0.005573422890010171,-0.0034758800596703665,-0.004524651474840269,0.3162082673462164,0.3162082673462164,0.31802478939538575,0.16763620334697987,0.16763620334697987,0.16181329118015242,0.1485720639992365,0.1485720639992365,0.15621149821523334
EleutherAI/pythia-2.8b,0,8,0.007776695912278253,0.008099413293553237,0.007938054602915745,0.44750937540022534,0.44750937540022534,0.44133771247826853,0.347886417683568,0.347886417683568,0.34994994945356567,0.09962295771665736,0.09962295771665736,0.09138776302470286
EleutherAI/pythia-2.8b,0,9,-0.00048035148560554575,0.001275730883981474,0.00039768969918796415,0.15842260602119668,0.15842260602119668,0.1769337807540401,0.1739394972303447,0.1739394972303447,0.1825831511780735,-0.01551689120914801,-0.01551689120914801,-0.005649370424033406
EleutherAI/pythia-2.8b,0,10,0.003968967227485187,0.0015818678487944382,0.0027754175381398127,0.5158684456715227,0.5158684456715227,0.5114124419638097,0.4431077623819473,0.4431077623819473,0.43629219684119985,0.07276068328957536,0.07276068328957536,0.0751202451226099
EleutherAI/pythia-2.8b,0,11,-0.003851462536909711,-0.0005197600116879642,-0.0021856112742988376,0.37441919045994027,0.37441919045994027,0.36844071622222574,0.1521704181184824,0.1521704181184824,0.1539733426351216,0.22224877234145787,0.22224877234145787,0.21446737358710413
EleutherAI/pythia-2.8b,0,12,-0.007841335506889813,-0.0018048624354083387,-0.004823098971149076,0.27641071372246423,0.27641071372246423,0.3007756351463468,0.15698336178792574,0.15698336178792574,0.15610499987462398,0.11942735193453849,0.11942735193453849,0.14467063527172283
EleutherAI/pythia-2.8b,0,13,-0.012100820466289353,-0.008189043660802309,-0.01014493206354583,0.3346228923061728,0.3346228923061728,0.3353722978755021,0.1710900197663279,0.1710900197663279,0.16785268602648568,0.16353287253984491,0.16353287253984491,0.16751961184901643
EleutherAI/pythia-2.8b,0,14,-0.006098709707185179,-0.0038663608821356554,-0.004982535294660417,0.41788860619684726,0.41788860619684726,0.43440819494134925,0.14688271814559734,0.14688271814559734,0.14777304102097058,0.2710058880512499,0.2710058880512499,0.28663515392037864
EleutherAI/pythia-2.8b,0,15,-0.0098478061946361,-0.00462569589689954,-0.00723675104576782,0.22083700138650927,0.22083700138650927,0.23022171896466923,0.1402562249943592,0.1402562249943592,0.15332914901592617,0.08058077639215008,0.08058077639215008,0.07689256994874305
EleutherAI/pythia-2.8b,0,16,-0.005214180533341661,-0.002576933132381942,-0.0038955568328618018,0.41447562400895466,0.41447562400895466,0.4266195532979409,0.1298731883611393,0.1298731883611393,0.1162501206349092,0.28460243564781534,0.28460243564781534,0.3103694326630317
EleutherAI/pythia-2.8b,0,17,-0.003161332738681466,0.0007848063791833226,-0.0011882631797490717,0.37728372424450257,0.37728372424450257,0.38548745785203037,0.22576967230784212,0.22576967230784212,0.21536008859572225,0.15151405193666045,0.15151405193666045,0.17012736925630811
EleutherAI/pythia-2.8b,0,18,-0.00430898591289397,-0.0017680971641240717,-0.003038541538509021,0.35901240113845756,0.35901240113845756,0.35884031322634263,0.14518914601508728,0.14518914601508728,0.14274351318028775,0.21382325512337028,0.21382325512337028,0.2160968000460549
EleutherAI/pythia-2.8b,0,19,-0.00480423574372546,-0.009540948342150468,-0.007172592042937964,0.35226216970723606,0.35226216970723606,0.36842991638043016,0.13550478376499617,0.13550478376499617,0.12365528874542765,0.2167573859422399,0.2167573859422399,0.24477462763500252
EleutherAI/pythia-2.8b,0,20,-0.0024637537678398047,0.001080610620693978,-0.0006915715735729133,0.41512651384845295,0.41512651384845295,0.42972761180208646,0.14457755025758282,0.14457755025758282,0.1341330325969914,0.2705489635908701,0.2705489635908701,0.2955945792050951
EleutherAI/pythia-2.8b,0,21,0.005999467504306022,0.0024702417568898127,0.004234854630597917,0.40739359603334535,0.40739359603334535,0.3990775167765598,0.11189632906987576,0.11189632906987576,0.11379467226893265,0.29549726696346956,0.29549726696346956,0.28528284450762714
EleutherAI/pythia-2.8b,0,22,-0.0015888364296263724,-0.00502242441252454,-0.003305630421075456,0.4370746460753267,0.4370746460753267,0.43564509731479073,0.28519696548327855,0.28519696548327855,0.2805971940622725,0.15187768059204815,0.15187768059204815,0.15504790325251822
EleutherAI/pythia-2.8b,0,23,-0.0037514994463583307,-0.002727838951771755,-0.003239669199065043,0.30045252140143036,0.30045252140143036,0.30630953414947726,0.17106402910706234,0.17106402910706234,0.18019074749087427,0.12938849229436802,0.12938849229436802,0.126118786658603
EleutherAI/pythia-2.8b,0,24,-0.001696729284572207,-0.0006339005597930658,-0.0011653149221826364,0.16824197833869253,0.16824197833869253,0.18193561832327315,0.16489255588429408,0.16489255588429408,0.16487241584031503,0.003349422454398454,0.003349422454398454,0.017063202482958117
EleutherAI/pythia-2.8b,0,25,-0.005979763241264813,-0.0003210353100393526,-0.0031503992756520827,0.33628527436352973,0.33628527436352973,0.36053926436615036,0.1404913170863366,0.1404913170863366,0.13452181338635805,0.19579395727719312,0.19579395727719312,0.2260174509797923
EleutherAI/pythia-2.8b,0,26,0.0011217012180115837,-0.0018279308409203665,-0.0003531148114543914,0.6525384181911149,0.6525384181911149,0.678997836222245,0.08369813570552437,0.08369813570552437,0.08232458892827321,0.5688402824855905,0.5688402824855905,0.5966732472939718
EleutherAI/pythia-2.8b,0,27,-0.006569209061269898,-0.006037434255044438,-0.006303321658157168,0.3416790494801409,0.3416790494801409,0.34721552454806665,0.19643904702893022,0.19643904702893022,0.19705456999186455,0.14524000245121066,0.14524000245121066,0.1501609545562021
EleutherAI/pythia-2.8b,0,28,0.011295829232283339,0.00822677011564954,0.00976129967396644,0.48196003498653556,0.48196003498653556,0.487940629373415,0.4709343331461549,0.4709343331461549,0.4807425106336175,0.011025701840380653,0.011025701840380653,0.007198118739797477
EleutherAI/pythia-2.8b,0,29,-0.00577142670398656,-0.0006492794968009363,-0.003210353100393748,0.3410742263062558,0.3410742263062558,0.3489318612778508,0.20650748202005506,0.20650748202005506,0.20450004002867717,0.13456674428620072,0.13456674428620072,0.14443182124917364
EleutherAI/pythia-2.8b,0,30,-0.005967508150836576,-0.0023842158280018566,-0.004175861989419216,0.3508855453441198,0.3508855453441198,0.35620970000273366,0.15034077959687353,0.15034077959687353,0.14593998663664082,0.20054476574724628,0.20054476574724628,0.21026971336609285
EleutherAI/pythia-2.8b,0,31,-0.005490520807701849,-0.005943959153543066,-0.005717239980622457,0.36714573648287757,0.36714573648287757,0.3836458895122926,0.161506114451626,0.161506114451626,0.15920123377231438,0.20563962203125158,0.20563962203125158,0.22444465573997824
EleutherAI/pythia-2.8b,1,0,0.0003304068497782531,0.0005344180610236116,0.0004324124554009323,0.3446814668272534,0.3446814668272534,0.3556038252708219,0.20613434778616235,0.20613434778616235,0.20274076512020664,0.13854711904109107,0.13854711904109107,0.15286306015061527
EleutherAI/pythia-2.8b,1,1,-0.0029385784479578625,-0.002899890809547223,-0.002919234628752543,0.2966502940760416,0.2966502940760416,0.31037823948820836,0.23636588377848428,0.23636588377848428,0.22747031453677413,0.06028441029755732,0.06028441029755732,0.08290792495143423
EleutherAI/pythia-2.8b,1,2,0.0019675427534449064,-0.0008845291738435179,0.0005415067898006942,0.3147376359571268,0.3147376359571268,0.30347223097284026,0.1912979293788787,0.1912979293788787,0.17694326909438174,0.12343970657824807,0.12343970657824807,0.12652896187845852
EleutherAI/pythia-2.8b,1,3,0.0028460645300194543,0.00509186992495092,0.003968967227485187,0.30103648537318023,0.30103648537318023,0.28894822846861434,0.1511753245819248,0.1511753245819248,0.15775702045582007,0.14986116079125542,0.14986116079125542,0.13119120801279427
EleutherAI/pythia-2.8b,1,4,-0.002758116234006014,-0.002233790600393526,-0.00249595341719977,0.3862372516817081,0.3862372516817081,0.3852380570879034,0.18753257509541282,0.18753257509541282,0.18528815517088887,0.19870467658629526,0.19870467658629526,0.1999499019170145
EleutherAI/pythia-2.8b,1,5,0.00033401128813981273,0.0028467854176921215,0.001590398352915967,0.2614312700832224,0.2614312700832224,0.2424886511249496,0.21575607956544166,0.21575607956544166,0.20932825229169705,0.04567519051778077,0.04567519051778077,0.03316039883325256
EleutherAI/pythia-2.8b,1,6,-0.005268727700541653,-0.0022631066990648208,-0.003765917199803237,0.40747942188546926,0.40747942188546926,0.3941447113311958,0.11854534769760516,0.11854534769760516,0.12341693907839858,0.2889340741878641,0.2889340741878641,0.2707277722527972
EleutherAI/pythia-2.8b,1,7,-0.004540390855684251,8.602592888795613e-05,-0.0022271824633981474,0.2757810842936864,0.2757810842936864,0.2572764369062648,0.27737723917994295,0.27737723917994295,0.2527113292113806,-0.001596154886256529,-0.001596154886256529,0.004565107694884163
EleutherAI/pythia-2.8b,1,8,-0.0017368586983268486,-0.0025250292199801017,-0.002130943959153475,0.32091423214217407,0.32091423214217407,0.3460565835741916,0.19093262801314134,0.19093262801314134,0.20663879420831252,0.12998160412903273,0.12998160412903273,0.1394177893658791
EleutherAI/pythia-2.8b,1,9,-0.0005132720226379561,0.002246526282603245,0.0008666271299826445,0.35823465716005803,0.35823465716005803,0.3557655811986672,0.21371699966305205,0.21371699966305205,0.20447946204391818,0.14451765749700599,0.14451765749700599,0.15128611915474902
EleutherAI/pythia-2.8b,1,10,-0.002789594995693978,-0.0037983571450541653,-0.0032939760703740717,0.3585090323446112,0.3585090323446112,0.3604928534322959,0.11005512885492677,0.11005512885492677,0.10735210285160277,0.2484539034896844,0.2484539034896844,0.2531407505806932
EleutherAI/pythia-2.8b,1,11,0.014313705324187964,0.011678380290354173,0.012996042807271069,0.11891792234990907,0.11891792234990907,0.11860939685089317,0.09029540288371767,0.09029540288371767,0.08988936208226767,0.028622519466191404,0.028622519466191404,0.028720034768625502
EleutherAI/pythia-2.8b,1,12,-4.950095349443018e-05,0.0024817759596458266,0.0012161375030756982,0.14333704382101503,0.14333704382101503,0.14299215930829426,0.12600205111817966,0.12600205111817966,0.11361600008784735,0.017334992702835367,0.017334992702835367,0.02937615922044691
EleutherAI/pythia-2.8b,1,13,-0.003239669199065265,0.00027297613188981273,-0.001483346533587726,0.3194481533852357,0.3194481533852357,0.32827193864178356,0.20642515261631955,0.20642515261631955,0.20325644849945174,0.11302300076891614,0.11302300076891614,0.12501549014233182
EleutherAI/pythia-2.8b,1,14,-0.002069428211122215,0.001922847717765741,-7.329024667823703e-05,0.34110558896168724,0.34110558896168724,0.33123735854784214,0.19162275808026236,0.19162275808026236,0.19059504498259802,0.1494828308814249,0.1494828308814249,0.14064231356524412
EleutherAI/pythia-2.8b,1,15,-0.0027994471272148047,-0.0003013310469981434,-0.001550389087106474,0.2685067224093257,0.2685067224093257,0.2544669334717733,0.12941725846895574,0.12941725846895574,0.12421270093897165,0.13908946394036997,0.13908946394036997,0.13025423253280166
EleutherAI/pythia-2.8b,1,16,-0.006681186946358331,-0.0009140855684055538,-0.003797636257381942,0.24949841384034332,0.24949841384034332,0.23903519954208338,0.16356027160937506,0.16356027160937506,0.15919078580596327,0.08593814223096827,0.08593814223096827,0.07984441373612011
EleutherAI/pythia-2.8b,1,17,-0.004864790308193978,-0.0013658418430115837,-0.003115316075602781,0.31564182008102265,0.31564182008102265,0.3078587349974427,0.17145543068253338,0.17145543068253338,0.1648590176021206,0.14418638939848927,0.14418638939848927,0.1429997173953221
EleutherAI/pythia-2.8b,1,18,-0.00021266186331203585,0.001819039892962504,0.0008031890148252341,0.27226207021920085,0.27226207021920085,0.27662220600720905,0.11801214011565903,0.11801214011565903,0.12659920589116858,0.15424993010354182,0.15424993010354182,0.15002300011604047
EleutherAI/pythia-2.8b,1,19,-0.00890872985359259,-0.002137191652312964,-0.005522960752952777,0.4308392880192528,0.4308392880192528,0.4317036543141326,0.2654504067140448,0.2654504067140448,0.26367985792851,0.165388881305208,0.165388881305208,0.1680237963856226
EleutherAI/pythia-2.8b,1,20,-0.005662572665477317,-0.0061126468688486035,-0.00588760976716296,0.30538230904553854,0.30538230904553854,0.2929607230305232,0.18424353473524815,0.18424353473524815,0.17884560634505345,0.12113877431029038,0.12113877431029038,0.11411511668546973
EleutherAI/pythia-2.8b,1,21,-0.005229319174458791,-0.0032576913908708427,-0.004243505282664817,0.43105910883686527,0.43105910883686527,0.41915366863496656,0.16453414237021635,0.16453414237021635,0.16479674131644256,0.2665249664666489,0.2665249664666489,0.254356927318524
EleutherAI/pythia-2.8b,1,22,0.0019733098548226913,0.0031834399606300856,0.0025783749077263884,0.40658446763269224,0.40658446763269224,0.3996840127993902,0.1746192859480071,0.1746192859480071,0.1760790688270684,0.23196518168468513,0.23196518168468513,0.2236049439723218
EleutherAI/pythia-2.8b,1,23,-0.006056417630413424,-0.005487396961122215,-0.00577190729576782,0.3881337660310957,0.3881337660310957,0.3721758015306685,0.1523455105287026,0.1523455105287026,0.14687498967392829,0.23578825550239307,0.23578825550239307,0.2253008118567402
EleutherAI/pythia-2.8b,1,24,-0.0009794460506893365,-0.0007530873216041734,-0.000866266686146755,0.2577622876441043,0.2577622876441043,0.2582852683088162,0.12843437442711636,0.12843437442711636,0.1378363122756966,0.12932791321698794,0.12932791321698794,0.12044895603311961
EleutherAI/pythia-2.8b,1,25,-0.0022253802442175896,-0.0034090778020421375,-0.0028172290231298636,0.38531919728437447,0.38531919728437447,0.36516720003958036,0.1082901670062512,0.1082901670062512,0.1068308402754107,0.27702903027812326,0.27702903027812326,0.2583363597641697
EleutherAI/pythia-2.8b,1,26,-0.0007050281434550776,0.0033127191498523167,0.0013038455031986196,0.28580162758566896,0.28580162758566896,0.28192533208489007,0.12630053036848782,0.12630053036848782,0.11103378522347869,0.15950109721718114,0.15950109721718114,0.1708915468614114
EleutherAI/pythia-2.8b,1,27,0.0008549727792814821,-0.000573826587106474,0.000140573096087504,0.31788177321794775,0.31788177321794775,0.3059163904481448,0.18720614108482242,0.18720614108482242,0.18301301836631198,0.13067563213312533,0.13067563213312533,0.1229033720818328
EleutherAI/pythia-2.8b,1,28,-0.0025891882228101792,0.004027839720718518,0.0007193257489541693,0.3512911483637413,0.3512911483637413,0.3773757994336806,0.24025891672620828,0.24025891672620828,0.24592295572155465,0.11103223163753304,0.11103223163753304,0.13145284371212596
EleutherAI/pythia-2.8b,1,29,0.0027388925627458427,0.005295881136195835,0.004017386849470839,0.3974639552824946,0.3974639552824946,0.4115481192222775,0.12265544472034658,0.12265544472034658,0.12292176972614408,0.27480851056214806,0.27480851056214806,0.2886263494961334
EleutherAI/pythia-2.8b,1,30,-0.0032377468319393365,-0.004526934285802309,-0.0038823405588708226,0.3504083824789347,0.3504083824789347,0.3530572981872546,0.12629065152289898,0.12629065152289898,0.13273438278320746,0.2241177309560357,0.2241177309560357,0.22032291540404716
EleutherAI/pythia-2.8b,1,31,-0.0026146595872296174,-0.003326416015625,-0.0029705378014273087,0.293083001571853,0.293083001571853,0.27886977680290914,0.1451023761040087,0.1451023761040087,0.13607589696538025,0.14798062546784432,0.14798062546784432,0.1427938798375289
EleutherAI/pythia-2.8b,2,0,-0.004016305517962948,-0.0036222202571356554,-0.0038192628875493018,0.4592784411062937,0.4592784411062937,0.45367681926266623,0.1976946709593266,0.1976946709593266,0.1963871820252419,0.2615837701469671,0.2615837701469671,0.2572896372374243
EleutherAI/pythia-2.8b,2,1,-0.004896989957554165,-0.002624752014640741,-0.003760870986097453,0.4907015890544987,0.4907015890544987,0.5107442320024247,0.154020573803639,0.154020573803639,0.15880721129891714,0.3366810152508597,0.3366810152508597,0.3519370207035075
EleutherAI/pythia-2.8b,2,2,-0.0026961198941930498,0.000329205370324992,-0.001183457261934029,0.27532094863064827,0.27532094863064827,0.271376214711225,0.13524347276859988,0.13524347276859988,0.13994276876658618,0.14007747586204838,0.14007747586204838,0.1314334459446388
EleutherAI/pythia-2.8b,2,3,0.0009364330862449144,-0.0012721264456199144,-0.0001678466796875,0.15326479341365484,0.15326479341365484,0.15942198253370535,0.05955931206617385,0.05955931206617385,0.0746677375475339,0.093705481347481,0.093705481347481,0.08475424498617144
EleutherAI/pythia-2.8b,2,4,-0.00232534333476897,0.0011663962536911932,-0.0005794735405388884,0.344364455376836,0.344364455376836,0.34871221490922855,0.21142504294490086,0.21142504294490086,0.1987633440750017,0.13293941243193516,0.13293941243193516,0.14994887083422684
EleutherAI/pythia-2.8b,2,5,-0.002214566929134243,-0.0033540500430611075,-0.0027843084860976752,0.30469911824754015,0.30469911824754015,0.29024313139062563,0.19418072044693221,0.19418072044693221,0.18418888919098558,0.11051839780060793,0.11051839780060793,0.10605424219964005
EleutherAI/pythia-2.8b,2,6,-0.001275971179872215,-0.002489705724040281,-0.001882838451956248,0.33948442958362685,0.33948442958362685,0.3454509481914986,0.1668338036813942,0.1668338036813942,0.15193628893510996,0.17265062590223265,0.17265062590223265,0.1935146592563886
EleutherAI/pythia-2.8b,2,7,-0.005261278527928237,-0.0020242525836615677,-0.0036427655557949024,0.47222544257446436,0.47222544257446436,0.5005084063713735,0.21135256385603168,0.21135256385603168,0.2041627777854175,0.2608728787184327,0.2608728787184327,0.29634562858595603
EleutherAI/pythia-2.8b,2,8,0.001758004736712504,0.003197857714074992,0.002477931225393748,0.3608457166096589,0.3608457166096589,0.3488952100288765,0.1645689022837979,0.1645689022837979,0.16208577414681893,0.19627681432586103,0.19627681432586103,0.1868094358820576
EleutherAI/pythia-2.8b,2,9,-0.0018224040354333226,0.0002225139948328625,-0.0007999450203002301,0.32877968662470214,0.32877968662470214,0.3221865636893829,0.2150606465215483,0.2150606465215483,0.2159695055941369,0.11371904010315384,0.11371904010315384,0.10621705809524601
EleutherAI/pythia-2.8b,2,10,-0.0097257358821361,-0.004332775206077777,-0.007029255544106938,0.2743268564215212,0.2743268564215212,0.2849283807780783,0.2951448638046229,0.2951448638046229,0.30103701987682896,-0.02081800738310169,-0.02081800738310169,-0.016108639098750654
EleutherAI/pythia-2.8b,2,11,0.007219209445743058,0.003283883642962504,0.005251546544352781,0.721434583948043,0.721434583948043,0.7132015871964927,0.16263731357053898,0.16263731357053898,0.15300560711879493,0.558797270377504,0.558797270377504,0.5601959800776978
EleutherAI/pythia-2.8b,2,12,0.002129502183808807,0.003235103577140741,0.002682302880474774,0.35434277924529606,0.35434277924529606,0.30657227973153395,0.23708128087206876,0.23708128087206876,0.21123474160342462,0.1172614983732273,0.1172614983732273,0.09533753812810933
EleutherAI/pythia-2.8b,2,13,-0.0020295390932578705,-0.001281978577140741,-0.0016557588351993058,0.5043513509048815,0.5043513509048815,0.5333310113591323,0.11902081877540724,0.11902081877540724,0.12037699678158092,0.3853305321294742,0.3853305321294742,0.4129540145775514
EleutherAI/pythia-2.8b,2,14,-0.0035986712598425896,-0.002026174950787496,-0.002812423105315043,0.4241253335433068,0.4241253335433068,0.42793213081906617,0.17820180461682875,0.17820180461682875,0.18134075869264277,0.24592352892647804,0.24592352892647804,0.2465913721264234
EleutherAI/pythia-2.8b,2,15,-0.004004050427534711,-0.001184418445497215,-0.002594234436515963,0.40969233122253595,0.40969233122253595,0.4389689763940058,0.22318075144236835,0.22318075144236835,0.24096550981687595,0.1865115797801676,0.1865115797801676,0.19800346657712983
EleutherAI/pythia-2.8b,2,16,-0.0017339751476379561,0.0024087260088583307,0.00033737543061018727,0.3802919070755051,0.3802919070755051,0.3820847369685807,0.19478222029813047,0.19478222029813047,0.1803496722713099,0.18550968677737462,0.18550968677737462,0.2017350646972708
EleutherAI/pythia-2.8b,2,17,-0.005861537663017113,-0.0058867687315453665,-0.00587415319728124,0.23034331323212362,0.23034331323212362,0.23057765560936852,0.1543717144344802,0.1543717144344802,0.1574992101068257,0.07597159879764342,0.07597159879764342,0.07307844550254283
EleutherAI/pythia-2.8b,2,18,-0.001220943420890741,0.0004226804718259203,-0.0003991314745324104,0.3115335552085193,0.3115335552085193,0.2915709141930541,0.09560546994460867,0.09560546994460867,0.09120700263732466,0.2159280852639106,0.2159280852639106,0.2003639115557294
EleutherAI/pythia-2.8b,2,19,7.737527682083467e-05,0.0016150286817175896,0.0008462019792692121,0.4664224933897952,0.4664224933897952,0.4417634873505048,0.16666540912952826,0.16666540912952826,0.16223622342454963,0.2997570842602669,0.2997570842602669,0.27952726392595517
EleutherAI/pythia-2.8b,2,20,0.00029796690452732477,0.003040704201525468,0.0016693355530263965,0.41527433950642356,0.41527433950642356,0.4011382716305729,0.16499008096667334,0.16499008096667334,0.1562413202483108,0.2502842585397502,0.2502842585397502,0.2448969513822621
EleutherAI/pythia-2.8b,2,21,-0.0021698718934550776,-0.001201960045521755,-0.0016859159694884163,0.3401664272604484,0.3401664272604484,0.3466803964450615,0.18300442958015364,0.18300442958015364,0.18907061470511285,0.15716199768029473,0.15716199768029473,0.15760978173994863
EleutherAI/pythia-2.8b,2,22,-0.0001571535125495238,0.006273164523868058,0.003058005505659267,0.2489859900378543,0.2489859900378543,0.2561405591603736,0.1355719595576482,0.1355719595576482,0.14176248266480027,0.1134140304802061,0.1134140304802061,0.11437807649557333
EleutherAI/pythia-2.8b,2,23,-0.0036152516763041653,-0.004766749584768526,-0.004191000630536346,0.2668520480328522,0.2668520480328522,0.2408001246966789,0.19245342815556224,0.19245342815556224,0.18306315665813688,0.07439861987728993,0.07439861987728993,0.05773696803854203
EleutherAI/pythia-2.8b,2,24,-0.0043491153266486116,-0.002064381997416209,-0.0032067486620324104,0.28514471731345054,0.28514471731345054,0.279812043988049,0.158626509814929,0.158626509814929,0.16761920487811505,0.12651820749852152,0.12651820749852152,0.11219283910993394
EleutherAI/pythia-2.8b,2,25,-0.002100426381028697,0.0002491868387055618,-0.0009256197711615677,0.04613055376633269,0.04613055376633269,0.02631056865521807,0.08814745592763491,0.08814745592763491,0.08555828145158755,-0.04201690216130222,-0.04201690216130222,-0.05924771279636948
EleutherAI/pythia-2.8b,2,26,4.902036171250401e-05,-0.00012447327140741038,-3.7726454847453184e-05,0.5156349690703104,0.5156349690703104,0.5223522650092662,0.1736369535268657,0.1736369535268657,0.16860665470320227,0.34199801554344467,0.34199801554344467,0.353745610306064
EleutherAI/pythia-2.8b,2,27,0.0002777820497046335,0.00017589659202776886,0.00022683932086620118,0.5340490825377853,0.5340490825377853,0.5375720530336273,0.15965638401679624,0.15965638401679624,0.1561101955565724,0.374392698520989,0.374392698520989,0.3814618574770549
EleutherAI/pythia-2.8b,2,28,0.001874788539615757,0.0023356760580708347,0.002105232298843296,0.3715723555610387,0.3715723555610387,0.3707010955908991,0.22746994028503734,0.22746994028503734,0.2243224826396938,0.14410241527600134,0.14410241527600134,0.1463786129512053
EleutherAI/pythia-2.8b,2,29,-0.007039468119463876,-0.001666211706446763,-0.00435283991295532,0.13424215710549775,0.13424215710549775,0.1434429874937705,0.12859011480005808,0.12859011480005808,0.13752052825209077,0.00565204230543967,0.00565204230543967,0.005922459241679723
EleutherAI/pythia-2.8b,2,30,-0.002539446973425452,-0.00717403381828241,-0.004856740395853931,0.30341266214104917,0.30341266214104917,0.29014964716390873,0.21145576913171032,0.21145576913171032,0.20805725235449468,0.09195689300933885,0.09195689300933885,0.08209239480941405
EleutherAI/pythia-2.8b,2,31,-0.008050633227731474,-0.0035174512487694543,-0.005784042238250464,0.3341834893518715,0.3341834893518715,0.308653933436748,0.18487242807660254,0.18487242807660254,0.18899988512226615,0.14931106127526894,0.14931106127526894,0.11965404831448187
EleutherAI/pythia-2.8b,3,0,-0.005382147360974532,-0.0035981906680611075,-0.00449016901451782,0.1924731493702707,0.1924731493702707,0.13367622596681947,0.18395563003473953,0.18395563003473953,0.16446928438084632,0.008517519335531187,0.008517519335531187,-0.030793058414026853
EleutherAI/pythia-2.8b,3,1,-0.00792543906865184,-0.0028463048259101953,-0.005385871947281018,0.25839989854416384,0.25839989854416384,0.25595627453605146,0.09863107576206034,0.09863107576206034,0.0934244565548561,0.1597688227821035,0.1597688227821035,0.16253181798119537
EleutherAI/pythia-2.8b,3,2,-0.0017474317175198983,-0.0021638644961861075,-0.001955648106853003,0.2410105096560718,0.2410105096560718,0.2523248614459155,0.1893794795998839,0.1893794795998839,0.1891534163504471,0.05163103005618788,0.05163103005618788,0.06317144509546838
EleutherAI/pythia-2.8b,3,3,0.0007852869709643606,0.0030534398837351873,0.001919363427349774,0.5678618518379411,0.5678618518379411,0.5746630136807968,0.19271311298246377,0.19271311298246377,0.2163986480386305,0.3751487388554774,0.3751487388554774,0.35826436564216624
EleutherAI/pythia-2.8b,3,4,-0.004387322373277769,-0.00336390217458149,-0.0038756122739296295,0.20677754876062748,0.20677754876062748,0.20096416799681494,0.13287448420721812,0.13287448420721812,0.13431339604232748,0.07390306455340936,0.07390306455340936,0.06665077195448746
EleutherAI/pythia-2.8b,3,5,-0.0016469880351870358,-0.001501368725393526,-0.001574178380290281,0.24872937791318633,0.24872937791318633,0.23599744766738784,0.1864083478392727,0.1864083478392727,0.19070420407052288,0.062321030073913625,0.062321030073913625,0.04529324359686496
EleutherAI/pythia-2.8b,3,6,-0.0003565991018703585,-0.0013668030265745479,-0.0008617010642224532,0.27535378711766095,0.27535378711766095,0.25966436521685493,0.1547703691421201,0.1547703691421201,0.15242242968887995,0.12058341797554084,0.12058341797554084,0.10724193552797498
EleutherAI/pythia-2.8b,3,7,-0.0033408337690699064,-0.0016563595749259363,-0.0024985966719979213,0.3449985519077032,0.3449985519077032,0.35647376174847883,0.27292108933474646,0.27292108933474646,0.29136622132382695,0.07207746257295672,0.07207746257295672,0.06510754042465189
EleutherAI/pythia-2.8b,3,8,0.001330998938853245,0.004103292630413424,0.0027171457846333347,0.35559448855227127,0.35559448855227127,0.3663267367435113,0.23305416002434828,0.23305416002434828,0.25083699802661164,0.12254032852792299,0.12254032852792299,0.11548973871689966
EleutherAI/pythia-2.8b,3,9,-0.005907434178149984,-0.004132128137303237,-0.0050197811577266105,0.272803779841818,0.272803779841818,0.27940605055954304,0.2021469623328272,0.2021469623328272,0.20168313011583547,0.07065681750899078,0.07065681750899078,0.07772292044370757
EleutherAI/pythia-2.8b,3,10,-0.005886288139763884,-0.002697801965428237,-0.004292045052596061,0.26189402534083905,0.26189402534083905,0.2495745599028611,0.12972773097009074,0.12972773097009074,0.13606573509524086,0.1321662943707483,0.1321662943707483,0.11350882480762023
EleutherAI/pythia-2.8b,3,11,-0.0021893358606055457,0.0005872831569884163,-0.0008010263518085647,0.0741999121280718,0.0741999121280718,0.10895176626037484,0.13639593348008255,0.13639593348008255,0.17050674800235646,-0.06219602135201076,-0.06219602135201076,-0.061554981741981624
EleutherAI/pythia-2.8b,3,12,-0.012855589859129157,-0.004514679195374072,-0.008685134527251615,0.2247746320310602,0.2247746320310602,0.21396600693715193,0.18701959350659395,0.18701959350659395,0.18531463855482688,0.03775503852446627,0.03775503852446627,0.028651368382325043
EleutherAI/pythia-2.8b,3,13,-0.00452020600086156,-0.0026502233790601792,-0.0035852146899608694,0.1998786889155069,0.1998786889155069,0.21801611505230364,0.25143485046097397,0.25143485046097397,0.2687921000871059,-0.05155616154546708,-0.05155616154546708,-0.05077598503480227
EleutherAI/pythia-2.8b,3,14,-0.0008338267408958266,-0.0008919783464564901,-0.0008629025436761584,0.2700127177646445,0.2700127177646445,0.2816228006683092,0.09408481377935222,0.09408481377935222,0.11214003818649979,0.1759279039852923,0.1759279039852923,0.1694827624818094
EleutherAI/pythia-2.8b,3,15,-0.002599520946112488,-0.0037125715120569502,-0.003156046229084719,0.195614630863349,0.195614630863349,0.17780564951817904,0.15709803981686726,0.15709803981686726,0.1467638662915535,0.038516591046481724,0.038516591046481724,0.03104178322662554
EleutherAI/pythia-2.8b,3,16,-0.008211631474532854,-0.006056417630413424,-0.007134024552473139,0.3750309074143377,0.3750309074143377,0.37849389794333604,0.1077013844565689,0.1077013844565689,0.11559932975427098,0.2673295229577688,0.2673295229577688,0.2628945681890651
EleutherAI/pythia-2.8b,3,17,-0.004851574034202777,0.00011077640563472713,-0.002370398814284025,0.005513393423843522,0.005513393423843522,-0.00657023136888145,0.08712849959586556,0.08712849959586556,0.08272283134494758,-0.08161510617202204,-0.08161510617202204,-0.08929306271382903
EleutherAI/pythia-2.8b,3,18,-0.006145327109990273,-0.0037697619340550936,-0.004957544522022683,0.3990967893663707,0.3990967893663707,0.4229954928765844,0.27353280010497766,0.27353280010497766,0.2961064573265399,0.12556398926139306,0.12556398926139306,0.1268890355500445
EleutherAI/pythia-2.8b,3,19,0.004161684531864829,0.0016270434762550856,0.002894364004059957,0.34671165573488577,0.34671165573488577,0.33034000319624346,0.1323320986217121,0.1323320986217121,0.13987775015390091,0.21437955711317366,0.21437955711317366,0.19046225304234254
EleutherAI/pythia-2.8b,3,20,-0.003972091074065265,-0.00031767116756897806,-0.0021448811208171215,0.2849251231050689,0.2849251231050689,0.28801133789202715,0.17700486703829055,0.17700486703829055,0.18115077659782994,0.10792025606677835,0.10792025606677835,0.10686056129419721
EleutherAI/pythia-2.8b,3,21,-0.004544956477608331,-0.0039040873369833307,-0.004224521907295831,0.3056758004884307,0.3056758004884307,0.32473157221512905,0.1716389159129857,0.1716389159129857,0.18627401367532512,0.134036884575445,0.134036884575445,0.13845755853980393
EleutherAI/pythia-2.8b,3,22,0.0013994832677162172,0.002685787170890741,0.002042635219303479,-0.08573198489933372,-0.08573198489933372,-0.07234113958538084,-0.023065721071457712,-0.023065721071457712,-0.005812350209082542,-0.062666263827876,-0.062666263827876,-0.0665287893762983
EleutherAI/pythia-2.8b,3,23,-0.006245770792323135,-0.004289521945743058,-0.005267646369033097,0.4137670494605741,0.4137670494605741,0.40584602212018894,0.07298753569974419,0.07298753569974419,0.07996783112514784,0.3407795137608299,0.3407795137608299,0.3258781909950411
EleutherAI/pythia-2.8b,3,24,-0.0036351962352365597,-0.003057284617987044,-0.0033462404266118018,0.25960103895115266,0.25960103895115266,0.28095920997592777,0.09911936140822769,0.09911936140822769,0.1123927449297572,0.16048167754292497,0.16048167754292497,0.16856646504617057
EleutherAI/pythia-2.8b,3,25,-0.0008448803518703585,0.0003361739511564821,-0.0002543532003569382,0.1255065341958254,0.1255065341958254,0.13827181775256153,0.07127553960985711,0.07127553960985711,0.08427949965239243,0.05423099458596828,0.05423099458596828,0.05399231810016911
EleutherAI/pythia-2.8b,3,26,-0.0007439560777560139,0.002501239926796295,0.0008786419245201404,0.2759713371900098,0.2759713371900098,0.2830972987701157,0.08713330670528688,0.08713330670528688,0.09022712539487521,0.18883803048472295,0.18883803048472295,0.19287017337524048
EleutherAI/pythia-2.8b,3,27,-0.0012406476839323943,0.0024687999815453665,0.0006140761488064861,0.22370847266939012,0.22370847266939012,0.25392631147253525,0.1862040026230877,0.1862040026230877,0.21054897846695853,0.03750447004630242,0.03750447004630242,0.043377333005576724
EleutherAI/pythia-2.8b,3,28,-0.0016592431256152729,0.0007699080339569342,-0.00044466754582916934,0.2838774078694905,0.2838774078694905,0.24484926416013203,0.21665617269460327,0.21665617269460327,0.18593446323742555,0.06722123517488723,0.06722123517488723,0.058914800922706484
EleutherAI/pythia-2.8b,3,29,0.0029405008150833467,0.0033658245417078625,0.0031531626783956046,0.6011676777741555,0.6011676777741555,0.6271513550544179,0.21151947239822827,0.21151947239822827,0.23972744301294205,0.3896482053759272,0.3896482053759272,0.38742391204147586
EleutherAI/pythia-2.8b,3,30,0.003857950525959275,0.006384661817175452,0.0051213061715673636,0.2886413894040356,0.2886413894040356,0.2634451817322144,0.1715237710909772,0.1715237710909772,0.15551333645304694,0.11711761831305842,0.11711761831305842,0.10793184527916744
EleutherAI/pythia-2.8b,3,31,-0.0017837163970226833,0.0020910548412893526,0.00015366922213333467,0.294492661451419,0.294492661451419,0.2809070394740165,0.17762019412276195,0.17762019412276195,0.18623766823077895,0.11687246732865705,0.11687246732865705,0.09466937124323757
EleutherAI/pythia-2.8b,4,0,-0.001966341273991201,0.0007297786202018486,-0.0006182813268946763,0.24930826306010023,0.24930826306010023,0.24412880600714665,0.1973998136497078,0.1973998136497078,0.19647658318179553,0.05190844941039244,0.05190844941039244,0.047652222825351115
EleutherAI/pythia-2.8b,4,1,2.8835506889812734e-05,0.001922847717765741,0.0009758416123277769,0.7211128446178489,0.7211128446178489,0.7199746761037054,0.15269373919245285,0.15269373919245285,0.16069450849357333,0.568419105425396,0.568419105425396,0.559280167610132
EleutherAI/pythia-2.8b,4,2,0.0028297244094486196,0.0013884296567421295,0.0021090770330953745,0.4893325847924715,0.4893325847924715,0.49664457418880265,0.1945547415456939,0.1945547415456939,0.20550014747152634,0.2947778432467776,0.2947778432467776,0.2911444267172763
EleutherAI/pythia-2.8b,4,3,-0.007443645807701849,-0.0012255090428148208,-0.004334577425258335,0.7164201116927541,0.7164201116927541,0.7238810814488092,0.13219565986702847,0.13219565986702847,0.14030022557654492,0.5842244518257256,0.5842244518257256,0.5835808558722644
EleutherAI/pythia-2.8b,4,4,0.00032151590182083467,0.004121555118110187,0.002221535509965511,0.38724733691858065,0.38724733691858065,0.4156917740821925,0.26100009028883636,0.26100009028883636,0.27872962586191713,0.1262472466297443,0.1262472466297443,0.13696214822027536
EleutherAI/pythia-2.8b,4,5,-0.0017767478161911932,-0.0003311277374509203,-0.0010539377768210567,0.3311537651016899,0.3311537651016899,0.358808704796763,0.16028458122007364,0.16028458122007364,0.17856713480325992,0.1708691838816163,0.1708691838816163,0.1802415699935031
EleutherAI/pythia-2.8b,4,6,-0.0026949184147393446,-0.0021999088797981514,-0.002447413647268748,0.3025031392433244,0.3025031392433244,0.2968378648301664,0.17105203324415666,0.17105203324415666,0.17653867748565355,0.13145110599916773,0.13145110599916773,0.12029918734451284
EleutherAI/pythia-2.8b,4,7,0.0008309431902064901,0.0007415531188486035,0.0007862481545275468,0.3007213782308604,0.3007213782308604,0.2832942113919207,0.20454986115526938,0.20454986115526938,0.20266344914745463,0.09617151707559105,0.09617151707559105,0.08063076224446605
EleutherAI/pythia-2.8b,4,8,0.00015595203309537453,0.00042508343073333066,0.0002905177319143526,0.3775592633566567,0.3775592633566567,0.38218017603404,0.16495319774288808,0.16495319774288808,0.15596394412308903,0.2126060656137686,0.2126060656137686,0.22621623191095094
EleutherAI/pythia-2.8b,4,9,-0.0017298901174953585,-0.00046064722256389246,-0.0010952686700296255,0.19575120075870925,0.19575120075870925,0.19433561551450182,0.1919069811962377,0.1919069811962377,0.19569316443203136,0.0038442195624715514,0.0038442195624715514,-0.0013575489175295385
EleutherAI/pythia-2.8b,4,10,-0.004969078724778697,-0.0012420894592763965,-0.003105584092027547,0.21191772772849643,0.21191772772849643,0.216644175042555,0.09934125142539536,0.09934125142539536,0.09433053490414478,0.11257647630310107,0.11257647630310107,0.12231364013841023
EleutherAI/pythia-2.8b,4,11,-0.006535087044783783,-0.002562755674827777,-0.00454892135980578,0.3965048579014787,0.3965048579014787,0.3847687414853946,0.17721554133872916,0.17721554133872916,0.17688629596817754,0.21928931656274955,0.21928931656274955,0.20788244551721705
EleutherAI/pythia-2.8b,4,12,-0.001019815760334719,0.0025673212967518566,0.0007737527682085688,0.41141483770393655,0.41141483770393655,0.40866183022427055,0.20927800213462253,0.20927800213462253,0.2198196784778931,0.20213683556931403,0.20213683556931403,0.18884215174637745
EleutherAI/pythia-2.8b,4,13,-0.008252241480068978,-0.00493327463705695,-0.006592758058562964,0.7508293132389189,0.7508293132389189,0.7644430006199744,0.15917628582352963,0.15917628582352963,0.1585878450554143,0.5916530274153893,0.5916530274153893,0.6058551555645602
EleutherAI/pythia-2.8b,4,14,-0.0025346410556101873,0.00026096133735231675,-0.0011368398591289353,0.3192707942410623,0.3192707942410623,0.3330693708529339,0.1422826799713421,0.1422826799713421,0.131051237820424,0.1769881142697202,0.1769881142697202,0.20201813303250993
EleutherAI/pythia-2.8b,4,15,-0.0006879671352115757,-0.0027569147545523087,-0.0017224409448819422,0.38688037995692093,0.38688037995692093,0.3896464008920323,0.2562624148458673,0.2562624148458673,0.2506162185934374,0.1306179651110536,0.1306179651110536,0.13903018229859487
EleutherAI/pythia-2.8b,4,16,0.010010967104453705,0.009331650621309251,0.009671308862881478,0.38378027496496114,0.38378027496496114,0.3908740566842884,0.11426705226432118,0.11426705226432118,0.11791161785766273,0.26951322270063993,0.26951322270063993,0.27296243882662563
EleutherAI/pythia-2.8b,4,17,-0.005533774068036568,-0.0019307774821601953,-0.0037322757750983815,0.431381369597844,0.431381369597844,0.41725974950914024,0.11929807524320656,0.11929807524320656,0.11382506728732121,0.31208329435463744,0.31208329435463744,0.303434682221819
EleutherAI/pythia-2.8b,4,18,-0.0027424970011074024,0.0004935677595963028,-0.0011244646207555498,0.3496276314915487,0.3496276314915487,0.3546625843740336,0.10170593670442679,0.10170593670442679,0.09840749324561916,0.2479216947871219,0.2479216947871219,0.25625509112841444
EleutherAI/pythia-2.8b,4,19,0.00048539769931066346,0.0015167476624013965,0.00100107268085603,0.3005074159862893,0.3005074159862893,0.2653186303725134,0.21101398103532634,0.21101398103532634,0.20637409503546417,0.08949343495096293,0.08949343495096293,0.05894453533704924
EleutherAI/pythia-2.8b,4,20,-0.00026672843873054575,0.000952292615034267,0.0003427820881518606,0.28420392654370125,0.28420392654370125,0.2614253438882519,0.16269713020256665,0.16269713020256665,0.1677058395235164,0.12150679634113459,0.12150679634113459,0.0937195043647355
EleutherAI/pythia-2.8b,4,21,-0.0023296686608023087,-0.0015982079693652729,-0.001963938315083791,0.3085654762685802,0.3085654762685802,0.32341275372864114,0.19595524578434428,0.19595524578434428,0.20555605992024173,0.11261023048423593,0.11261023048423593,0.11785669380839942
EleutherAI/pythia-2.8b,4,22,-0.0003986508827513724,-0.004812165508119914,-0.0026054081954356434,0.30572214428251054,0.30572214428251054,0.30649024202479425,0.16543213115049213,0.16543213115049213,0.1751522683801763,0.14029001313201842,0.14029001313201842,0.13133797364461794
EleutherAI/pythia-2.8b,4,23,-0.00042940875676711343,0.0021410363865648208,0.0008558138148988537,0.8028200787238755,0.8028200787238755,0.8060988302440103,0.14688072184571374,0.14688072184571374,0.16021318601402404,0.6559393568781617,0.6559393568781617,0.6458856442299863
EleutherAI/pythia-2.8b,4,24,-0.00041619248277591225,-0.0006117933378444462,-0.0005139929103101792,0.3860215082093805,0.3860215082093805,0.3966823364919223,0.12396993344835631,0.12396993344835631,0.1366579232165665,0.2620515747610242,0.2620515747610242,0.2600244132753558
EleutherAI/pythia-2.8b,4,25,-0.00022587813730323703,0.0031831996647393446,0.0014786607637180538,0.386568389093275,0.386568389093275,0.38355994899766516,0.15597706559468563,0.15597706559468563,0.16094030821505217,0.23059132349858938,0.23059132349858938,0.22261964078261298
EleutherAI/pythia-2.8b,4,26,-0.005004161924827777,-0.004340224378690749,-0.004672193151759263,0.8815114951053612,0.8815114951053612,0.8644874926695901,0.13735012138254135,0.13735012138254135,0.14260721803085705,0.7441613737228199,0.7441613737228199,0.721880274638733
EleutherAI/pythia-2.8b,4,27,-0.0064545879213828705,-0.0034165269746555538,-0.004935557448019212,0.17977521957915296,0.17977521957915296,0.1579151801172465,0.11361368949651908,0.11361368949651908,0.11733034762394487,0.06616153008263388,0.06616153008263388,0.04058483249330164
EleutherAI/pythia-2.8b,4,28,-0.0006855641763041653,-0.0008799635519194382,-0.0007827638641118018,0.2689970423792559,0.2689970423792559,0.2635783071340677,0.2037891988301953,0.2037891988301953,0.20567111518602982,0.06520784354906062,0.06520784354906062,0.057907191948037895
EleutherAI/pythia-2.8b,4,29,-0.00536652812807592,-0.0038375253752458427,-0.0046020267516608815,0.29052150454975084,0.29052150454975084,0.28855085159841476,0.17701720641406696,0.17701720641406696,0.178056741660764,0.11350429813568388,0.11350429813568388,0.11049410993765077
EleutherAI/pythia-2.8b,4,30,-0.004183070866142113,-0.004107377660556022,-0.004145224263349068,0.4385585978743978,0.4385585978743978,0.4431942361609792,0.18545954761085487,0.18545954761085487,0.1937558506763987,0.25309905026354296,0.25309905026354296,0.2494383854845805
EleutherAI/pythia-2.8b,4,31,-0.001659964013287496,-0.004295529343011584,-0.00297774667814954,0.4220775598666127,0.4220775598666127,0.43749731962706156,0.17515772681029582,0.17515772681029582,0.1775189192909555,0.2469198330563169,0.2469198330563169,0.2599784003361061
EleutherAI/pythia-2.8b,5,0,-0.002641572726993502,-0.001294233667568978,-0.00196790319728124,0.3616347551819564,0.3616347551819564,0.37622032787718257,0.27164136298285924,0.27164136298285924,0.27152443363880185,0.08999339219909719,0.08999339219909719,0.10469589423838072
EleutherAI/pythia-2.8b,5,1,0.0022239384688726993,0.0014869509719490637,0.0018554447204108815,0.2306654293809222,0.2306654293809222,0.24101986438299933,0.2391298458126506,0.2391298458126506,0.25103144119238535,-0.008464416431728405,-0.008464416431728405,-0.010011576809386025
EleutherAI/pythia-2.8b,5,2,0.004157599501722231,0.0026941975270671215,0.0034258985143946763,0.3301400990446031,0.3301400990446031,0.30481600172421536,0.12469977348740176,0.12469977348740176,0.11555674103895248,0.20544032555720138,0.20544032555720138,0.1892592606852629
EleutherAI/pythia-2.8b,5,3,-0.001098873108390741,0.004352719765009727,0.001626923328309493,0.2540200816474788,0.2540200816474788,0.25891435741362967,0.19564477476321254,0.19564477476321254,0.2103297903486308,0.05837530688426626,0.05837530688426626,0.04858456706499886
EleutherAI/pythia-2.8b,5,4,-0.0015753798597444302,0.0006997416338583307,-0.00043781911294304976,0.6593189669780316,0.6593189669780316,0.6650988858443635,0.1592477224718842,0.1592477224718842,0.17040729797916115,0.5000712445061474,0.5000712445061474,0.49469158786520234
EleutherAI/pythia-2.8b,5,5,0.002845824234128713,0.0032516839936023167,0.003048754113865515,0.10736300657098345,0.10736300657098345,0.12635593192806518,0.13799145024107495,0.13799145024107495,0.14996240747977865,-0.0306284436700915,-0.0306284436700915,-0.02360647555171347
EleutherAI/pythia-2.8b,5,6,-0.0022614246278300776,-0.006379615603469446,-0.004320520115649762,0.34700872444660835,0.34700872444660835,0.34326947005777364,0.17341530034495667,0.17341530034495667,0.18057442511202434,0.17359342410165168,0.17359342410165168,0.1626950449457493
EleutherAI/pythia-2.8b,5,7,-0.002440685362327777,-0.0034835695281740797,-0.0029621274452509283,0.38218060191349906,0.38218060191349906,0.39805886751646613,0.21949239116386632,0.21949239116386632,0.24338116011522126,0.16268821074963274,0.16268821074963274,0.15467770740124487
EleutherAI/pythia-2.8b,5,8,-0.00438756266916851,-0.0009801669383611156,-0.0026838648037648127,0.29093791238090233,0.29093791238090233,0.29782572511175287,0.2038613969062129,0.2038613969062129,0.22162670151746758,0.08707651547468942,0.08707651547468942,0.07619902359428529
EleutherAI/pythia-2.8b,5,9,-0.0026336429625986035,0.0012214240126722231,-0.0007061094749631902,0.22918944747090692,0.22918944747090692,0.22705451843031516,0.213280124339799,0.213280124339799,0.22707415482133916,0.015909323131107905,0.015909323131107905,-1.963639102400827e-05
EleutherAI/pythia-2.8b,5,10,-0.003473717396653697,0.0014124592458171215,-0.0010306290754182879,0.12421033209960797,0.12421033209960797,0.13538072941100213,0.10723975159258792,0.10723975159258792,0.12191952885723188,0.01697058050702005,0.01697058050702005,0.013461200553770244
EleutherAI/pythia-2.8b,5,11,-0.0017111470380171134,-0.0009193720780018566,-0.001315259558009485,0.15915828441340393,0.15915828441340393,0.1575357980034297,0.10669066759426135,0.10669066759426135,0.1092603568982792,0.05246761681914258,0.05246761681914258,0.0482754411051505
EleutherAI/pythia-2.8b,5,12,-0.0037373219888041653,-0.0027023675873523167,-0.003219844788078241,0.32143391625015827,0.32143391625015827,0.31486003950640423,0.10590021857406255,0.10590021857406255,0.10533517499127303,0.2155336976760957,0.2155336976760957,0.2095248645151312
EleutherAI/pythia-2.8b,5,13,-0.00047722763902591225,0.0014689287801425976,0.0004958505705583427,0.404756609022511,0.404756609022511,0.4150746512822923,0.11264116593691852,0.11264116593691852,0.11852902923396756,0.29211544308559245,0.29211544308559245,0.29654562204832474
EleutherAI/pythia-2.8b,5,14,-0.0020533283864421215,0.0017373392901083307,-0.0001579945481668954,0.2647492517634827,0.2647492517634827,0.26105571436292796,0.1478254095690511,0.1478254095690511,0.15432637414507658,0.11692384219443158,0.11692384219443158,0.10672934021785138
EleutherAI/pythia-2.8b,5,15,-0.004009096641240273,0.0002948430579476913,-0.0018571267916462908,0.2866870270352818,0.2866870270352818,0.2864165238028055,0.2381170002888935,0.2381170002888935,0.236288870898122,0.04857002674638833,0.04857002674638833,0.05012765290468352
EleutherAI/pythia-2.8b,5,16,-0.0055020550104578625,-0.0028902789739171375,-0.0041961669921875,0.2893052232991898,0.2893052232991898,0.28541330542203636,0.14970043971604846,0.14970043971604846,0.16007779762259,0.13960478358314132,0.13960478358314132,0.12533550779944636
EleutherAI/pythia-2.8b,5,17,-0.00340042714997546,-0.004926786648006942,-0.004163606898991201,0.2796559612710495,0.2796559612710495,0.2788042100267619,0.050997822671440984,0.050997822671440984,0.05731060857950313,0.22865813859960854,0.22865813859960854,0.2214936014472588
EleutherAI/pythia-2.8b,5,18,-0.0017380601777805538,-0.003571758120078705,-0.0026549091489296295,0.29205641734101956,0.29205641734101956,0.27489416351017365,0.1520398926433613,0.1520398926433613,0.14769335324696767,0.14001652469765827,0.14001652469765827,0.12720081026320598
EleutherAI/pythia-2.8b,5,19,-0.0004481518362453585,0.0034501683993601873,0.0015010082815574144,0.16965648335091943,0.16965648335091943,0.15443036886743744,0.10046039897666402,0.10046039897666402,0.10477134006219341,0.06919608437425541,0.06919608437425541,0.04965902880524403
EleutherAI/pythia-2.8b,5,20,-0.0014545110266981354,-0.0022378756305365677,-0.0018461933286173515,0.3836295364916172,0.3836295364916172,0.39664175998053347,0.23951036093017403,0.23951036093017403,0.24631456786762718,0.14411917556144316,0.14411917556144316,0.1503271921129063
EleutherAI/pythia-2.8b,5,21,-0.000713919091412496,0.0007929764394685179,3.952867402801097e-05,0.3578184604733562,0.3578184604733562,0.38714991020454426,0.317190892823605,0.317190892823605,0.3454711349875752,0.04062756764975117,0.04062756764975117,0.041678775216969055
EleutherAI/pythia-2.8b,5,22,-0.0019271730437995238,0.0004145104115402809,-0.0007563313161296215,0.14291241201064547,0.14291241201064547,0.13167961500590808,0.08957768313422902,0.08957768313422902,0.0817109521221937,0.05333472887641645,0.05333472887641645,0.049968662883714376
EleutherAI/pythia-2.8b,5,23,0.0005452313761069583,0.0004642516609254521,0.0005047415185162052,0.4331360077469114,0.4331360077469114,0.46725607622788023,0.26257741510042837,0.26257741510042837,0.27510236719251185,0.17055859264648304,0.17055859264648304,0.19215370903536838
EleutherAI/pythia-2.8b,5,24,-0.0008633831354578625,0.0009107214259351792,2.3669145238658373e-05,0.25272042525087696,0.25272042525087696,0.2493498305565229,0.11903232087588604,0.11903232087588604,0.12527791356139253,0.1336881043749909,0.1336881043749909,0.12407191699513037
EleutherAI/pythia-2.8b,5,25,-0.002405361866387956,0.0003503514087106474,-0.0010275052288386544,0.1832722727079766,0.1832722727079766,0.17619863834431507,0.20209201858491954,0.20209201858491954,0.1978297946689,-0.018819745876942934,-0.018819745876942934,-0.021631156324584927
EleutherAI/pythia-2.8b,5,26,0.0006302961214319502,-0.0004125880444143526,0.00010885403850879882,0.24295852662277945,0.24295852662277945,0.24201844784462498,0.09749164334704186,0.09749164334704186,0.10171939399341139,0.1454668832757376,0.1454668832757376,0.1402990538512136
EleutherAI/pythia-2.8b,5,27,-0.003754863588828705,-0.005201685147022683,-0.004478274367925694,0.3293926890637361,0.3293926890637361,0.3172226050336125,0.1953134992153497,0.1953134992153497,0.19797797923357163,0.13407918984838638,0.13407918984838638,0.11924462580004086
EleutherAI/pythia-2.8b,5,28,-0.006602129598302309,-0.0015664889117865677,-0.004084309255044438,0.3379956007721182,0.3379956007721182,0.34970693174971273,0.19280790436637182,0.19280790436637182,0.19858625055868165,0.14518769640574639,0.14518769640574639,0.1511206811910311
EleutherAI/pythia-2.8b,5,29,0.0021753986989416774,-0.0025432917076773087,-0.00018394650436781568,0.40168005100028714,0.40168005100028714,0.38698602588443093,0.2201435911367341,0.2201435911367341,0.22993028629412934,0.18153645986355305,0.18153645986355305,0.15705573959030159
EleutherAI/pythia-2.8b,5,30,-0.000158354992003229,0.003509521484375,0.0016755832461858855,0.4075764914080691,0.4075764914080691,0.4258164499167074,0.16841576143776443,0.16841576143776443,0.17785237522427297,0.2391607299703047,0.2391607299703047,0.24796407469243445
EleutherAI/pythia-2.8b,5,31,0.0018483559916337988,0.002210481898991201,0.0020294189453125,0.3927808846286064,0.3927808846286064,0.3871469005403337,0.23219548717856994,0.23219548717856994,0.23911181189530242,0.16058539745003644,0.16058539745003644,0.14803508864503126
EleutherAI/pythia-2.8b,6,0,-0.007477046936515741,-0.00487223948080695,-0.006174643208661346,0.24631066184165176,0.24631066184165176,0.25924282077360256,0.1715338628033193,0.1715338628033193,0.17744269955288852,0.07477679903833245,0.07477679903833245,0.08180012122071403
EleutherAI/pythia-2.8b,6,1,-0.00024966743048748796,0.00022731991264768325,-1.1173758919902355e-05,0.31352224076526836,0.31352224076526836,0.3145459373012349,0.21875284824808458,0.21875284824808458,0.21768635218375326,0.09476939251718378,0.09476939251718378,0.09685958511748166
EleutherAI/pythia-2.8b,6,2,-0.0025980791707680417,-0.000915767639640741,-0.0017569234052043914,0.3824415796420299,0.3824415796420299,0.4039738871335688,0.38448965205711505,0.38448965205711505,0.40448731414634975,-0.002048072415085145,-0.002048072415085145,-0.0005134270127809537
EleutherAI/pythia-2.8b,6,3,-0.005218746155265741,-0.002800888902558807,-0.004009817528912274,0.35913896029586073,0.35913896029586073,0.3717456387328139,0.2316559612650447,0.2316559612650447,0.2545171014535407,0.12748299903081603,0.12748299903081603,0.11722853727927324
EleutherAI/pythia-2.8b,6,4,0.01123503437192408,0.01109301950049213,0.011164026936208105,0.44156179103468896,0.44156179103468896,0.4581314932877412,0.18791776286160725,0.18791776286160725,0.21289144313533595,0.25364402817308174,0.25364402817308174,0.24524005015240527
EleutherAI/pythia-2.8b,6,5,0.00021506482221944623,0.0021566556194634323,0.0011858602208414393,0.25608665630120886,0.25608665630120886,0.23440635015334899,0.21578947111985486,0.21578947111985486,0.19890405285798082,0.040297185181354,0.040297185181354,0.03550229729536816
EleutherAI/pythia-2.8b,6,6,-0.004292645792323135,-0.005096675842765741,-0.004694660817544438,0.24336110801958086,0.24336110801958086,0.23054491237269706,0.07591264155988792,0.07591264155988792,0.0713543725122651,0.16744846645969294,0.16744846645969294,0.15919053986043197
EleutherAI/pythia-2.8b,6,7,-0.0037488561915601792,0.000262403112696763,-0.0017432265394317081,0.46863263486612977,0.46863263486612977,0.5051645431065939,0.23364865380493235,0.23364865380493235,0.25332963258885083,0.23498398106119742,0.23498398106119742,0.25183491051774304
EleutherAI/pythia-2.8b,6,8,-0.005052221102977317,-0.003417007566437036,-0.004234614334707176,0.3539652660374844,0.3539652660374844,0.33770565867209057,0.22530466356430245,0.22530466356430245,0.21844961004552801,0.12866060247318195,0.12866060247318195,0.11925604862656256
EleutherAI/pythia-2.8b,6,9,-0.004289041353961576,-0.0033795214074801017,-0.0038342813807208387,0.3361341937920394,0.3361341937920394,0.336639117847084,0.1642265315066335,0.1642265315066335,0.16316374730559072,0.1719076622854059,0.1719076622854059,0.17347537054149328
EleutherAI/pythia-2.8b,6,10,0.000787689929871771,-0.00029460276205695024,0.0002465435839074104,0.1845243152957489,0.1845243152957489,0.14423118078441868,0.11918304699921951,0.11918304699921951,0.10328043919759011,0.06534126829652938,0.06534126829652938,0.04095074158682857
EleutherAI/pythia-2.8b,6,11,-0.0030286894069884163,-0.008160929041584719,-0.005594809224286568,0.279966991917241,0.279966991917241,0.22786312798044844,0.17215921697754968,0.17215921697754968,0.15377605943700567,0.10780777493969132,0.10780777493969132,0.07408706854344277
EleutherAI/pythia-2.8b,6,12,-0.0048491710752953665,0.0022792065237449144,-0.001284982275775226,0.22174502924309278,0.22174502924309278,0.1589674147220645,0.12036997192316498,0.12036997192316498,0.09332073541881604,0.1013750573199278,0.1013750573199278,0.06564667930324845
EleutherAI/pythia-2.8b,6,13,-0.0002542330524115677,0.0015765813391976913,0.0006611741433930618,0.42275645385646926,0.42275645385646926,0.43165179867612713,0.1189737343552224,0.1189737343552224,0.12821539186426467,0.30378271950124686,0.30378271950124686,0.30343640681186246
EleutherAI/pythia-2.8b,6,14,1.754160002453986e-05,0.004050427534449064,0.0020339845672368018,0.3168320019837028,0.3168320019837028,0.3393177821360836,0.13142036103041493,0.13142036103041493,0.13885782105902705,0.18541164095328788,0.18541164095328788,0.20045996107705655
EleutherAI/pythia-2.8b,6,15,0.0009023110697587988,0.00014489842212128679,0.0005236047459400428,0.250242219152448,0.250242219152448,0.25760106637490904,0.25702950141654995,0.25702950141654995,0.26941736231889996,-0.006787282264101968,-0.006787282264101968,-0.011816295943990918
EleutherAI/pythia-2.8b,6,16,-0.004515159787155554,-0.0026100939653050936,-0.0035626268762303237,0.2935244866378411,0.2935244866378411,0.2922360489932809,0.22812671498698858,0.22812671498698858,0.23018026996561994,0.0653977716508525,0.0653977716508525,0.062055779027660934
EleutherAI/pythia-2.8b,6,17,-0.005658487635334719,-0.005013773760457418,-0.005336130697896069,0.4332089355463443,0.4332089355463443,0.4388209328413404,0.1825102683442167,0.1825102683442167,0.1903799755407273,0.25069866720212763,0.25069866720212763,0.24844095730061308
EleutherAI/pythia-2.8b,6,18,-0.001495841919906482,0.001214936023622215,-0.0001404529481421335,0.2877996944217149,0.2877996944217149,0.25203042590485025,0.16733298350371498,0.16733298350371498,0.15182691909641774,0.1204667109179999,0.1204667109179999,0.10020350680843251
EleutherAI/pythia-2.8b,6,19,-0.0028789850670523087,-0.0017618494709643606,-0.0023204172690083347,0.35826349715272066,0.35826349715272066,0.37196140286149476,0.16944004629001314,0.16944004629001314,0.1759065839584055,0.18882345086270752,0.18882345086270752,0.19605481890308926
EleutherAI/pythia-2.8b,6,20,-0.005280261903297223,0.001739261657234259,-0.001770500123031482,0.7523956642287126,0.7523956642287126,0.7766883198683113,0.1457191142159589,0.1457191142159589,0.15730555923942227,0.6066765500127538,0.6066765500127538,0.6193827606288891
EleutherAI/pythia-2.8b,6,21,-0.004527895469365273,-0.002984955554872215,-0.003756425512118744,0.29982175957898316,0.29982175957898316,0.29037326492299165,0.24669755512810285,0.24669755512810285,0.2567591463481279,0.053124204450880314,0.053124204450880314,0.03361411857486374
EleutherAI/pythia-2.8b,6,22,0.0020160825233759283,0.0015556755967027769,0.0017858790600393526,0.3278551271028402,0.3278551271028402,0.3616352468041255,0.19213365367894727,0.19213365367894727,0.21678961928468088,0.13572147342389293,0.13572147342389293,0.14484562751944463
EleutherAI/pythia-2.8b,6,23,0.0016585222379426057,-0.0009784848671259283,0.0003400186854083387,0.3653040126694552,0.3653040126694552,0.35873596471695446,0.11715483622976793,0.11715483622976793,0.11643492861735583,0.2481491764396873,0.2481491764396873,0.24230103609959863
EleutherAI/pythia-2.8b,6,24,-0.0006925327571360995,1.6099824680093633e-05,-0.00033821646622800294,0.32027311116801177,0.32027311116801177,0.2764132083212522,0.22684465413554633,0.22684465413554633,0.197593452852634,0.09342845703246544,0.09342845703246544,0.07881975546861822
EleutherAI/pythia-2.8b,6,25,-0.00038231076218009363,-0.002294345164862044,-0.0013383279635210688,0.41677912712229165,0.41677912712229165,0.4149967966119779,0.26045165641606605,0.26045165641606605,0.25838069873043784,0.1563274707062256,0.1563274707062256,0.15661609788154007
EleutherAI/pythia-2.8b,6,26,0.001508097010334275,0.0014549916184791734,0.0014815443144067242,0.3536182732462573,0.3536182732462573,0.36410414938143904,0.33963611492305334,0.33963611492305334,0.3473234321831697,0.01398215832320393,0.01398215832320393,0.016780717198269346
EleutherAI/pythia-2.8b,6,27,-0.00024966743048748796,-0.0015352504459893446,-0.0008924589382384163,0.1383911492177045,0.1383911492177045,0.15194486755049863,0.15936790991797467,0.15936790991797467,0.1711460633804864,-0.02097676070027016,-0.02097676070027016,-0.019201195829987777
EleutherAI/pythia-2.8b,6,28,0.00040009265809537453,-0.001031349963090733,-0.00031562865249767924,0.48705578837640545,0.48705578837640545,0.49676560425907484,0.2920062256949833,0.2920062256949833,0.31710234103837953,0.19504956268142215,0.19504956268142215,0.1796632632206953
EleutherAI/pythia-2.8b,6,29,-0.0015030507966291573,-0.0014593169445129561,-0.0014811838705710567,0.31246904904170386,0.31246904904170386,0.3499763339454986,0.22073753617021752,0.22073753617021752,0.24360490831329268,0.09173151287148634,0.09173151287148634,0.10637142563220592
EleutherAI/pythia-2.8b,6,30,-0.0019754725178398047,-0.002386378491018526,-0.0021809255044291653,0.12804797642660048,0.12804797642660048,0.13131372399259916,0.14180540281759746,0.14180540281759746,0.1417080840962848,-0.013757426390996974,-0.013757426390996974,-0.010394360103685635
EleutherAI/pythia-2.8b,6,31,0.0025060458446111156,0.004058597594734259,0.0032823217196726873,0.32374539408226877,0.32374539408226877,0.3168504771439535,0.20444647016374015,0.20444647016374015,0.21634444059785388,0.11929892391852862,0.11929892391852862,0.1005060365460996
EleutherAI/pythia-2.8b,7,0,0.003608283095472231,-0.0013571911909449064,0.0011255459522636624,0.48731713464402726,0.48731713464402726,0.4927166336204918,0.242158732712688,0.242158732712688,0.25734973767100205,0.24515840193133925,0.24515840193133925,0.23536689594948973
EleutherAI/pythia-2.8b,7,1,-0.0011738454263041653,0.00033473217581203585,-0.00041955662524606474,0.3080516151419264,0.3080516151419264,0.31717022238478426,0.22026339442652354,0.22026339442652354,0.23740767418914266,0.08778822071540288,0.08778822071540288,0.0797625481956416
EleutherAI/pythia-2.8b,7,2,0.0014184666430856474,0.003515288585752785,0.002466877614419216,0.4165394976290107,0.4165394976290107,0.412037950423651,0.32602400589091596,0.32602400589091596,0.33432113651536305,0.09051549173809476,0.09051549173809476,0.07771681390828794
EleutherAI/pythia-2.8b,7,3,-0.00331944743479351,-0.004240982175812036,-0.003780214805302773,0.600874198920305,0.600874198920305,0.5888603869565644,0.19228545708955425,0.19228545708955425,0.19786169329274378,0.4085887418307508,0.4085887418307508,0.3909986936638206
EleutherAI/pythia-2.8b,7,4,-0.002526230699434251,0.0007127176119587908,-0.0009067565437377301,0.795608664318146,0.795608664318146,0.8001633824668479,0.15401911447583633,0.15401911447583633,0.1748339792543519,0.6415895498423096,0.6415895498423096,0.6253294032124961
EleutherAI/pythia-2.8b,7,5,0.0022544560469976993,0.004624734713336576,0.0034395953801671375,0.4158157723791729,0.4158157723791729,0.4353461233950502,0.2944905254572524,0.2944905254572524,0.3105068563181703,0.12132524692192048,0.12132524692192048,0.12483926707687987
EleutherAI/pythia-2.8b,7,6,0.0014384112020175976,0.0021266186331199144,0.001782514917568756,0.2873356234484908,0.2873356234484908,0.2724641657129981,0.23458128133639694,0.23458128133639694,0.23298233839605878,0.052754342112093844,0.052754342112093844,0.039481827316939305
EleutherAI/pythia-2.8b,7,7,-0.0055328128844736035,-0.0033523679718259203,-0.004442590428149762,0.30435315104792665,0.30435315104792665,0.2783029606720318,0.22866451952155675,0.22866451952155675,0.21829319397024968,0.0756886315263699,0.0756886315263699,0.060009766701782125
EleutherAI/pythia-2.8b,7,8,-0.0019550473671263724,-0.005060391163262956,-0.0035077192651946643,0.3145839918035677,0.3145839918035677,0.3205764181834137,0.2964830571080761,0.2964830571080761,0.31841132540720124,0.01810093469549162,0.01810093469549162,0.0021650927762124628
EleutherAI/pythia-2.8b,7,9,-0.0015244371309055538,0.0012848621278296335,-0.00011978750153796014,0.4351818288388725,0.4351818288388725,0.4614052563118194,0.3073459819326303,0.3073459819326303,0.339496179615867,0.12783584690624222,0.12783584690624222,0.12190907669595241
EleutherAI/pythia-2.8b,7,10,-0.0057221660463828705,-0.0037985974409449064,-0.0047603817436638884,0.2848855100312305,0.2848855100312305,0.2896329888362779,0.2914471207274092,0.2914471207274092,0.29479031686928414,-0.006561610696178666,-0.006561610696178666,-0.0051573280330062254
EleutherAI/pythia-2.8b,7,11,-0.003081073911171295,-0.0026230699434055538,-0.0028520719272884243,0.21189788127621276,0.21189788127621276,0.1883231099820413,0.15163233439203416,0.15163233439203416,0.11491107914540537,0.060265546884178595,0.060265546884178595,0.07341203083663593
EleutherAI/pythia-2.8b,7,12,-0.002044197142593518,-0.002635805625615273,-0.0023400013841043954,0.38478104304149663,0.38478104304149663,0.40705372526216244,0.23330286196507738,0.23330286196507738,0.2318929078678038,0.15147818107641925,0.15147818107641925,0.17516081739435863
EleutherAI/pythia-2.8b,7,13,-0.0032077098455958186,-0.001294473963459719,-0.002251091904527769,0.3280688276149381,0.3280688276149381,0.3432895496875399,0.29430697199789957,0.29430697199789957,0.2930089503028943,0.03376185561703854,0.03376185561703854,0.050280599384645575
EleutherAI/pythia-2.8b,7,14,-0.0059170460137796255,-0.006510336568036568,-0.006213691290908097,0.595940440546663,0.595940440546663,0.6128455891791569,0.2693900811534264,0.2693900811534264,0.29497300543721483,0.32655035939323657,0.32655035939323657,0.31787258374194205
EleutherAI/pythia-2.8b,7,15,-0.0037269892655023007,-0.00543453186515741,-0.0045807605653298555,0.32665567608651824,0.32665567608651824,0.3441392835517809,0.10025101604741767,0.10025101604741767,0.11321061825391084,0.2264046600391006,0.2264046600391006,0.2309286652978701
EleutherAI/pythia-2.8b,7,16,0.0009289839136314981,0.004418320543184251,0.0026736522284078745,0.35861764199844726,0.35861764199844726,0.30248030591871977,0.24672641363438683,0.24672641363438683,0.22488997706555378,0.11189122836406043,0.11189122836406043,0.077590328853166
EleutherAI/pythia-2.8b,7,17,-0.0038728488711861075,-0.0021379125399851873,-0.0030053807055856474,0.330841914896144,0.330841914896144,0.3479239849094119,0.28001346633403396,0.28001346633403396,0.2968578324233328,0.05082844856211005,0.05082844856211005,0.0510661524860791
EleutherAI/pythia-2.8b,7,18,0.0028114619217518566,0.0003835122416337988,0.0015974870816928277,0.2518905401699179,0.2518905401699179,0.2728903775069483,0.17773194613474286,0.17773194613474286,0.1862314285793748,0.07415859403517505,0.07415859403517505,0.08665894892757348
EleutherAI/pythia-2.8b,7,19,-0.0054530346487453585,-0.00484989196296759,-0.005151463305856474,0.35903995942274336,0.35903995942274336,0.3281678183246429,0.19734085093318665,0.19734085093318665,0.19205034669707893,0.1616991084895567,0.1616991084895567,0.136117471627564
EleutherAI/pythia-2.8b,7,20,0.0028525525190699064,-0.0028297244094486196,1.1414054810643393e-05,0.2646860917356436,0.2646860917356436,0.3082299042040091,0.16769662075098565,0.16769662075098565,0.18884257491502315,0.09698947098465796,0.09698947098465796,0.11938732928898593
EleutherAI/pythia-2.8b,7,21,0.001294714259350016,0.004815049058809251,0.0030548816590796335,0.28585691248845324,0.28585691248845324,0.27714136085371216,0.274217754173217,0.274217754173217,0.276827449390015,0.011639158315236264,0.011639158315236264,0.0003139114636971363
EleutherAI/pythia-2.8b,7,22,-0.0021405557947837828,0.0013043260949805457,-0.0004181148499016185,0.40961220846611107,0.40961220846611107,0.42695463674552475,0.197675708425956,0.197675708425956,0.2125908840449818,0.21193650004015507,0.21193650004015507,0.21436375270054295
EleutherAI/pythia-2.8b,7,23,-0.006191463921013884,-0.0019278939314713028,-0.004059678926242594,0.5431545261185581,0.5431545261185581,0.5531499906103094,0.23708144585099236,0.23708144585099236,0.25237492452129656,0.30607308026756574,0.30607308026756574,0.3007750660890129
EleutherAI/pythia-2.8b,7,24,-0.0006480780173476752,-0.00022900198388287052,-0.0004385400006152729,0.2732002980329923,0.2732002980329923,0.26469495984723135,0.20281099136182934,0.20281099136182934,0.22119363564618408,0.07038930667116294,0.07038930667116294,0.04350132420104727
EleutherAI/pythia-2.8b,7,25,-0.005268247108760171,-0.005137766440083791,-0.005203006774421981,0.27831709594393106,0.27831709594393106,0.2732793241631459,0.17931782679323985,0.17931782679323985,0.17563815019736903,0.09899926915069121,0.09899926915069121,0.09764117396577685
EleutherAI/pythia-2.8b,7,26,-0.007489302026943978,-0.005971112589197691,-0.006730207308070835,0.8696774212587588,0.8696774212587588,0.8565944545915145,0.17326784907656947,0.17326784907656947,0.17669387246877968,0.6964095721821894,0.6964095721821894,0.6799005821227349
EleutherAI/pythia-2.8b,7,27,-0.0005923293706939781,0.001238965612696763,0.00032331812100139246,0.3744479868216799,0.3744479868216799,0.4155949454155048,0.22957735313742686,0.22957735313742686,0.28174295260411897,0.14487063368425304,0.14487063368425304,0.13385199281138582
EleutherAI/pythia-2.8b,7,28,-0.005203847810039353,-0.0007800004613680578,-0.002991924135703705,0.7847790514908096,0.7847790514908096,0.7995050815857606,0.17880830397076986,0.17880830397076986,0.18516074268780172,0.6059707475200398,0.6059707475200398,0.6143443388979589
EleutherAI/pythia-2.8b,7,29,-0.0016455462598425896,0.0007453978531004601,-0.00045007420337106474,0.4315021273059541,0.4315021273059541,0.42258510982765435,0.23156788109070756,0.23156788109070756,0.22273273441207161,0.19993424621524655,0.19993424621524655,0.19985237541558273
EleutherAI/pythia-2.8b,7,30,-0.001337006336122215,-0.0012142151359495479,-0.0012756107360358815,0.2734113312253601,0.2734113312253601,0.2688433053801018,0.13028978498594757,0.13028978498594757,0.13835992081050869,0.14312154623941253,0.14312154623941253,0.13048338456959313
EleutherAI/pythia-2.8b,7,31,-0.0035496508981300856,-0.0024976354884351792,-0.0030236431932826324,0.3381657655183654,0.3381657655183654,0.3319533099931011,0.18390077768416127,0.18390077768416127,0.1812542298399013,0.15426498783420414,0.15426498783420414,0.15069908015319977
EleutherAI/pythia-2.8b,8,0,0.00029027743602361156,-0.0006872462475393526,-0.00019848440575787052,0.17077735856779366,0.17077735856779366,0.16444026547444662,0.19893523617149658,0.19893523617149658,0.19832811050884888,-0.02815787760370292,-0.02815787760370292,-0.03388784503440226
EleutherAI/pythia-2.8b,8,1,-0.0022602231483763724,-0.0014076533280018566,-0.0018339382381891145,0.31239027344603115,0.31239027344603115,0.3187882101273385,0.2255503865560155,0.2255503865560155,0.2381618215443634,0.08683988689001565,0.08683988689001565,0.08062638858297508
EleutherAI/pythia-2.8b,8,2,-0.005600816621555094,-0.004309706800565749,-0.004955261711060421,0.21107314794193188,0.21107314794193188,0.20940325287331038,0.1348785953943288,0.1348785953943288,0.15051213621813717,0.07619455254760307,0.07619455254760307,0.058891116655173215
EleutherAI/pythia-2.8b,8,3,0.0005332165815699064,0.003001776267224532,0.001767496424397219,0.36670380716885026,0.36670380716885026,0.3616954923491495,0.1372839544223631,0.1372839544223631,0.1371937176689917,0.22941985274648716,0.22941985274648716,0.2245017746801578
EleutherAI/pythia-2.8b,8,4,-0.001928134227362488,0.00047650675135324505,-0.0007258137380046215,0.8146414803420952,0.8146414803420952,0.7925140376311157,0.15583716780610807,0.15583716780610807,0.16182429994229372,0.658804312535987,0.658804312535987,0.630689737688822
EleutherAI/pythia-2.8b,8,5,0.002337838721087504,0.005092831108513884,0.0037153349148006942,0.4191380148454245,0.4191380148454245,0.420281046781412,0.22996414325474487,0.22996414325474487,0.23099610786613356,0.18917387159067964,0.18917387159067964,0.18928493891527842
EleutherAI/pythia-2.8b,8,6,-0.002496193713090733,-0.003740926427165281,-0.003118560070128007,0.3021144071148457,0.3021144071148457,0.3141924797067607,0.20716532109614977,0.20716532109614977,0.2188740542723304,0.09494908601869595,0.09494908601869595,0.09531842543443028
EleutherAI/pythia-2.8b,8,7,-0.005252868171752301,-0.004489688422736116,-0.004871278297244208,0.3028388312096458,0.3028388312096458,0.2928066493519083,0.19932604371864024,0.19932604371864024,0.19688850531279453,0.10351278749100554,0.10351278749100554,0.09591814403911378
EleutherAI/pythia-2.8b,8,8,-0.0006447138748773007,-0.0005106287678393606,-0.0005776713213583307,0.3062791769626586,0.3062791769626586,0.3107292593953761,0.2658063515392658,0.2658063515392658,0.274527367942275,0.04047282542339281,0.04047282542339281,0.0362018914531011
EleutherAI/pythia-2.8b,8,9,-0.004910686823326849,-0.008950301042691677,-0.006930493933009263,0.3145205040237584,0.3145205040237584,0.3174456145659173,0.1108385880647247,0.1108385880647247,0.11058920183895375,0.20368191595903373,0.20368191595903373,0.20685641272696353
EleutherAI/pythia-2.8b,8,10,-0.004145584707185179,0.0009977085383856554,-0.001573938084399762,0.5892144748009226,0.5892144748009226,0.5744773395532878,0.13508966201967998,0.13508966201967998,0.1377798666881575,0.4541248127812426,0.4541248127812426,0.43669747286513033
EleutherAI/pythia-2.8b,8,11,0.000732662170890741,0.0007771169106791653,0.0007548895407849532,0.611321452629592,0.611321452629592,0.6408778803540379,0.3855065596409814,0.3855065596409814,0.3884711871053474,0.22581489298861063,0.22581489298861063,0.25240669324869053
EleutherAI/pythia-2.8b,8,12,-0.007495309424212948,-0.0063137745294046255,-0.006904541976808787,0.8774430589744909,0.8774430589744909,0.881284296468948,0.12690873821897813,0.12690873821897813,0.12985307807378907,0.7505343207555129,0.7505343207555129,0.7514312183951589
EleutherAI/pythia-2.8b,8,13,-0.0029803899329481354,-0.0015943632351129722,-0.0022873765840305538,0.2778130942466183,0.2778130942466183,0.2605097945987099,0.08023104087752422,0.08023104087752422,0.07299300768036263,0.1975820533690941,0.1975820533690941,0.18751678691834725
EleutherAI/pythia-2.8b,8,14,-0.0031959353469490637,-0.002704770546259727,-0.0029503529466043954,0.3808472224985905,0.3808472224985905,0.38614047746604835,0.16443022362715257,0.16443022362715257,0.17893506569541878,0.21641699887143792,0.21641699887143792,0.20720541177062957
EleutherAI/pythia-2.8b,8,15,-0.004974124938484259,-0.004524050735112972,-0.004749087836798616,0.36567781776673836,0.36567781776673836,0.3806232988774549,0.13970787646859223,0.13970787646859223,0.15742454292143024,0.22596994129814613,0.22596994129814613,0.22319875595602465
EleutherAI/pythia-2.8b,8,16,-0.0008407953217273167,0.0018296129121555538,0.0004944087952141185,0.46951354931671474,0.46951354931671474,0.4526419503814739,0.1468031576940397,0.1468031576940397,0.15375778938119605,0.322710391622675,0.322710391622675,0.29888416100027787
EleutherAI/pythia-2.8b,8,17,-0.0017048993448574024,-0.0028710553026574104,-0.0022879773237574064,0.3014467461497088,0.3014467461497088,0.3190031791733394,0.1620690749897322,0.1620690749897322,0.16743160085990721,0.1393776711599766,0.1393776711599766,0.1515715783134322
EleutherAI/pythia-2.8b,8,18,0.00033737543061018727,0.0012903889333171215,0.0008138821819636544,0.4017726301038177,0.4017726301038177,0.41878037017022146,0.15001911060398257,0.15001911060398257,0.1642787288664528,0.25175351949983515,0.25175351949983515,0.2545016413037686
EleutherAI/pythia-2.8b,8,19,-0.0005329762856791653,-0.0012899083415351953,-0.0009114423136071803,0.41371671168327145,0.41371671168327145,0.43102609703098677,0.30601294943272267,0.30601294943272267,0.32241320196788287,0.10770376225054878,0.10770376225054878,0.1086128950631039
EleutherAI/pythia-2.8b,8,20,-0.003697192575049524,-0.0033614992156740797,-0.0035293458953618018,0.40020948092575326,0.40020948092575326,0.39826804746156436,0.1393427348187782,0.1393427348187782,0.15412312799358507,0.260866746106975,0.260866746106975,0.24414491946797928
EleutherAI/pythia-2.8b,8,21,-0.0034871739665356394,-0.0023118867648865837,-0.0028995303657111116,0.27555112057458303,0.27555112057458303,0.2625734863743613,0.1835389239020624,0.1835389239020624,0.1930133663697957,0.09201219667252064,0.09201219667252064,0.06956012000456557
EleutherAI/pythia-2.8b,8,22,0.001324991541584275,0.0015518308624509203,0.0014384112020175976,0.25445272361624854,0.25445272361624854,0.2485432730960154,0.08736039742726927,0.08736039742726927,0.08176302581234704,0.1670923261889793,0.1670923261889793,0.16678024728366836
EleutherAI/pythia-2.8b,8,23,-0.0011733648345226833,-0.0020547701617865677,-0.0016140674981546255,0.45789864577918205,0.45789864577918205,0.4379797149808801,0.2505321841777828,0.2505321841777828,0.24143141865934692,0.20736646160139927,0.20736646160139927,0.1965482963215332
EleutherAI/pythia-2.8b,8,24,-9.53974686273007e-05,9.539746862685661e-05,-2.220446049250313e-16,0.3200168489296474,0.3200168489296474,0.3365387967013467,0.20596887903643368,0.20596887903643368,0.23224785541856544,0.1140479698932137,0.1140479698932137,0.10429094128278124
EleutherAI/pythia-2.8b,8,25,-0.004673514779158783,-0.0022126445620078705,-0.0034430796705833266,0.30534374080024657,0.30534374080024657,0.3049422879088405,0.1454176225378483,0.1454176225378483,0.15140357687663364,0.15992611826239828,0.15992611826239828,0.15353871103220684
EleutherAI/pythia-2.8b,8,26,-0.001366803026574992,-0.0008184478038879561,-0.001092625415231474,0.42932728233869616,0.42932728233869616,0.43400561105320196,0.20876888854195924,0.20876888854195924,0.21554472919157036,0.22055839379673692,0.22055839379673692,0.2184608818616316
EleutherAI/pythia-2.8b,8,27,-0.003203384519562036,-0.0015761007474162092,-0.0023897426334891225,0.2739593757703209,0.2739593757703209,0.2892797719648301,0.1964778199718547,0.1964778199718547,0.22972570195448375,0.07748155579846622,0.07748155579846622,0.05955407001034638
EleutherAI/pythia-2.8b,8,28,-0.0005464328555611075,0.0017649733175444382,0.0006092702309916653,0.2530073362649517,0.2530073362649517,0.2770921231440989,0.2248950454802579,0.2248950454802579,0.24475747658473074,0.028112290784693794,0.028112290784693794,0.032334646559368185
EleutherAI/pythia-2.8b,8,29,-0.0014922374815453665,-0.0027083749846208427,-0.0021003062330831046,0.4000376932760847,0.4000376932760847,0.3934931864808771,0.21850438454811139,0.21850438454811139,0.22891923074359607,0.1815333087279733,0.1815333087279733,0.16457395573728104
EleutherAI/pythia-2.8b,8,30,-0.0010837344672736116,-3.171905757870519e-05,-0.0005577267624261584,0.3508558773699828,0.3508558773699828,0.3342994591271379,0.28599961589489387,0.28599961589489387,0.30003882326027237,0.06485626147508894,0.06485626147508894,0.03426063586686551
EleutherAI/pythia-2.8b,8,31,-0.0010599451740898047,-0.003277395653912496,-0.0021686704140011503,0.4462042942182947,0.4462042942182947,0.4375401470861823,0.25711825101561986,0.25711825101561986,0.28171882102096396,0.18908604320267486,0.18908604320267486,0.1558213260652183
EleutherAI/pythia-2.8b,9,0,-0.000170369786540725,0.006620151790108331,0.003224891001783803,0.21914574602522938,0.21914574602522938,0.21286917436549446,0.2742748191369843,0.2742748191369843,0.28137200153237135,-0.05512907311175494,-0.05512907311175494,-0.06850282716687689
EleutherAI/pythia-2.8b,9,1,0.0006391870693898127,-0.0013511837936759363,-0.0003559983621430618,0.4311186271378481,0.4311186271378481,0.42737947267551313,0.1995323932442852,0.1995323932442852,0.21370676493440952,0.2315862338935629,0.2315862338935629,0.2136727077411036
EleutherAI/pythia-2.8b,9,2,-0.0028364526943898127,-0.0034838098240648208,-0.0031601312592273167,0.241410657952048,0.241410657952048,0.2534429147303746,0.13869216261762302,0.13869216261762302,0.15273831137515376,0.10271849533442498,0.10271849533442498,0.10070460335522086
EleutherAI/pythia-2.8b,9,3,-0.002483938622662496,-0.0011993167907236035,-0.0018416277066930498,0.3654264924908051,0.3654264924908051,0.3702881302048601,0.19391457521439137,0.19391457521439137,0.21418719223019195,0.17151191727641374,0.17151191727641374,0.15610093797466817
EleutherAI/pythia-2.8b,9,4,-0.0015309251199560059,-1.0332723302308722e-05,-0.0007706289216291573,0.7461812091439249,0.7461812091439249,0.7523914446936706,0.14407034157228893,0.14407034157228893,0.15400690812152054,0.602110867571636,0.602110867571636,0.5983845365721501
EleutherAI/pythia-2.8b,9,5,-0.00430898591289397,-0.0026829036202018486,-0.0034959447665479093,0.7813363136531369,0.7813363136531369,0.7688930489596636,0.1417567604472835,0.1417567604472835,0.14622010118909573,0.6395795532058535,0.6395795532058535,0.6226729477705679
EleutherAI/pythia-2.8b,9,6,-0.0028885969026823943,0.00013000007689489834,-0.001379298412893748,0.623751299179877,0.623751299179877,0.6334177118522519,0.25109319059156693,0.25109319059156693,0.2773783322980127,0.3726581085883101,0.3726581085883101,0.35603937955423925
EleutherAI/pythia-2.8b,9,7,0.0020912951371800936,0.0026893916092518566,0.002390343373215975,0.31529309447990445,0.31529309447990445,0.3123087796609937,0.23732452772298446,0.23732452772298446,0.24177344674284196,0.07796856675691999,0.07796856675691999,0.07053533291815173
EleutherAI/pythia-2.8b,9,8,0.0003489096333657571,0.0056003360297736116,0.0029746228315696843,0.38008819774805436,0.38008819774805436,0.3956696963570549,0.27869585026139504,0.27869585026139504,0.31606663228944315,0.10139234748665932,0.10139234748665932,0.07960306406761175
EleutherAI/pythia-2.8b,9,9,-0.002850149560162496,-0.0011923482098916693,-0.0020212488850270827,0.4709781643318453,0.4709781643318453,0.4713234211769132,0.251501505933767,0.251501505933767,0.27356487626222165,0.21947665839807828,0.21947665839807828,0.19775854491469158
EleutherAI/pythia-2.8b,9,10,-0.0024305929349166533,-0.00019247700848934457,-0.001311534971702999,0.35134274310074776,0.35134274310074776,0.36254787476518974,0.25574252447421797,0.25574252447421797,0.2742575505899618,0.09560021862652979,0.09560021862652979,0.08829032417522792
EleutherAI/pythia-2.8b,9,11,-0.003704401451771755,-0.0071444774237203745,-0.005424439437746065,0.9415200697258115,0.9415200697258115,0.9376372434785516,0.1932818381759158,0.1932818381759158,0.2012240699146701,0.7482382315498957,0.7482382315498957,0.7364131735638815
EleutherAI/pythia-2.8b,9,12,-0.002740574633981474,-0.000354196142962504,-0.001547385388471989,0.23171043700555166,0.23171043700555166,0.21578821002986756,0.16140206350424224,0.16140206350424224,0.16334237494493187,0.07030837350130942,0.07030837350130942,0.052445835084935694
EleutherAI/pythia-2.8b,9,13,0.0017990953340305538,0.003557820958415281,0.0026784581462229173,0.42627848365659665,0.42627848365659665,0.4318125592157137,0.316795031942058,0.316795031942058,0.3452486714447912,0.10948345171453866,0.10948345171453866,0.0865638877709225
EleutherAI/pythia-2.8b,9,14,-0.00859057809424213,-0.005297563207431022,-0.006944070650836576,0.3670962345814895,0.3670962345814895,0.3759454841282153,0.2778024892426465,0.2778024892426465,0.3007127337011985,0.08929374533884299,0.08929374533884299,0.07523275042701683
EleutherAI/pythia-2.8b,9,15,-0.001971868079478689,-0.0002580777866634243,-0.0011149729330710567,0.35038285230239974,0.35038285230239974,0.3545771219062979,0.2817352178413198,0.2817352178413198,0.30586881578964614,0.06864763446107996,0.06864763446107996,0.04870830611665178
EleutherAI/pythia-2.8b,9,16,-0.0022667111374263804,-0.0031632551058069502,-0.0027149831216166653,0.4231904164004423,0.4231904164004423,0.41930350566402436,0.1867028626122342,0.1867028626122342,0.20340757782921753,0.2364875537882081,0.2364875537882081,0.21589592783480682
EleutherAI/pythia-2.8b,9,17,-0.0032389483113930417,0.0018159160463828705,-0.0007115161325050856,0.18121018988373488,0.18121018988373488,0.1727472855570097,0.12805546801563933,0.12805546801563933,0.13038934863892948,0.053154721868095556,0.053154721868095556,0.04235793691808021
EleutherAI/pythia-2.8b,9,18,-0.0055813526544046255,-0.0019860455370324104,-0.003783699095718518,0.4235313826422326,0.4235313826422326,0.43591526409754733,0.12540185153469557,0.12540185153469557,0.13217706155120412,0.29812953110753704,0.29812953110753704,0.3037382025463432
EleutherAI/pythia-2.8b,9,19,-0.004404383381520827,-0.005650077279158339,-0.005027230330339583,0.4144786023227325,0.4144786023227325,0.42446429155021664,0.17678437933837066,0.17678437933837066,0.1829628463343669,0.23769422298436182,0.23769422298436182,0.24150144521584974
EleutherAI/pythia-2.8b,9,20,0.000732421875,-0.001263716089443978,-0.00026564710722198903,0.35668401074175077,0.35668401074175077,0.3505657736848529,0.15068159178942703,0.15068159178942703,0.16782743298693198,0.20600241895232374,0.20600241895232374,0.18273834069792094
EleutherAI/pythia-2.8b,9,21,-0.007836289293184251,-0.0031401867002953665,-0.005488237996739809,0.3268431723720306,0.3268431723720306,0.30379917624331687,0.24852803318070427,0.24852803318070427,0.24988749007269953,0.07831513919132632,0.07831513919132632,0.05391168617061734
EleutherAI/pythia-2.8b,9,22,-0.0027907964751476833,-0.001984603761687964,-0.0023877001184178237,0.36966596094914606,0.36966596094914606,0.38928287001238454,0.35657718521133214,0.35657718521133214,0.372968027837685,0.013088775737813918,0.013088775737813918,0.01631484217469953
EleutherAI/pythia-2.8b,9,23,-0.00556477223794305,-0.002568522776205562,-0.004066647507074306,0.20637141998313685,0.20637141998313685,0.2032482312424431,0.17674806910574237,0.17674806910574237,0.19192866197448621,0.029623350877394483,0.029623350877394483,0.01131956926795688
EleutherAI/pythia-2.8b,9,24,-0.00046256958969026485,0.000836229699803237,0.0001868300550564861,0.3667397030398613,0.3667397030398613,0.3629165168918043,0.1677326072150543,0.1677326072150543,0.17954999558080312,0.199007095824807,0.199007095824807,0.1833665213110012
EleutherAI/pythia-2.8b,9,25,-0.0035188930241143446,-0.0019689845287893526,-0.0027439387764518486,0.3023803321625833,0.3023803321625833,0.31979948360762006,0.16063970684277543,0.16063970684277543,0.1902490639875281,0.14174062531980788,0.14174062531980788,0.12955041962009195
EleutherAI/pythia-2.8b,9,26,-0.0030856395330958186,-0.0002148245263287052,-0.001650232029712262,0.5168816102198266,0.5168816102198266,0.5320456187690403,0.18792158806439785,0.18792158806439785,0.208266563047454,0.32896002215542874,0.32896002215542874,0.32377905572158633
EleutherAI/pythia-2.8b,9,27,-0.0018257681779036972,0.0005906472994587908,-0.0006175604392224532,0.5572861825663623,0.5572861825663623,0.5586908129368288,0.17566554235026066,0.17566554235026066,0.18188858006228262,0.38162064021610165,0.38162064021610165,0.3768022328745462
EleutherAI/pythia-2.8b,9,28,-0.0009688730314962868,0.0024005559485726913,0.0007158414585382022,0.446770684963889,0.446770684963889,0.4194883091187057,0.20089136371042762,0.20089136371042762,0.22632141115204868,0.24587932125346137,0.24587932125346137,0.19316689796665704
EleutherAI/pythia-2.8b,9,29,-0.0019427922766981354,-0.005199762779896755,-0.003571277528297445,0.23603225483753035,0.23603225483753035,0.2213298843491007,0.14271246497985718,0.14271246497985718,0.14216688521817983,0.09331978985767317,0.09331978985767317,0.07916299913092087
EleutherAI/pythia-2.8b,9,30,-0.0040249561700296255,-0.0027081346887301017,-0.0033665454293798636,0.3202946467691281,0.3202946467691281,0.3010385428039347,0.13720713357946535,0.13720713357946535,0.14340106845802295,0.18308751318966277,0.18308751318966277,0.15763747434591177
EleutherAI/pythia-2.8b,9,31,-0.0076904296875,-0.006809504952017598,-0.007249967319758799,0.31399869984220924,0.31399869984220924,0.294589773313891,0.1530664146744324,0.1530664146744324,0.16532768588866728,0.16093228516777683,0.16093228516777683,0.12926208742522374
EleutherAI/pythia-2.8b,10,0,-0.0014300008458416613,-0.004619207907849532,-0.0030246043768455966,0.4755424591600184,0.4755424591600184,0.4907003346246009,0.29790087281547034,0.29790087281547034,0.3247901614965027,0.17764158634454807,0.17764158634454807,0.1659101731280982
EleutherAI/pythia-2.8b,10,1,-0.004032405342643042,-0.0005209614911416693,-0.0022766834168923555,0.47378732060769835,0.47378732060769835,0.48202404763835655,0.29886946730343555,0.29886946730343555,0.3101088467125389,0.1749178533042628,0.1749178533042628,0.17191520092581764
EleutherAI/pythia-2.8b,10,2,0.0015909990926425976,-0.002501960814468518,-0.00045548086091296014,0.8161563092472197,0.8161563092472197,0.8159690978127903,0.18798227354492553,0.18798227354492553,0.20123892282554326,0.6281740357022942,0.6281740357022942,0.614730174987247
EleutherAI/pythia-2.8b,10,3,-0.001122422105684251,0.0009078378752462868,-0.00010729211521898208,0.5338331299616544,0.5338331299616544,0.5268632258120723,0.23030072376196964,0.23030072376196964,0.24458849502599064,0.3035324061996848,0.3035324061996848,0.2822747307860817
EleutherAI/pythia-2.8b,10,4,0.00039072111835602996,0.0045862873708171215,0.0024885042445865757,0.2445410813366486,0.2445410813366486,0.24776826091379517,0.22568396873594887,0.22568396873594887,0.23886043153501177,0.01885711260069972,0.01885711260069972,0.0089078293787834
EleutherAI/pythia-2.8b,10,5,-0.00028066560039397004,-0.00041475070743102194,-0.000347708153912496,0.35740505252276245,0.35740505252276245,0.37429470159424355,0.26946615885104463,0.26946615885104463,0.28375076299383495,0.08793889367171781,0.08793889367171781,0.0905439386004086
EleutherAI/pythia-2.8b,10,6,-0.006135474978469446,-0.0056793933778296335,-0.00590743417814954,0.34054514550454257,0.34054514550454257,0.3369365413029665,0.09980388962580534,0.09980388962580534,0.10246999364601397,0.24074125587873724,0.24074125587873724,0.23446654765695255
EleutherAI/pythia-2.8b,10,7,-0.003928597517839805,-0.0029441052534449064,-0.0034363513856423555,0.5122321395488322,0.5122321395488322,0.4815092215774669,0.3241754350061531,0.3241754350061531,0.34610103515870033,0.1880567045426791,0.1880567045426791,0.13540818641876656
EleutherAI/pythia-2.8b,10,8,-0.006274125707431466,-0.004494974932332418,-0.005384550319881942,0.30697356230491174,0.30697356230491174,0.3070206096043026,0.21283432946058103,0.21283432946058103,0.23102729216776877,0.0941392328443307,0.0941392328443307,0.07599331743653384
EleutherAI/pythia-2.8b,10,9,-0.0001297597810041573,0.0005224032664861156,0.00019632174274097913,0.17872683767622916,0.17872683767622916,0.18901428525614178,0.1045130898117741,0.1045130898117741,0.11587209813061365,0.07421374786445506,0.07421374786445506,0.07314218712552813
EleutherAI/pythia-2.8b,10,10,0.0001398522084152809,-0.0034134031280759203,-0.0016367754598303197,0.9160204861261771,0.9160204861261771,0.9167818711285927,0.17424277162708282,0.17424277162708282,0.18636623460150445,0.7417777144990944,0.7417777144990944,0.7304156365270882
EleutherAI/pythia-2.8b,10,11,-0.007505642147514813,-0.00639811838705695,-0.0069518802672858815,0.35000893358477875,0.35000893358477875,0.35458173927152786,0.15157641287269788,0.15157641287269788,0.16690022287115933,0.19843252071208087,0.19843252071208087,0.18768151640036854
EleutherAI/pythia-2.8b,10,12,5.622923843473515e-05,0.0026884304256888925,0.0013723298320618138,0.38216921557960365,0.38216921557960365,0.3735964479659971,0.16914013016803678,0.16914013016803678,0.17570030511437026,0.21302908541156687,0.21302908541156687,0.19789614285162685
EleutherAI/pythia-2.8b,10,13,0.0003001295675439941,-0.0026588740311268566,-0.0011793722317914312,0.3573618036273005,0.3573618036273005,0.3711508148093994,0.11443643521680694,0.11443643521680694,0.12101805400943776,0.2429253684104936,0.2429253684104936,0.2501327607999616
EleutherAI/pythia-2.8b,10,14,0.00025783749077268325,-0.0027057317298226913,-0.001223947119525004,0.4967335207860094,0.4967335207860094,0.49887609702696994,0.17389052769464916,0.17389052769464916,0.17666348419543212,0.3228429930913602,0.3228429930913602,0.3222126128315378
EleutherAI/pythia-2.8b,10,15,-0.005970151405635171,-0.0077976016547736116,-0.006883876530204391,0.26625838790771844,0.26625838790771844,0.2713607795005201,0.18449999375213147,0.18449999375213147,0.190683918319183,0.08175839415558697,0.08175839415558697,0.08067686118133713
EleutherAI/pythia-2.8b,10,16,-0.003760150098425452,-0.0011459711029773167,-0.0024530606007013844,0.34936974316972047,0.34936974316972047,0.33702287419831506,0.18936486851592552,0.18936486851592552,0.19025426345257346,0.16000487465379495,0.16000487465379495,0.1467686107457416
EleutherAI/pythia-2.8b,10,17,0.002227542907234259,0.0026533472256398127,0.002440445066437036,0.42954633049038327,0.42954633049038327,0.45550629164451645,0.18208208519279842,0.18208208519279842,0.21049044057990543,0.24746424529758485,0.24746424529758485,0.24501585106461102
EleutherAI/pythia-2.8b,10,18,-0.0008458415354333226,-0.0030868410125490797,-0.001966341273991201,0.18709149457827082,0.18709149457827082,0.19996158486522891,0.1063318938925183,0.1063318938925183,0.11629629070321566,0.08075960068575251,0.08075960068575251,0.08366529416201325
EleutherAI/pythia-2.8b,10,19,0.0020792803426425976,0.001415583092396755,0.0017474317175196763,0.32600548758672965,0.32600548758672965,0.3245759423855057,0.06861026405148171,0.06861026405148171,0.06350747022102901,0.2573952235352479,0.2573952235352479,0.2610684721644767
EleutherAI/pythia-2.8b,10,20,-0.006068672720841661,-0.0054660106268453745,-0.005767341673843518,0.227659740397653,0.227659740397653,0.2232049767168551,0.10510297529956698,0.10510297529956698,0.09964095928399178,0.12255676509808601,0.12255676509808601,0.12356401743286333
EleutherAI/pythia-2.8b,10,21,-0.006708340382012956,-0.0023464893731546255,-0.004527414877583791,0.5527444827805413,0.5527444827805413,0.5482003091156181,0.10075590691353789,0.10075590691353789,0.10314217621962454,0.4519885758670035,0.4519885758670035,0.4450581328959936
EleutherAI/pythia-2.8b,10,22,-0.005123108390748143,-0.0034506489911416693,-0.004286878690944906,0.4763812546479077,0.4763812546479077,0.47215083751129217,0.1743317102649783,0.1743317102649783,0.1792923400371293,0.3020495443829294,0.3020495443829294,0.29285849747416287
EleutherAI/pythia-2.8b,10,23,-0.0011075237604578625,-0.0013293168676180578,-0.0012184203140379601,0.2555513153531306,0.2555513153531306,0.2728886126796148,0.23292677110308918,0.23292677110308918,0.2599507419062442,0.0226245442500414,0.0226245442500414,0.012937870773370608
EleutherAI/pythia-2.8b,10,24,-0.00640412578432592,-0.006165271668922223,-0.006284698726624072,0.36809403527282897,0.36809403527282897,0.3690741155164253,0.19096022269200613,0.19096022269200613,0.2024208384036634,0.17713381258082284,0.17713381258082284,0.16665327711276193
EleutherAI/pythia-2.8b,10,25,-0.0012002779742865677,-0.00011077640563472713,-0.0006555271899606474,0.41372659705400905,0.41372659705400905,0.4276780418816009,0.2624795066739116,0.2624795066739116,0.2814701455161763,0.15124709038009743,0.15124709038009743,0.14620789636542464
EleutherAI/pythia-2.8b,10,26,-0.007085364634596747,-0.005210816390870843,-0.006148090512733795,0.40536458081690246,0.40536458081690246,0.4099645356319006,0.15921745801234988,0.15921745801234988,0.15704978851388438,0.2461471228045526,0.2461471228045526,0.2529147471180162
EleutherAI/pythia-2.8b,10,27,0.0006870059516486116,0.004127802811269898,0.002407404381459255,0.3329217943117858,0.3329217943117858,0.34736106345957607,0.0843052528444815,0.0843052528444815,0.0898066529501431,0.24861654146730433,0.24861654146730433,0.25755441050943295
EleutherAI/pythia-2.8b,10,28,-0.0010870986097444302,-0.001026063453493986,-0.0010565810316192081,0.40956180002212644,0.40956180002212644,0.4187655291904478,0.22067547629330517,0.22067547629330517,0.2384766210300546,0.18888632372882128,0.18888632372882128,0.1802889081603932
EleutherAI/pythia-2.8b,10,29,0.003112312376968518,0.0033165638841041734,0.0032144381305363456,0.6757185396760809,0.6757185396760809,0.6886490432674248,0.27139892464346194,0.27139892464346194,0.2796910790888626,0.40431961503261893,0.40431961503261893,0.4089579641785622
EleutherAI/pythia-2.8b,10,30,-0.0014944001445620358,0.00047578586368102194,-0.000509307140440507,0.3906646882646962,0.3906646882646962,0.3993036055866125,0.16265126753184067,0.16265126753184067,0.16228184931780004,0.22801342073285552,0.22801342073285552,0.23702175626881244
EleutherAI/pythia-2.8b,10,31,-0.00256948395976897,-0.001697209876353245,-0.0021333469180611075,0.8219506554782214,0.8219506554782214,0.8262925342437305,0.1210554905449948,0.1210554905449948,0.1149025394263757,0.7008951649332267,0.7008951649332267,0.7113899948173548
EleutherAI/pythia-2.8b,11,0,-0.0028333288478101792,0.00164794921875,-0.0005926898145300896,0.41497935238736877,0.41497935238736877,0.42331583713488313,0.2672000196842465,0.2672000196842465,0.2772895687636232,0.14777933270312227,0.14777933270312227,0.14602626837125993
EleutherAI/pythia-2.8b,11,1,-0.0033542903389518486,-0.0028830700971949064,-0.0031186802180733775,0.44986380747056004,0.44986380747056004,0.46317309855619426,0.25953861446943055,0.25953861446943055,0.27724416882113573,0.1903251930011295,0.1903251930011295,0.18592892973505853
EleutherAI/pythia-2.8b,11,2,-0.00023356760580739433,0.006522351362574064,0.0031443918783833347,0.5365412463648309,0.5365412463648309,0.5379016052525468,0.19716202925745596,0.19716202925745596,0.21737395519895422,0.33937921710737495,0.33937921710737495,0.3205276500535926
EleutherAI/pythia-2.8b,11,3,0.0012307955524111236,0.002954437976747215,0.0020926167645791693,0.4246194723315687,0.4246194723315687,0.43421991333336807,0.12469615714298639,0.12469615714298639,0.1185592660500498,0.29992331518858234,0.29992331518858234,0.3156606472833183
EleutherAI/pythia-2.8b,11,4,-0.0060943843811518406,-0.0023577832800194543,-0.004226083830585647,0.16439278278554897,0.16439278278554897,0.15378604375254107,0.18827882297108633,0.18827882297108633,0.18598534576013898,-0.02388604018553736,-0.02388604018553736,-0.03219930200759791
EleutherAI/pythia-2.8b,11,5,-0.0024673582062009203,0.0018320158710629642,-0.00031767116756897806,0.32039071696693383,0.32039071696693383,0.3103802991570731,0.13772452513071548,0.13772452513071548,0.15483726780584628,0.18266619183621835,0.18266619183621835,0.15554303135122682
EleutherAI/pythia-2.8b,11,6,-0.0025411290446606394,-0.0012786144346703665,-0.001909871739665503,0.4154437905529441,0.4154437905529441,0.4246560663914746,0.356658873469486,0.356658873469486,0.37454323405665724,0.05878491708345812,0.05878491708345812,0.05011283233481734
EleutherAI/pythia-2.8b,11,7,0.0004133089320865757,-0.0027987262395421375,-0.001192708653727781,0.3648668610123432,0.3648668610123432,0.3580937982383542,0.1888724597551347,0.1888724597551347,0.19929075933712945,0.17599440125720853,0.17599440125720853,0.15880303890122474
EleutherAI/pythia-2.8b,11,8,0.0017164335476129722,-0.0008520892285925896,0.0004321721595101913,0.5960572544005461,0.5960572544005461,0.5967931113843843,0.2733614624949393,0.2733614624949393,0.2856498946690895,0.3226957919056068,0.3226957919056068,0.31114321671529477
EleutherAI/pythia-2.8b,11,9,-0.0011135311577263884,-0.0008004256120814901,-0.0009569783849039393,0.2930543688868937,0.2930543688868937,0.2773640635308404,0.22029106403288842,0.22029106403288842,0.2255519876978323,0.07276330485400526,0.07276330485400526,0.05181207583300812
EleutherAI/pythia-2.8b,11,10,-0.0010938268946851792,-0.0010947880782481434,-0.0010943074864666613,0.34827141857916255,0.34827141857916255,0.34294216598835364,0.17626028552609305,0.17626028552609305,0.18312126634614967,0.1720111330530695,0.1720111330530695,0.15982089964220397
EleutherAI/pythia-2.8b,11,11,-0.002081443005659711,-0.00038567490465046816,-0.0012335589551550896,0.8044690800411624,0.8044690800411624,0.8089672880264408,0.14144310089069387,0.14144310089069387,0.14745750351442719,0.6630259791504685,0.6630259791504685,0.6615097845120136
EleutherAI/pythia-2.8b,11,12,-0.003471554733637028,-0.001239686500368986,-0.002355620617003007,0.5120797553729893,0.5120797553729893,0.519619559413764,0.2500305295376992,0.2500305295376992,0.24988707112897182,0.2620492258352901,0.2620492258352901,0.26973248828479224
EleutherAI/pythia-2.8b,11,13,-0.006370484359621287,-0.0062099667046013884,-0.006290225532111338,0.2917879351235215,0.2917879351235215,0.29586119402673167,0.1663738906981604,0.1663738906981604,0.16689297690570307,0.12541404442536114,0.12541404442536114,0.1289682171210286
EleutherAI/pythia-2.8b,11,14,-0.0022929033895180417,0.0003510722963828705,-0.0009709155465675856,0.48188552389029343,0.48188552389029343,0.4670484795014212,0.18378825382646435,0.18378825382646435,0.19515602008484853,0.2980972700638291,0.2980972700638291,0.2718924594165727
EleutherAI/pythia-2.8b,11,15,-0.0010851762426185019,0.0006620151790106554,-0.00021158053180392322,0.30594872336180523,0.30594872336180523,0.31811488917144304,0.2660916797052264,0.2660916797052264,0.28573140864963226,0.03985704365657883,0.03985704365657883,0.03238348052181078
EleutherAI/pythia-2.8b,11,16,-0.007585420383243502,-0.0012231060839074104,-0.004404263233575456,0.42031284059004514,0.42031284059004514,0.42483570903304935,0.1856632951380066,0.1856632951380066,0.19410140544793225,0.23464954545203853,0.23464954545203853,0.2307343035851171
EleutherAI/pythia-2.8b,11,17,-0.003398504782849532,-0.0020706296905759203,-0.002734567236712726,0.3585623931577232,0.3585623931577232,0.35724732222631045,0.21085418414283388,0.21085418414283388,0.2255526362822978,0.14770820901488932,0.14770820901488932,0.13169468594401265
EleutherAI/pythia-2.8b,11,18,-0.0005541223240652648,-0.001476618248646755,-0.00101537028635601,0.1467220315507283,0.1467220315507283,0.1431529125012476,0.12485060997595647,0.12485060997595647,0.13177222729163485,0.02187142157477183,0.02187142157477183,0.011380685209612745
EleutherAI/pythia-2.8b,11,19,8.001853161898609e-05,-0.002265509657972231,-0.0010927455631766225,0.28849656777714966,0.28849656777714966,0.2783122479970321,0.1839908531129315,0.1839908531129315,0.1900005096834201,0.10450571466421815,0.10450571466421815,0.08831173831361197
EleutherAI/pythia-2.8b,11,20,-0.0028467854176921215,-0.0017894834984004682,-0.002318134458046295,0.26418438016870943,0.26418438016870943,0.26162853707003125,0.18839884849473212,0.18839884849473212,0.18913277006681245,0.07578553167397731,0.07578553167397731,0.0724957670032188
EleutherAI/pythia-2.8b,11,21,-0.004075658602977317,-0.006458432655634727,-0.005267045629306022,0.2534382204758845,0.2534382204758845,0.251242878331364,0.2780913964896487,0.2780913964896487,0.28803953673130445,-0.02465317601376421,-0.02465317601376421,-0.03679665839994045
EleutherAI/pythia-2.8b,11,22,-0.0023224597840800776,-0.0032564899114171375,-0.0027894748477486075,0.39646644916885676,0.39646644916885676,0.40842336729651757,0.3243523574429981,0.3243523574429981,0.3452524659655775,0.07211409172585864,0.07211409172585864,0.06317090133094005
EleutherAI/pythia-2.8b,11,23,-0.0013408510703740717,0.0030010553795523087,0.0008301021545891185,0.41245165822929125,0.41245165822929125,0.41473748425658513,0.20778560695064546,0.20778560695064546,0.21300640121939513,0.2046660512786458,0.2046660512786458,0.20173108303719
EleutherAI/pythia-2.8b,11,24,-0.0004712202417569422,0.0018161563422736116,0.0006724680502583347,0.304220521686246,0.304220521686246,0.337251931128008,0.17007538420330093,0.17007538420330093,0.1951983427017508,0.1341451374829451,0.1341451374829451,0.1420535884262572
EleutherAI/pythia-2.8b,11,25,-0.0013985220841536972,-0.0019317386657236035,-0.0016651303749386503,0.34307550385328367,0.34307550385328367,0.3425152246606171,0.2624082781454798,0.2624082781454798,0.2862591400894054,0.08066722570780388,0.08066722570780388,0.05625608457121173
EleutherAI/pythia-2.8b,11,26,-0.0027559535709893446,0.0026278758612203745,-6.403885488448502e-05,0.3634994111790139,0.3634994111790139,0.35958176911922274,0.23737615232815235,0.23737615232815235,0.25626835763472355,0.12612325885086156,0.12612325885086156,0.10331341148449918
EleutherAI/pythia-2.8b,11,27,-0.004711000938115273,-0.0011495755413384323,-0.0029302882397268526,0.5373053581036896,0.5373053581036896,0.5350079026380755,0.20515868567622778,0.20515868567622778,0.22497650056635307,0.3321466724274619,0.3321466724274619,0.3100314020717224
EleutherAI/pythia-2.8b,11,28,-0.00021602600578285447,0.0010291873000740637,0.0004065806471456046,0.09649476917271851,0.09649476917271851,0.10124702266554686,0.12307399548683855,0.12307399548683855,0.1318595772208033,-0.026579226314120033,-0.026579226314120033,-0.030612554555256438
EleutherAI/pythia-2.8b,11,29,-0.0016272837721458266,-0.002007672167199548,-0.0018174779696726873,0.2906018709257933,0.2906018709257933,0.2977282087927982,0.1324359601833992,0.1324359601833992,0.13168557076105966,0.1581659107423941,0.1581659107423941,0.16604263803173855
EleutherAI/pythia-2.8b,11,30,-0.003784419983390741,-0.003914420060285195,-0.003849420021837968,0.21595487186641368,0.21595487186641368,0.21667337504076195,0.12020587544681259,0.12020587544681259,0.12398432578043143,0.09574899641960109,0.09574899641960109,0.09268904926033052
EleutherAI/pythia-2.8b,11,31,-0.002546175258366201,-0.0016998531311513965,-0.002123014194758799,0.3590806307728076,0.3590806307728076,0.35351843020657187,0.287296183429378,0.287296183429378,0.2989941871513956,0.07178444734342959,0.07178444734342959,0.05452424305517628
EleutherAI/pythia-2.8b,12,0,-0.005713275098425452,-0.00443562184731805,-0.005074448472871751,0.3594469476087018,0.3594469476087018,0.38121418063022117,0.31970723296819087,0.31970723296819087,0.34074050152905083,0.039739714640510904,0.039739714640510904,0.040473679101170335
EleutherAI/pythia-2.8b,12,1,-0.0021138829509106394,-0.002716545044906482,-0.0024152139979085607,0.43007667918140585,0.43007667918140585,0.4312721171477816,0.30836420135204845,0.30836420135204845,0.32066719462565785,0.1217124778293574,0.1217124778293574,0.11060492252212373
EleutherAI/pythia-2.8b,12,2,-0.001897856945128229,0.0032514436977115757,0.0006767933762916734,0.34690775106331084,0.34690775106331084,0.3487877785277606,0.20495514830091402,0.20495514830091402,0.20858529333325648,0.14195260276239682,0.14195260276239682,0.14020248519450412
EleutherAI/pythia-2.8b,12,3,-0.006003552534449064,-0.004889300489050008,-0.005446426511749536,0.40723625646070805,0.40723625646070805,0.42176080058058013,0.17731488936533962,0.17731488936533962,0.18066733072975164,0.22992136709536842,0.22992136709536842,0.2410934698508285
EleutherAI/pythia-2.8b,12,4,-0.0010395200233763724,-9.275421382870519e-05,-0.0005661371186025388,0.23424113455579784,0.23424113455579784,0.25889589870458185,0.2005609747693857,0.2005609747693857,0.2342631307303888,0.033680159786412145,0.033680159786412145,0.02463276797419306
EleutherAI/pythia-2.8b,12,5,3.74861589564901e-05,0.00039384496493610754,0.00021566556194629882,0.498321408141502,0.498321408141502,0.5015669013807247,0.23595191652438238,0.23595191652438238,0.24746007387562716,0.26236949161711964,0.26236949161711964,0.2541068275050975
EleutherAI/pythia-2.8b,12,6,0.0016155092734986276,0.0014230322650097271,0.0015192707692541774,0.42449128675823483,0.42449128675823483,0.4195950238065954,0.18771725254495125,0.18771725254495125,0.1929314937602562,0.23677403421328358,0.23677403421328358,0.2266635300463392
EleutherAI/pythia-2.8b,12,7,-0.0031721460537648127,-0.0015047328678643446,-0.0023384394608145787,0.1154449386399204,0.1154449386399204,0.1359342761934878,0.08859643272445447,0.08859643272445447,0.08558161387897614,0.026848505915465934,0.026848505915465934,0.05035266231451166
EleutherAI/pythia-2.8b,12,8,-0.003778652882012956,0.0026458980530263965,-0.0005663774144932798,0.5184275289706864,0.5184275289706864,0.5235948806402028,0.18536122722852869,0.18536122722852869,0.1773828260123254,0.3330663017421578,0.3330663017421578,0.34621205462787735
EleutherAI/pythia-2.8b,12,9,-0.003278116541584719,-0.0009104811300444382,-0.0020942988358145787,0.3951409197383879,0.3951409197383879,0.39605074935926804,0.22001666094955205,0.22001666094955205,0.23751277352382488,0.17512425878883583,0.17512425878883583,0.15853797583544316
EleutherAI/pythia-2.8b,12,10,-0.002032662939837948,0.0001297597810041573,-0.0009514515794168954,0.3907871549306331,0.3907871549306331,0.4070807259610635,0.18331147312553514,0.18331147312553514,0.1956205411715525,0.20747568180509796,0.20747568180509796,0.21146018478951098
EleutherAI/pythia-2.8b,12,11,-0.004576675535187036,0.0003167099840060139,-0.002129982775590511,0.38176321610837016,0.38176321610837016,0.37035732165481466,0.2104966551252714,0.2104966551252714,0.22388698137338425,0.17126656098309875,0.17126656098309875,0.1464703402814304
EleutherAI/pythia-2.8b,12,12,-0.005218265563484259,-0.003728911632627785,-0.004473588598056022,0.5890049647114067,0.5890049647114067,0.5854668773454035,0.22417559934909312,0.22417559934909312,0.24348817885702304,0.3648293653623136,0.3648293653623136,0.3419786984883805
EleutherAI/pythia-2.8b,12,13,-0.002698282557209719,-0.0003979299950787052,-0.0015481062761442121,0.3263571359219547,0.3263571359219547,0.33287477489409323,0.19854215135028355,0.19854215135028355,0.20888817655214448,0.12781498457167115,0.12781498457167115,0.12398659834194875
EleutherAI/pythia-2.8b,12,14,-0.00567987396961156,-0.0016897607037402729,-0.0036848173366759163,0.4624378444799925,0.4624378444799925,0.4557763113606075,0.1778669607286562,0.1778669607286562,0.19554471996069714,0.28457088375133627,0.28457088375133627,0.26023159139991037
EleutherAI/pythia-2.8b,12,15,-0.004855418768455078,-8.65065206694382e-05,-0.002470962644562258,0.5889235046290741,0.5889235046290741,0.588335511033233,0.207691011003382,0.207691011003382,0.22220539106322176,0.38123249362569206,0.38123249362569206,0.3661301199700112
EleutherAI/pythia-2.8b,12,16,-0.005769023745078705,-0.0005836787186268566,-0.003176351231852781,0.3976487341168485,0.3976487341168485,0.38499407667354607,0.24023676002356095,0.24023676002356095,0.25280636776190973,0.15741197409328753,0.15741197409328753,0.13218770891163634
EleutherAI/pythia-2.8b,12,17,0.00019103523314445425,0.00015787440022130284,0.00017445481668287854,0.4237116154190409,0.4237116154190409,0.4483548942833216,0.24184959553732696,0.24184959553732696,0.2481143695119202,0.18186201988171394,0.18186201988171394,0.2002405247714014
EleutherAI/pythia-2.8b,12,18,-0.0007840854915110995,0.0003376157265009283,-0.0002232348825050856,0.3601360593976261,0.3601360593976261,0.36863911093287316,0.1899308178025257,0.1899308178025257,0.18971055039586945,0.17020524159510042,0.17020524159510042,0.1789285605370037
EleutherAI/pythia-2.8b,12,19,0.0013468584676425976,0.0018466739203986116,0.0015967661940206046,0.28652418437342403,0.28652418437342403,0.31894231894689506,0.22909029956488444,0.22909029956488444,0.2635447546976045,0.05743388480853959,0.05743388480853959,0.05539756424929054
EleutherAI/pythia-2.8b,12,20,-0.0017320527805120278,-0.00542155588705695,-0.003576804333784489,0.7635885695610313,0.7635885695610313,0.7661356235648423,0.16700439586901214,0.16700439586901214,0.17587085297793692,0.5965841736920191,0.5965841736920191,0.5902647705869054
EleutherAI/pythia-2.8b,12,21,-0.000903031957431466,0.000909039354699992,3.0036986342629746e-06,0.40162707998956826,0.40162707998956826,0.3757392910625411,0.19233020112982213,0.19233020112982213,0.19311367388529757,0.20929687885974613,0.20929687885974613,0.18262561717724354
EleutherAI/pythia-2.8b,12,22,-0.006394754244586576,0.0010959895577018486,-0.0026493823434423636,0.3116661230721698,0.3116661230721698,0.3187944040803341,0.15471899726154015,0.15471899726154015,0.16665447440867376,0.15694712581062964,0.15694712581062964,0.15213992967166035
EleutherAI/pythia-2.8b,12,23,-0.0010402409110485955,-0.0036546602023865837,-0.0023474505567175896,0.33538271630815986,0.33538271630815986,0.34704343854899816,0.3001803974279257,0.3001803974279257,0.31227717881223166,0.035202318880234174,0.035202318880234174,0.0347662597367665
EleutherAI/pythia-2.8b,12,24,-0.00414582500307592,-0.0020800012303148208,-0.0031129131166953705,0.11327794538367131,0.11327794538367131,0.11635997930109868,0.09864493209563606,0.09864493209563606,0.10703596582405182,0.014633013288035249,0.014633013288035249,0.009324013477046852
EleutherAI/pythia-2.8b,12,25,-0.0010786882535680498,0.000884769469734259,-9.69593919168954e-05,0.34873267472499636,0.34873267472499636,0.3503894522582861,0.15278603624928425,0.15278603624928425,0.1593910904209464,0.19594663847571211,0.19594663847571211,0.1909983618373397
EleutherAI/pythia-2.8b,12,26,0.0007348248339074104,-0.001166396253690749,-0.00021578570989166934,0.3234494781484529,0.3234494781484529,0.3345471170785344,0.2574367635681985,0.2574367635681985,0.26911102142048504,0.06601271458025437,0.06601271458025437,0.06543609565804936
EleutherAI/pythia-2.8b,12,27,0.0016861562653787132,0.0024630328801675816,0.0020745945727731474,0.8015422184995603,0.8015422184995603,0.8019400244591552,0.13243908463559453,0.13243908463559453,0.13322575158266017,0.6691031338639658,0.6691031338639658,0.6687142728764951
EleutherAI/pythia-2.8b,12,28,-0.0034016286294291653,3.075787401574104e-05,-0.0016854353777067121,0.36180046786791975,0.36180046786791975,0.3796873389190181,0.30122429677702905,0.30122429677702905,0.32240244994312883,0.060576171090890696,0.060576171090890696,0.05728488897588929
EleutherAI/pythia-2.8b,12,29,-0.0005483552226870358,0.0009015901820865757,0.00017661747969976993,0.27498399229382653,0.27498399229382653,0.2686502307827563,0.1810245825826615,0.1810245825826615,0.20913215990441045,0.09395940971116504,0.09395940971116504,0.05951807087834585
EleutherAI/pythia-2.8b,12,30,0.00022419606606760567,0.0008009062038634163,0.000512551134965511,0.3791381024799752,0.3791381024799752,0.39591004728755774,0.28106032520788077,0.28106032520788077,0.3038321154033079,0.09807777727209444,0.09807777727209444,0.09207793188424984
EleutherAI/pythia-2.8b,12,31,-0.00469273845041851,-0.0037945124108023087,-0.004243625430610409,0.4547968935112903,0.4547968935112903,0.44884247447947295,0.09546036828491855,0.09546036828491855,0.0919454223888577,0.3593365252263718,0.3593365252263718,0.3568970520906153
EleutherAI/pythia-2.8b,13,0,-0.0006122739296263724,-0.0010354349932333307,-0.0008238544614298515,0.40758572638365004,0.40758572638365004,0.41185216640706773,0.30253219386587643,0.30253219386587643,0.3201145917802689,0.1050535325177736,0.1050535325177736,0.09173757462679882
EleutherAI/pythia-2.8b,13,1,-0.0024615911048231354,0.0010147695466291573,-0.000723410779096989,0.22059127737160664,0.22059127737160664,0.2448135660422305,0.11949959585477968,0.11949959585477968,0.13845468410428952,0.10109168151682696,0.10109168151682696,0.10635888193794099
EleutherAI/pythia-2.8b,13,2,-0.0008268581600643365,2.8595210999071696e-05,-0.0003991314745326324,0.23774217642821752,0.23774217642821752,0.2469842841501698,0.23997582248605337,0.23997582248605337,0.25078692724278473,-0.002233646057835853,-0.002233646057835853,-0.003802643092614938
EleutherAI/pythia-2.8b,13,3,-0.000982329601378229,-0.0015958050104574184,-0.0012890673059178237,0.35997125546072933,0.35997125546072933,0.36819354658947184,0.21359848076792876,0.21359848076792876,0.22198455687667168,0.14637277469280058,0.14637277469280058,0.14620898971280016
EleutherAI/pythia-2.8b,13,4,-0.002849668968381014,-0.002539687269315749,-0.0026946781188483815,0.4693655700964338,0.4693655700964338,0.4880964389521262,0.23340188053993274,0.23340188053993274,0.2477089242860087,0.23596368955650107,0.23596368955650107,0.24038751466611746
EleutherAI/pythia-2.8b,13,5,-0.003637358898253229,-0.003624863511933807,-0.003631111205093518,0.1783698544819545,0.1783698544819545,0.18269261950247462,0.13497336466810017,0.13497336466810017,0.13628379656700657,0.04339648981385433,0.04339648981385433,0.04640882293546805
EleutherAI/pythia-2.8b,13,6,-0.0027355284202759123,-0.0035263421967273167,-0.0031309353085016145,0.4580907671609272,0.4580907671609272,0.45516509843705927,0.2704565633801566,0.2704565633801566,0.2803461403931342,0.18763420378077061,0.18763420378077061,0.17481895804392505
EleutherAI/pythia-2.8b,13,7,-0.005499652051550452,0.00017373392901065543,-0.0026629590612698983,0.5413457156490927,0.5413457156490927,0.5700095133232842,0.1838617254824077,0.1838617254824077,0.1829758127186575,0.35748399016668503,0.35748399016668503,0.3870337006046267
EleutherAI/pythia-2.8b,13,8,0.0017387810654527769,0.0030608890563486035,0.00239983506090069,0.33385089776820176,0.33385089776820176,0.32344363677734367,0.20346208414257239,0.20346208414257239,0.217151892272262,0.13038881362562937,0.13038881362562937,0.10629174450508166
EleutherAI/pythia-2.8b,13,9,-0.0018461933286171295,-0.0009489284725638925,-0.001397560900590511,0.13970609411379423,0.13970609411379423,0.1555919905848373,0.10683650013094184,0.10683650013094184,0.1182941899739819,0.032869593982852385,0.032869593982852385,0.0372978006108554
EleutherAI/pythia-2.8b,13,10,-0.003411721056840733,-0.004265492356668066,-0.0038386067067543994,0.3199100740197945,0.3199100740197945,0.32535014583219013,0.20125610846483458,0.20125610846483458,0.21889389950941107,0.11865396555495991,0.11865396555495991,0.10645624632277906
EleutherAI/pythia-2.8b,13,11,0.0002090574249504762,0.0013382078155759203,0.0007736326202631982,0.17246189533269513,0.17246189533269513,0.157058741995502,0.19365587756875163,0.19365587756875163,0.17212078908016523,-0.021193982236056508,-0.021193982236056508,-0.015062047084663244
EleutherAI/pythia-2.8b,13,12,-0.00217972402497546,-0.002337358129306022,-0.002258541077140741,0.5490378034756422,0.5490378034756422,0.5625890945809697,0.31106808432461663,0.31106808432461663,0.3514997419275253,0.2379697191510256,0.2379697191510256,0.21108935265344442
EleutherAI/pythia-2.8b,13,13,-0.002763643039493502,-0.0007353054256888925,-0.0017494742325911972,0.8944294304688868,0.8944294304688868,0.8981283593415943,0.111969363344448,0.111969363344448,0.11161720837667166,0.7824600671244388,0.7824600671244388,0.7865111509649226
EleutherAI/pythia-2.8b,13,14,-0.00034939022514768325,0.0008544921875,0.0002525509811761584,0.18860003438246478,0.18860003438246478,0.21359043295978347,0.10487408294545965,0.10487408294545965,0.11013130805655616,0.08372595143700513,0.08372595143700513,0.10345912490322731
EleutherAI/pythia-2.8b,13,15,0.000158835583784267,0.0009181705985481514,0.0005385030911662092,0.40639646663644935,0.40639646663644935,0.40446795007513237,0.19529907075992364,0.19529907075992364,0.1997614804850089,0.2110973958765257,0.2110973958765257,0.20470646959012345
EleutherAI/pythia-2.8b,13,16,-0.001379058117003229,-0.0009554164616143446,-0.0011672372893087868,0.4391874723328866,0.4391874723328866,0.44461891112770513,0.3654797584078487,0.3654797584078487,0.3879306360800619,0.07370771392503789,0.07370771392503789,0.05668827504764323
EleutherAI/pythia-2.8b,13,17,-0.002050204539862488,-0.0007833646038384323,-0.0014167845718504601,0.4077571680557083,0.4077571680557083,0.4106981703993348,0.14478348154867954,0.14478348154867954,0.14421551802311258,0.26297368650702874,0.26297368650702874,0.26648265237622226
EleutherAI/pythia-2.8b,13,18,-0.003803403358760171,-0.0047331081600638925,-0.004268255759412032,0.16146667772606077,0.16146667772606077,0.17497532396297302,0.12113838008424033,0.12113838008424033,0.12427498341854314,0.04032829764182044,0.04032829764182044,0.05070034054442989
EleutherAI/pythia-2.8b,13,19,-0.00036284679502962547,0.00017974132627962547,-9.1552734375e-05,0.14333330285036372,0.14333330285036372,0.17050311238805835,0.1667738500408091,0.1667738500408091,0.1851577607499202,-0.023440547190445388,-0.023440547190445388,-0.014654648361861866
EleutherAI/pythia-2.8b,13,20,-0.0011447696235236116,0.000964788001353245,-8.999081108518325e-05,0.673905827234523,0.673905827234523,0.7033785816711029,0.2785996856280092,0.2785996856280092,0.28961726282353234,0.3953061416065138,0.3953061416065138,0.41376131884757056
EleutherAI/pythia-2.8b,13,21,-0.00047025905819397806,0.0007343442421259283,0.00013204259196597512,0.41976867289268044,0.41976867289268044,0.424947112611915,0.1663590548025749,0.1663590548025749,0.17743170070042916,0.25340961809010554,0.25340961809010554,0.24751541191148582
EleutherAI/pythia-2.8b,13,22,0.0006730687899851873,-0.0006021815022143606,3.544364388541332e-05,0.33589532087411905,0.33589532087411905,0.30958972067754426,0.25934491441921637,0.25934491441921637,0.25607838112346276,0.07655040645490269,0.07655040645490269,0.053511339554081494
EleutherAI/pythia-2.8b,13,23,0.0021701121893453745,0.003362940991018526,0.0027665265901819502,0.29852675025182096,0.29852675025182096,0.30643590193308756,0.27718773971394073,0.27718773971394073,0.30097736942495007,0.021339010537880232,0.021339010537880232,0.0054585325081374925
EleutherAI/pythia-2.8b,13,24,-0.0018255278820129561,-0.003412201648622215,-0.0026188647653175856,0.03140112059070558,0.03140112059070558,0.050263295539869565,0.03919188311957391,0.03919188311957391,0.040078543103965684,-0.007790762528868331,-0.007790762528868331,0.01018475243590388
EleutherAI/pythia-2.8b,13,25,0.00018574872354815142,6.29575233759283e-05,0.00012435312346203986,0.2979477324972186,0.2979477324972186,0.29717437583589146,0.10841697777849853,0.10841697777849853,0.10424925753423173,0.1895307547187201,0.1895307547187201,0.19292511830165973
EleutherAI/pythia-2.8b,13,26,7.497231791342429e-05,0.0008556936669537052,0.00046533299243356474,0.26105581587326443,0.26105581587326443,0.23161996530737763,0.22415036188006948,0.22415036188006948,0.21306012251222176,0.03690545399319495,0.03690545399319495,0.01855984279515588
EleutherAI/pythia-2.8b,13,27,0.0002472644715796335,-0.0007922555517962948,-0.00027249554010833066,0.19284857850928125,0.19284857850928125,0.18759138450458007,0.13774112876793213,0.13774112876793213,0.13584757360423177,0.055107449741349124,0.055107449741349124,0.0517438109003483
EleutherAI/pythia-2.8b,13,28,0.011277086152805094,0.0076688030573328625,0.009472944605068978,0.33493152527314024,0.33493152527314024,0.32336930393960206,0.2764749397231424,0.2764749397231424,0.2702885876283988,0.05845658554999783,0.05845658554999783,0.05308071631120326
EleutherAI/pythia-2.8b,13,29,-0.0019360639917569422,0.0033583753690944462,0.000711155688668752,0.4994367183642852,0.4994367183642852,0.4945243366881215,0.24987913186037722,0.24987913186037722,0.27163584786161105,0.249557586503908,0.249557586503908,0.22288848882651047
EleutherAI/pythia-2.8b,13,30,-0.0015821081446851792,-0.0004443071019930578,-0.0010132076233391185,0.4717240525896782,0.4717240525896782,0.49179583182902165,0.19837512904793914,0.19837512904793914,0.22048133658301422,0.27334892354173906,0.27334892354173906,0.2713144952460074
EleutherAI/pythia-2.8b,13,31,-0.005739467350517113,-0.004916934516486116,-0.0053282009335016145,0.38882840999252677,0.38882840999252677,0.4458233121166183,0.1326695245840194,0.1326695245840194,0.15164231542024842,0.2561588854085074,0.2561588854085074,0.2941809966963699
EleutherAI/pythia-2.8b,14,0,-0.008812851793184251,-0.004709078570989345,-0.006760965182086798,0.2319897880736639,0.2319897880736639,0.2308983687604988,0.14406372963523292,0.14406372963523292,0.1474445664172396,0.08792605843843099,0.08792605843843099,0.08345380234325919
EleutherAI/pythia-2.8b,14,1,-0.001115934116634243,-0.005518395131028697,-0.00331716462383147,0.428860892875441,0.428860892875441,0.4395095934449391,0.27214585992406437,0.27214585992406437,0.2817939655360544,0.15671503295137662,0.15671503295137662,0.15771562790888471
EleutherAI/pythia-2.8b,14,2,-0.0056611308901328705,-0.0072903370294046255,-0.006475733959768748,0.3722702189223192,0.3722702189223192,0.3654547566717088,0.26499338002225914,0.26499338002225914,0.28221156976748507,0.10727683890006007,0.10727683890006007,0.08324318690422372
EleutherAI/pythia-2.8b,14,3,-0.0023897426334893446,-0.0022746409018208347,-0.0023321917676550896,0.2953797387319129,0.2953797387319129,0.2814207618666797,0.12071741613011351,0.12071741613011351,0.12392474373328242,0.17466232260179942,0.17466232260179942,0.15749601813339725
EleutherAI/pythia-2.8b,14,4,0.0017426257997046335,0.002611295444758799,0.002176960622231716,0.41683662157109524,0.41683662157109524,0.4218486172273594,0.23781132779106967,0.23781132779106967,0.24320446684509092,0.17902529378002557,0.17902529378002557,0.17864415038226847
EleutherAI/pythia-2.8b,14,5,-0.004123717781127301,-0.0029695766178643446,-0.0035466471994958226,0.452379889408907,0.452379889408907,0.4567096613754483,0.11580142991852688,0.11580142991852688,0.1291475974980523,0.3365784594903801,0.3365784594903801,0.32756206387739595
EleutherAI/pythia-2.8b,14,6,-0.005168284018208791,-0.006322184885580562,-0.005745234451894676,0.2826179750451892,0.2826179750451892,0.27456944741907424,0.13727547890845418,0.13727547890845418,0.14553742506529316,0.14534249613673503,0.14534249613673503,0.12903202235378108
EleutherAI/pythia-2.8b,14,7,-0.0027725339874509203,0.0008383923628199064,-0.000967070812315507,0.4031631259627171,0.4031631259627171,0.3904444199539503,0.1177324016323624,0.1177324016323624,0.12510264568180807,0.28543072433035466,0.28543072433035466,0.26534177427214223
EleutherAI/pythia-2.8b,14,8,0.0014602781280754762,-0.003083236574187964,-0.000811479223056244,0.5430166019123278,0.5430166019123278,0.534722832501148,0.2196374066691096,0.2196374066691096,0.2424647326416771,0.32337919524321823,0.32337919524321823,0.29225809985947093
EleutherAI/pythia-2.8b,14,9,-0.007751224547859259,-0.0021641047920768486,-0.004957664669968054,0.3986749293517922,0.3986749293517922,0.38350968843933847,0.26006804661654126,0.26006804661654126,0.2634132426989107,0.13860688273525096,0.13860688273525096,0.12009644574042777
EleutherAI/pythia-2.8b,14,10,-0.003424697034941193,5.526805487221509e-05,-0.001684714490034489,0.16864504606995992,0.16864504606995992,0.18862836822491472,0.06229902800847761,0.06229902800847761,0.06136842545798146,0.1063460180614823,0.1063460180614823,0.12725994276693325
EleutherAI/pythia-2.8b,14,11,0.0006036232775588068,0.0023207777128444462,0.0014622004952016265,0.43927430093559294,0.43927430093559294,0.45106022481149655,0.13142904740894076,0.13142904740894076,0.13040774863669477,0.30784525352665215,0.30784525352665215,0.32065247617480175
EleutherAI/pythia-2.8b,14,12,-0.004441869540477317,-0.0015972467858023087,-0.0030195581631398127,0.7074498957264563,0.7074498957264563,0.7193562430478577,0.31689776208816506,0.31689776208816506,0.3135982787681141,0.3905521336382913,0.3905521336382913,0.40575796427974364
EleutherAI/pythia-2.8b,14,13,-0.010271928441806466,-0.007126935823695835,-0.00869943213275115,0.2772684350872863,0.2772684350872863,0.2499696464739512,0.21623136561953157,0.21623136561953157,0.22282310877961806,0.06103706946775475,0.06103706946775475,0.027146537694333145
EleutherAI/pythia-2.8b,14,14,-0.0030911663385828625,-0.000713919091412496,-0.0019025427149976792,0.4371743727006893,0.4371743727006893,0.4678632549568726,0.3094331972550881,0.3094331972550881,0.3279605517794933,0.1277411754456012,0.1277411754456012,0.1399027031773793
EleutherAI/pythia-2.8b,14,15,-0.004218154066191193,-0.0014790212075541653,-0.0028485876368726792,0.33237563516516055,0.33237563516516055,0.3448597546638627,0.20777029023160887,0.20777029023160887,0.2284301690037748,0.12460534493355169,0.12460534493355169,0.1164295856600879
EleutherAI/pythia-2.8b,14,16,-0.004808801365649984,-0.0045995036448078785,-0.004704152505228931,0.8852162808363186,0.8852162808363186,0.8828061306019548,0.1707676655178237,0.1707676655178237,0.17234867660692013,0.7144486153184949,0.7144486153184949,0.7104574539950347
EleutherAI/pythia-2.8b,14,17,-0.005313182440330078,-0.0028890774944634323,-0.004101129967396755,0.4858511410524538,0.4858511410524538,0.5034119878560944,0.22800078564461987,0.22800078564461987,0.2636191394258491,0.25785035540783396,0.25785035540783396,0.23979284843024534
EleutherAI/pythia-2.8b,14,18,-0.002417616956816193,-0.0021210918276328705,-0.002269354392224532,0.5343534374665391,0.5343534374665391,0.5248387384916874,0.14657840058978228,0.14657840058978228,0.16218328524141581,0.3877750368767568,0.3877750368767568,0.3626554532502716
EleutherAI/pythia-2.8b,14,19,-0.0037007970134106394,0.00021025890440462547,-0.001745269054503007,0.8614332205627396,0.8614332205627396,0.866008621209675,0.19637581175435048,0.19637581175435048,0.20841694987466433,0.6650574088083891,0.6650574088083891,0.6575916713350107
EleutherAI/pythia-2.8b,14,20,-0.0009148064560777769,-0.0057406688299703745,-0.0033277376430240757,0.17755920329486477,0.17755920329486477,0.21669239793310963,0.10731978254085964,0.10731978254085964,0.1331452880340974,0.07023942075400513,0.07023942075400513,0.08354710989901223
EleutherAI/pythia-2.8b,14,21,-0.005904070035679165,-0.003723865418922223,-0.004813967727300694,0.917692205536832,0.917692205536832,0.9134191280747874,0.14403490711094408,0.14403490711094408,0.14341909608953118,0.7736572984258878,0.7736572984258878,0.7700000319852562
EleutherAI/pythia-2.8b,14,22,-0.007868248646653697,-0.0033956212321601953,-0.005631934939406946,0.46471624106551623,0.46471624106551623,0.5091994737399295,0.2765234918673147,0.2765234918673147,0.32558521552206415,0.18819274919820156,0.18819274919820156,0.1836142582178653
EleutherAI/pythia-2.8b,14,23,-0.0008989469272884243,0.0037003164216291573,0.0014006847471703665,0.4101605317650901,0.4101605317650901,0.4320010931412096,0.2972364868003601,0.2972364868003601,0.3170829672784011,0.11292404496473002,0.11292404496473002,0.11491812586280853
EleutherAI/pythia-2.8b,14,24,-0.009744719257505086,-0.005010890209768526,-0.007377804733636806,0.4360372374575684,0.4360372374575684,0.4259920351361197,0.21519747482511148,0.21519747482511148,0.21807931235264366,0.22083976263245692,0.22083976263245692,0.20791272278347606
EleutherAI/pythia-2.8b,14,25,-0.005799781619094446,-0.004116028312623143,-0.004957904965858795,0.23447697361253508,0.23447697361253508,0.24602066607792225,0.14802176321529087,0.14802176321529087,0.16606320314768394,0.08645521039724421,0.08645521039724421,0.07995746293023831
EleutherAI/pythia-2.8b,14,26,-0.004038412739911568,-0.005713034802534267,-0.004875723771222917,0.37885282844262663,0.37885282844262663,0.3709356839486989,0.22468924096148382,0.22468924096148382,0.24540613657804916,0.1541635874811428,0.1541635874811428,0.12552954737064975
EleutherAI/pythia-2.8b,14,27,-0.0058865284356546255,-0.0037856214628444462,-0.004836074949249536,0.4256528264341316,0.4256528264341316,0.41427027248431925,0.16104360691075695,0.16104360691075695,0.17433759301028925,0.2646092195233747,0.2646092195233747,0.23993267947403
EleutherAI/pythia-2.8b,14,28,-0.0018661378875495238,-0.004039614219365273,-0.0029528760534573983,0.49965632429281304,0.49965632429281304,0.4888354270152219,0.29367303355310154,0.29367303355310154,0.2969418639350541,0.2059832907397115,0.2059832907397115,0.1918935630801678
EleutherAI/pythia-2.8b,14,29,0.004110261211244914,0.0017536794106791653,0.00293197031096204,0.7595988374650772,0.7595988374650772,0.7602434605103368,0.31848690079042347,0.31848690079042347,0.32726713791899015,0.4411119366746537,0.4411119366746537,0.4329763225913466
EleutherAI/pythia-2.8b,14,30,0.0009429210752949224,5.719042199814339e-05,0.0005000557486465329,0.4029548366783087,0.4029548366783087,0.39649792653460375,0.24544789214802243,0.24544789214802243,0.24887164752111066,0.1575069445302863,0.1575069445302863,0.1476262790134931
EleutherAI/pythia-2.8b,14,31,-0.006494236743356474,-0.005439818374753713,-0.005967027559055094,0.36677811742788974,0.36677811742788974,0.37409622019207045,0.2601209699942163,0.2601209699942163,0.27426344941243175,0.10665714743367344,0.10665714743367344,0.0998327707796387
EleutherAI/pythia-2.8b,15,0,-0.006639375461368502,-0.004561296598179165,-0.005600336029773834,0.31615592151188604,0.31615592151188604,0.2872794563519025,0.23897419412327414,0.23897419412327414,0.22254680219833342,0.0771817273886119,0.0771817273886119,0.06473265415356907
EleutherAI/pythia-2.8b,15,1,-0.005295640840305094,-0.0033422755444143526,-0.004318958192359723,0.12333343016663396,0.12333343016663396,0.12612201689887795,0.12203006922587112,0.12203006922587112,0.11131406204266558,0.001303360940762846,0.001303360940762846,0.014807954856212363
EleutherAI/pythia-2.8b,15,2,-0.0007732721764273087,0.0038617952602115757,0.0015442615418921335,0.4768852868941838,0.4768852868941838,0.4852901729810246,0.25353822674763143,0.25353822674763143,0.28131378790640443,0.22334706014655237,0.22334706014655237,0.20397638507462018
EleutherAI/pythia-2.8b,15,3,-0.0014917568897638844,-0.00617752675935046,-0.0038346418245571723,0.2574618175672508,0.2574618175672508,0.27736883841901105,0.15543427272994567,0.15543427272994567,0.16303553103720098,0.10202754483730511,0.10202754483730511,0.11433330738181008
EleutherAI/pythia-2.8b,15,4,-0.0032632181963583307,0.0015782634104333226,-0.000842477392962504,0.37530036891386526,0.37530036891386526,0.3916654322384677,0.2729422367863709,0.2729422367863709,0.2593294534315628,0.10235813212749434,0.10235813212749434,0.13233597880690495
EleutherAI/pythia-2.8b,15,5,0.0031764713797981514,0.005175973486712504,0.004176222433255328,0.6005712555982993,0.6005712555982993,0.6202821866955194,0.22842287034454892,0.22842287034454892,0.23645306637973684,0.3721483852537504,0.3721483852537504,0.38382912031578253
EleutherAI/pythia-2.8b,15,6,-0.0004522368663879561,-8.218119463565543e-05,-0.0002672090305118058,0.20060502473812827,0.20060502473812827,0.21905906043954076,0.1744689750443622,0.1744689750443622,0.1931273816603231,0.026136049693766067,0.026136049693766067,0.025931678779217676
EleutherAI/pythia-2.8b,15,7,0.0018531619094486196,0.0031654177688240637,0.0025092898391363416,0.4792951626389969,0.4792951626389969,0.4766940446638405,0.21731199253355854,0.21731199253355854,0.22339705850561578,0.26198317010543837,0.26198317010543837,0.2532969861582247
EleutherAI/pythia-2.8b,15,8,-0.004660538801058323,0.00010597048781990637,-0.002277284156619208,0.06613033701416353,0.06613033701416353,0.05119447358715061,0.08983791262940106,0.08983791262940106,0.08359826629524238,-0.023707575615237536,-0.023707575615237536,-0.032403792708091766
EleutherAI/pythia-2.8b,15,9,-0.0034335879828986116,6.728284941193152e-06,-0.0017134298489787092,0.21335596158761017,0.21335596158761017,0.21910843363298765,0.17392959783482215,0.17392959783482215,0.170422607162916,0.03942636375278802,0.03942636375278802,0.048685826470071664
EleutherAI/pythia-2.8b,15,10,-0.006235438069020827,-0.008772962675319906,-0.0075042003721703665,0.4626117337185545,0.4626117337185545,0.4747368786831043,0.2398507823157082,0.2398507823157082,0.25695775192787723,0.22276095140284632,0.22276095140284632,0.2177791267552271
EleutherAI/pythia-2.8b,15,11,-0.004756897453248143,-0.00019608144685046014,-0.0024764894500493018,0.5771808880373266,0.5771808880373266,0.56944365148183,0.3360027774263357,0.3360027774263357,0.34690532904205323,0.24117811061099087,0.24117811061099087,0.22253832243977673
EleutherAI/pythia-2.8b,15,12,-0.00205068513164397,0.0011313130536416693,-0.00045968603900115035,0.28580771358598234,0.28580771358598234,0.2836222774095891,0.17055586772656486,0.17055586772656486,0.16681968881503448,0.11525184585941747,0.11525184585941747,0.11680258859455464
EleutherAI/pythia-2.8b,15,13,-0.0032624973086861075,-0.002619225209153697,-0.0029408612589199024,0.1891941642007085,0.1891941642007085,0.19420723800390544,0.15639802523670962,0.15639802523670962,0.15164974544194498,0.03279613896399888,0.03279613896399888,0.04255749256196045
EleutherAI/pythia-2.8b,15,14,-0.0025541050227610995,-0.0025048443651574104,-0.002529474693959255,0.1684032779607156,0.1684032779607156,0.18334272959132464,0.15096004267772198,0.15096004267772198,0.15820445872018749,0.01744323528299363,0.01744323528299363,0.025138270871137153
EleutherAI/pythia-2.8b,15,15,0.00031887264702268325,-0.0013206662155509363,-0.0005008967842641265,0.44764503613234097,0.44764503613234097,0.4254681081929376,0.21290804781992703,0.21290804781992703,0.20502754972267392,0.23473698831241394,0.23473698831241394,0.2204405584702637
EleutherAI/pythia-2.8b,15,16,-0.003607562207800452,-0.0031274510180856474,-0.0033675066129430498,0.2558428756892269,0.2558428756892269,0.2032113269351558,0.16765015351328064,0.16765015351328064,0.15384433659241806,0.08819272217594629,0.08819272217594629,0.049366990342737754
EleutherAI/pythia-2.8b,15,17,-0.003394419752706934,-0.0034162866787648127,-0.0034053532157358735,0.3705931961138901,0.3705931961138901,0.4079532408535206,0.16312635826347102,0.16312635826347102,0.16957511559154517,0.20746683785041906,0.20746683785041906,0.2383781252619754
EleutherAI/pythia-2.8b,15,18,-0.0019850843534694462,-0.0019012210875986035,-0.0019431527205340249,0.746627738439044,0.746627738439044,0.7631191649836798,0.210928887883109,0.210928887883109,0.22818440039528481,0.5356988505559349,0.5356988505559349,0.5349347645883951
EleutherAI/pythia-2.8b,15,19,-0.0025495394008365757,0.0011060819851134163,-0.0007217287078615797,0.45467875058309043,0.45467875058309043,0.43651039506113287,0.2441631660153537,0.2441631660153537,0.25005925530945966,0.21051558456773672,0.21051558456773672,0.1864511397516732
EleutherAI/pythia-2.8b,15,20,-0.0032077098455958186,-0.004915252445250928,-0.0040614811454233735,0.5692338179041838,0.5692338179041838,0.5752344777932903,0.40549785876656663,0.40549785876656663,0.41713098545292593,0.16373595913761718,0.16373595913761718,0.15810349234036436
EleutherAI/pythia-2.8b,15,21,0.001080130028912052,-0.0010597048781986196,1.0212575356716158e-05,0.2581997784638058,0.2581997784638058,0.2899413217735221,0.17038920247999567,0.17038920247999567,0.1705365514095565,0.08781057598381015,0.08781057598381015,0.1194047703639656
EleutherAI/pythia-2.8b,15,22,-0.00021578570989211343,-0.0029438649575541653,-0.0015798253337231394,0.21174873167239824,0.21174873167239824,0.2128045075139156,0.18398905167596716,0.18398905167596716,0.18923195088760705,0.027759679996431086,0.027759679996431086,0.023572556626308555
EleutherAI/pythia-2.8b,15,23,-0.006467804195374072,-0.004262608805979173,-0.0053652065006766225,0.26211357127676177,0.26211357127676177,0.25856153457694175,0.1890221010077665,0.1890221010077665,0.18905267378440696,0.07309147026899526,0.07309147026899526,0.0695088607925348
EleutherAI/pythia-2.8b,15,24,-0.004942165585014813,0.00017373392901065543,-0.0023842158280020787,0.2716277662193408,0.2716277662193408,0.2645605411025943,0.17111407838111845,0.17111407838111845,0.18001892091754734,0.10051368783822237,0.10051368783822237,0.08454162018504696
EleutherAI/pythia-2.8b,15,25,-0.0031904085414615757,-0.0012000376783958266,-0.002195223109928701,0.37532179549244093,0.37532179549244093,0.3747872704371013,0.21945728094377362,0.21945728094377362,0.22135433393302845,0.15586451454866732,0.15586451454866732,0.15343293650407286
EleutherAI/pythia-2.8b,15,26,-0.0015909990926430417,-0.00015595203309537453,-0.0008734755628692081,0.4019020163531705,0.4019020163531705,0.42418135601720197,0.23905454705778525,0.23905454705778525,0.2598777114194683,0.16284746929538527,0.16284746929538527,0.16430364459773367
EleutherAI/pythia-2.8b,15,27,-0.0046105572557828545,-0.004297932301919438,-0.004454244778851146,0.2699274702896916,0.2699274702896916,0.2853628060667751,0.17136372902562677,0.17136372902562677,0.1821132231929714,0.09856374126406484,0.09856374126406484,0.1032495828738037
EleutherAI/pythia-2.8b,15,28,-0.000542828417199992,-0.0015595203309546335,-0.0010511743740773127,0.3485684447578919,0.3485684447578919,0.42767215355378874,0.2165800234521474,0.2165800234521474,0.2512587262844575,0.13198842130574448,0.13198842130574448,0.17641342726933124
EleutherAI/pythia-2.8b,15,29,0.0001684474194143526,0.0008429579847439861,0.0005057027020791693,0.36539750597357423,0.36539750597357423,0.35391231743302864,0.2118284863406361,0.2118284863406361,0.20847130192930316,0.15356901963293812,0.15356901963293812,0.14544101550372548
EleutherAI/pythia-2.8b,15,30,-0.0037507785586861075,0.002661276990034267,-0.0005447507843259203,0.16446715591406988,0.16446715591406988,0.1646952121397704,0.12889151735500237,0.12889151735500237,0.124405397329614,0.03557563855906751,0.03557563855906751,0.040289814810156394
EleutherAI/pythia-2.8b,15,31,-0.0014333649883120358,-0.00274658203125,-0.002089973509781018,0.34957709361798756,0.34957709361798756,0.34370616735886295,0.16305325920276353,0.16305325920276353,0.1619050990282035,0.18652383441522402,0.18652383441522402,0.18180106833065945
EleutherAI/pythia-2.8b,16,0,-0.0021078755536421134,0.0029450664370078705,0.00041859544168287854,0.2937028542624601,0.2937028542624601,0.2999545871092685,0.10737452575497317,0.10737452575497317,0.10389576897693213,0.18632832850748696,0.18632832850748696,0.19605881813233633
EleutherAI/pythia-2.8b,16,1,0.002092977208415281,0.0014698899637055618,0.0017814335860604213,0.6072744836488337,0.6072744836488337,0.5991421422244113,0.3304839017882188,0.3304839017882188,0.34737195269946364,0.27679058186061495,0.27679058186061495,0.2517701895249477
EleutherAI/pythia-2.8b,16,2,0.0002974863127458427,-0.002763883335383799,-0.001233198511318978,0.4002479618207947,0.4002479618207947,0.29902868902485974,0.2604948116733945,0.2604948116733945,0.20252621781004362,0.1397531501474002,0.1397531501474002,0.09650247121481612
EleutherAI/pythia-2.8b,16,3,0.0015169879582921375,-0.00036284679502962547,0.000577070581631256,0.37931633396637443,0.37931633396637443,0.3766859592454876,0.26491287842693745,0.26491287842693745,0.2702965082596889,0.11440345553943698,0.11440345553943698,0.10638945098579872
EleutherAI/pythia-2.8b,16,4,-0.005378783218504157,-0.00413044606606805,-0.0047546146422861035,0.47592064281735924,0.47592064281735924,0.46218140492342696,0.30803580080774506,0.30803580080774506,0.3046456432915101,0.16788484200961418,0.16788484200961418,0.15753576163191685
EleutherAI/pythia-2.8b,16,5,-0.00014609990157499197,-0.0008566548505166693,-0.0005013773760458307,0.2629035128657732,0.2629035128657732,0.2794632421032224,0.14978419331750026,0.14978419331750026,0.15656405769414275,0.11311931954827292,0.11311931954827292,0.12289918440907963
EleutherAI/pythia-2.8b,16,6,-0.0010200560562254601,-0.00023236612635324505,-0.0006262110912893526,0.3926526480482718,0.3926526480482718,0.369385803442352,0.26175391896153244,0.26175391896153244,0.2556860181288371,0.13089872908673938,0.13089872908673938,0.11369978531351488
EleutherAI/pythia-2.8b,16,7,-0.0031649371770425816,-0.0015960453063486035,-0.0023804912416955926,0.531193554337461,0.531193554337461,0.5373662840985184,0.37826379679368466,0.37826379679368466,0.39121654354418955,0.1529297575437763,0.1529297575437763,0.14614974055432883
EleutherAI/pythia-2.8b,16,8,-0.003198818897637956,-0.002631960891362972,-0.002915389894500464,0.44799883340048235,0.44799883340048235,0.4839840515274472,0.25668503956645566,0.25668503956645566,0.2894800279548056,0.1913137938340267,0.1913137938340267,0.19450402357264163
EleutherAI/pythia-2.8b,16,9,-0.0017419049120328545,0.003813976377952777,0.0010360357329599612,0.5137236688800908,0.5137236688800908,0.5277768830511972,0.16244728506342018,0.16244728506342018,0.16432727349210854,0.3512763838166706,0.3512763838166706,0.36344960955908867
EleutherAI/pythia-2.8b,16,10,-0.002039391224778697,-0.001959612989050008,-0.0019995021069143526,0.6123966556943907,0.6123966556943907,0.5889760358552913,0.3369500174875948,0.3369500174875948,0.34145115464991077,0.27544663820679594,0.27544663820679594,0.24752488120538058
EleutherAI/pythia-2.8b,16,11,-0.0012245478592523007,0.0012305552565208266,3.0036986342629746e-06,0.21969144570742738,0.21969144570742738,0.20387342556723417,0.16972801298402643,0.16972801298402643,0.163893940724898,0.04996343272340095,0.04996343272340095,0.03997948484233618
EleutherAI/pythia-2.8b,16,12,0.0004488727239171375,-0.001062348132997215,-0.0003067377045400388,0.3878934891096804,0.3878934891096804,0.38392801831179796,0.30105283932573723,0.30105283932573723,0.28251233656204017,0.08684064978394318,0.08684064978394318,0.10141568174975779
EleutherAI/pythia-2.8b,16,13,-0.0040432186577263884,-0.003289891040231474,-0.0036665548489789312,0.4235923371515679,0.4235923371515679,0.4337627229031955,0.2662422078622362,0.2662422078622362,0.27849370987234406,0.15735012928933173,0.15735012928933173,0.15526901303085144
EleutherAI/pythia-2.8b,16,14,-0.001611183947465733,0.002531757504921295,0.0004602867787277809,0.26028808807618264,0.26028808807618264,0.27096373175919775,0.16728309957324197,0.16728309957324197,0.16567534180953225,0.09300498850294067,0.09300498850294067,0.1052883899496655
EleutherAI/pythia-2.8b,16,15,-0.00058584138164397,-0.0026944378229574184,-0.0016401396023006942,0.5348450062521133,0.5348450062521133,0.5407746519597887,0.32296074526760554,0.32296074526760554,0.3406357992573703,0.21188426098450774,0.21188426098450774,0.20013885270241838
EleutherAI/pythia-2.8b,16,16,-0.005506860928272683,-0.006088857575664353,-0.005797859251968518,0.3155534206386608,0.3155534206386608,0.3475004114122025,0.19128587275561293,0.19128587275561293,0.22714188663688067,0.12426754788304789,0.12426754788304789,0.12035852477532183
EleutherAI/pythia-2.8b,16,17,-0.004154475655143042,-0.0027076540969486196,-0.0034310648760458307,0.4375631326551243,0.4375631326551243,0.46090770348405563,0.26368031283579413,0.26368031283579413,0.3176491007052821,0.17388281981933018,0.17388281981933018,0.14325860277877356
EleutherAI/pythia-2.8b,16,18,-0.004937359667199992,-0.0014256755198078785,-0.0031815175935039353,0.8502495684866646,0.8502495684866646,0.8348057656373606,0.15787826724341522,0.15787826724341522,0.16382230124598773,0.6923713012432493,0.6923713012432493,0.6709834643913729
EleutherAI/pythia-2.8b,16,19,-0.0032550481360731354,-0.0032689852977361156,-0.0032620167169046255,0.23353560842700763,0.23353560842700763,0.2307939165300405,0.1677852857583866,0.1677852857583866,0.17526454081100465,0.06575032266862102,0.06575032266862102,0.05552937571903585
EleutherAI/pythia-2.8b,16,20,-0.001176969272884243,0.0011543814591536972,-1.1293906865272874e-05,0.23362305870231367,0.23362305870231367,0.24125531201730424,0.20423883736735862,0.20423883736735862,0.2064312038036941,0.029384221334955052,0.029384221334955052,0.03482410821361015
EleutherAI/pythia-2.8b,16,21,0.0002612016332430578,-0.00251998300627454,-0.001129390686515741,0.4981550337898217,0.4981550337898217,0.5051355865901629,0.34417882812154377,0.34417882812154377,0.32551633252325957,0.1539762056682779,0.1539762056682779,0.17961925406690332
EleutherAI/pythia-2.8b,16,22,-0.003374715489665725,-0.0016405000461365837,-0.0025076077679011544,0.26365723681362047,0.26365723681362047,0.27828333509821296,0.18366047994632528,0.18366047994632528,0.1836851725968406,0.07999675686729518,0.07999675686729518,0.09459816250137235
EleutherAI/pythia-2.8b,16,23,-0.0033953809362698983,-0.0068205585629921295,-0.005107969749631014,0.6301210531349306,0.6301210531349306,0.6286175431307689,0.2438012588087814,0.2438012588087814,0.27773750495375643,0.3863197943261492,0.3863197943261492,0.35088003817701247
EleutherAI/pythia-2.8b,16,24,-0.002582700233760171,-0.0022419606606791653,-0.0024123304472196683,0.31686403946131697,0.31686403946131697,0.36010712742784123,0.21001837082453015,0.21001837082453015,0.23834584346920698,0.10684566863678682,0.10684566863678682,0.12176128395863425
EleutherAI/pythia-2.8b,16,25,-0.00495442067544305,-0.0034946231391486116,-0.004224521907295831,0.21292408149401212,0.21292408149401212,0.2214799023370036,0.1497600378545306,0.1497600378545306,0.14774151328340557,0.06316404363948153,0.06316404363948153,0.07373838905359803
EleutherAI/pythia-2.8b,16,26,-0.004890261672613416,-0.002960925965797223,-0.00392559381920532,0.3293860567534509,0.3293860567534509,0.29523897174612473,0.2032494190393632,0.2032494190393632,0.20732255185702894,0.1261366377140877,0.1261366377140877,0.08791641988909579
EleutherAI/pythia-2.8b,16,27,0.0006173201433314901,0.0001232717919537052,0.00037029596764259765,0.4407083303937696,0.4407083303937696,0.4281120832556768,0.32337292408394247,0.32337292408394247,0.3243707134414741,0.11733540630982714,0.11733540630982714,0.10374136981420268
EleutherAI/pythia-2.8b,16,28,-0.004494254044660639,-0.002863606130044438,-0.003678930087352539,0.303622957069834,0.303622957069834,0.31395636435439966,0.22385918427133647,0.22385918427133647,0.24429503309965914,0.07976377279849753,0.07976377279849753,0.06966133125474053
EleutherAI/pythia-2.8b,16,29,-0.0019927738219736035,-0.0013538270484745318,-0.0016733004352240677,0.6045864068635595,0.6045864068635595,0.6185420753885639,0.2949613652763792,0.2949613652763792,0.2809891487934882,0.3096250415871803,0.3096250415871803,0.3375529265950757
EleutherAI/pythia-2.8b,16,30,-0.0004178745540110995,-0.0026276355653296335,-0.0015227550596703665,0.34361616715742677,0.34361616715742677,0.3397982801677538,0.2113076611763779,0.2113076611763779,0.19602182566867227,0.13230850598104887,0.13230850598104887,0.14377645449908155
EleutherAI/pythia-2.8b,16,31,0.006029985082431022,0.001763531542199992,0.003896758312315507,0.28668940798748077,0.28668940798748077,0.2866797925021417,0.17815402541166575,0.17815402541166575,0.18152801057607662,0.10853538257581502,0.10853538257581502,0.10515178192606509
EleutherAI/pythia-2.8b,17,0,-0.004411592258243502,0.0014684481883611156,-0.0014715720349411932,0.2716290673566103,0.2716290673566103,0.2693130392731399,0.209491079555273,0.209491079555273,0.2045112029741315,0.06213798780133731,0.06213798780133731,0.06480183629900838
EleutherAI/pythia-2.8b,17,1,-0.006016288216658783,-0.0038411298136074024,-0.0049287090151330926,0.4189203129931086,0.4189203129931086,0.47235748548564876,0.325665158726489,0.325665158726489,0.3853228216739092,0.09325515426661962,0.09325515426661962,0.08703466381173958
EleutherAI/pythia-2.8b,17,2,-0.004846047228715733,-0.004425529419906482,-0.0046357883243111075,0.26493176526656054,0.26493176526656054,0.3165111668291022,0.19913583348188676,0.19913583348188676,0.20116055116565487,0.06579593178467377,0.06579593178467377,0.11535061566344731
EleutherAI/pythia-2.8b,17,3,-0.0036150113804134243,-0.0022859348086861075,-0.002950473094549766,0.34235541853389423,0.34235541853389423,0.30167129551737737,0.28722517393231417,0.28722517393231417,0.28361757708853114,0.05513024460158006,0.05513024460158006,0.018053718428846233
EleutherAI/pythia-2.8b,17,4,-0.004634346548966661,-0.0006065068282481434,-0.0026204266886074024,0.394963881287079,0.394963881287079,0.41819524220321136,0.15294631347516774,0.15294631347516774,0.16783001835610561,0.24201756781191125,0.24201756781191125,0.25036522384710574
EleutherAI/pythia-2.8b,17,5,-0.003704401451771755,-0.004734069343626857,-0.004219235397699306,0.44007215025988794,0.44007215025988794,0.46380492804964313,0.44562459998034437,0.44562459998034437,0.46239155383302105,-0.005552449720456432,-0.005552449720456432,0.0014133742166220764
EleutherAI/pythia-2.8b,17,6,0.001386507289615757,-0.003931240772637956,-0.0012723667415110995,0.5461139381827599,0.5461139381827599,0.5375699330073963,0.23917116868792493,0.23917116868792493,0.24742929200246053,0.30694276949483495,0.30694276949483495,0.29014064100493575
EleutherAI/pythia-2.8b,17,7,-0.0017748254490652648,-0.0017964520792324024,-0.0017856387641488336,0.21823337763161843,0.21823337763161843,0.1902297397827291,0.15771232580787395,0.15771232580787395,0.1460477682068283,0.06052105182374448,0.06052105182374448,0.044181971575900814
EleutherAI/pythia-2.8b,17,8,-0.001519631213090733,-7.064699188008561e-05,-0.0007951391024854093,0.18408288868383887,0.18408288868383887,0.1992349120047346,0.15827990858221094,0.15827990858221094,0.1693924197556237,0.02580298010162793,0.02580298010162793,0.029842492249110897
EleutherAI/pythia-2.8b,17,9,0.0002967654250736196,0.002172995740034267,0.0012348805825539433,0.2835246719658935,0.2835246719658935,0.2866549454493928,0.15033051580190823,0.15033051580190823,0.14147535701638086,0.13319415616398525,0.13319415616398525,0.14517958843301193
EleutherAI/pythia-2.8b,17,10,-0.00020905742495092028,-0.0032612958292324024,-0.0017351766270916613,0.31626470359639475,0.31626470359639475,0.322870275861189,0.2522993186508671,0.2522993186508671,0.24920292503653457,0.06396538494552767,0.06396538494552767,0.07366735082465442
EleutherAI/pythia-2.8b,17,11,-0.006415179395300452,-0.0046840877983513884,-0.00554963359682592,0.22940576584416855,0.22940576584416855,0.26669519629929056,0.1495724832396249,0.1495724832396249,0.16846072466453405,0.07983328260454364,0.07983328260454364,0.09823447163475652
EleutherAI/pythia-2.8b,17,12,-0.0028535137026328705,0.0010914239357777689,-0.0008810448834275508,0.16876174684615472,0.16876174684615472,0.19969241663705517,0.15287247453381755,0.15287247453381755,0.1769967884464727,0.015889272312337166,0.015889272312337166,0.022695628190582462
EleutherAI/pythia-2.8b,17,13,-0.003741407018947207,-0.001086377722071763,-0.002413892370509485,0.3156861107563457,0.3156861107563457,0.37637238223958874,0.20450986043656164,0.20450986043656164,0.2303818521970787,0.11117625031978404,0.11117625031978404,0.14599053004251003
EleutherAI/pythia-2.8b,17,14,-0.0047210933655268406,-0.0014134204293800856,-0.003067256897453463,0.27908629313898614,0.27908629313898614,0.29173376481760244,0.17614247252842394,0.17614247252842394,0.17329616696879635,0.1029438206105622,0.1029438206105622,0.11843759784880609
EleutherAI/pythia-2.8b,17,15,-0.00606843242495092,-0.004472867710383799,-0.0052706500676673596,0.2457339245454925,0.2457339245454925,0.25631191711145435,0.18568907265349358,0.18568907265349358,0.183147280784316,0.06004485189199893,0.06004485189199893,0.07316463632713835
EleutherAI/pythia-2.8b,17,16,-0.0018543633889027689,-0.004469263272022683,-0.003161813330462726,0.23613841899894603,0.23613841899894603,0.2146597127695367,0.15806959124698214,0.15806959124698214,0.1556697197954413,0.07806882775196389,0.07806882775196389,0.05898999297409538
EleutherAI/pythia-2.8b,17,17,-0.005555881289985187,0.00100011149729351,-0.0022778848963458387,0.2052024201787612,0.2052024201787612,0.20915480029281447,0.17775703530797032,0.17775703530797032,0.1641027881384807,0.027445384870790873,0.027445384870790873,0.04505201215433377
EleutherAI/pythia-2.8b,17,18,-0.0037149744709648047,-0.002002625953493986,-0.0028588002122293954,0.332446029927514,0.332446029927514,0.33765903550295295,0.1760054790348507,0.1760054790348507,0.18130589967366828,0.1564405508926633,0.1564405508926633,0.15635313582928467
EleutherAI/pythia-2.8b,17,19,-0.002136711060531482,-0.0002919595072587988,-0.0012143352838951404,0.6278249648025681,0.6278249648025681,0.622100742746777,0.26327103453195916,0.26327103453195916,0.28512760930762643,0.36455393027060895,0.36455393027060895,0.33697313343915053
EleutherAI/pythia-2.8b,17,20,0.001703697865403253,0.0021266186331199144,0.0019151582492615837,0.24236547743158182,0.24236547743158182,0.2675034273138623,0.16324367953978175,0.16324367953978175,0.17475845363867662,0.07912179789180007,0.07912179789180007,0.09274497367518567
EleutherAI/pythia-2.8b,17,21,-0.001404048889640741,-0.002466156726747215,-0.001935102808193978,0.5466517987678932,0.5466517987678932,0.608539741370884,0.2248005988870038,0.2248005988870038,0.22892917291731313,0.3218511998808894,0.3218511998808894,0.37961056845357083
EleutherAI/pythia-2.8b,17,22,-0.005453755536417582,-5.550835076295613e-05,-0.002754631943590269,0.19724295049481022,0.19724295049481022,0.21172423827899517,0.16439693980657294,0.16439693980657294,0.16242121983480423,0.03284601068823728,0.03284601068823728,0.04930301844419094
EleutherAI/pythia-2.8b,17,23,0.0013519046813481594,-0.002117487389271755,-0.00038279135396179775,0.47448556922288154,0.47448556922288154,0.4769679685453261,0.4955149440023329,0.4955149440023329,0.5035726210527768,-0.021029374779451382,-0.021029374779451382,-0.0266046525074507
EleutherAI/pythia-2.8b,17,24,-0.003893274021899984,-0.002357062392347231,-0.0031251682071236075,0.3171089619995288,0.3171089619995288,0.2653265565458067,0.19272831307479085,0.19272831307479085,0.1753203579779728,0.12438064892473796,0.12438064892473796,0.09000619856783393
EleutherAI/pythia-2.8b,17,25,-0.0003318486251231434,-0.003594826525590733,-0.001963337575356938,0.5456671969838831,0.5456671969838831,0.5487956966304538,0.3049728789150121,0.3049728789150121,0.31465552097959726,0.24069431806887098,0.24069431806887098,0.23414017565085654
EleutherAI/pythia-2.8b,17,26,-0.0004640113650347111,-0.002618264025590733,-0.001541137695312722,0.3262985641180292,0.3262985641180292,0.38828209171494893,0.20878144602388923,0.20878144602388923,0.23048474235123448,0.11751711809413998,0.11751711809413998,0.15779734936371445
EleutherAI/pythia-2.8b,17,27,-0.004442590428149984,-0.0032199649360236116,-0.0038312776820867978,0.6946038970334781,0.6946038970334781,0.7156485749319688,0.2689747822861856,0.2689747822861856,0.26083200491282654,0.42562911474729254,0.42562911474729254,0.4548165700191422
EleutherAI/pythia-2.8b,17,28,-0.0012101301058073943,0.001214695727731474,2.2828109620398607e-06,0.33905111717009334,0.33905111717009334,0.4013375065935938,0.2369023928130339,0.2369023928130339,0.2804133203930351,0.10214872435705943,0.10214872435705943,0.12092418620055867
EleutherAI/pythia-2.8b,17,29,-0.0068813534233513884,-0.0025356022391731514,-0.00470847783126227,0.48885492308488576,0.48885492308488576,0.48908568995843027,0.19002222103554464,0.19002222103554464,0.20104382831840753,0.2988327020493411,0.2988327020493411,0.28804186164002277
EleutherAI/pythia-2.8b,17,30,0.002165546567421295,0.003510002076156482,0.0028377743217888884,0.418420962592719,0.418420962592719,0.3579403523374029,0.27522278870391415,0.27522278870391415,0.2252706350929553,0.14319817388880485,0.14319817388880485,0.1326697172444476
EleutherAI/pythia-2.8b,17,31,-0.0031947338674953585,-0.0035731998954231514,-0.003383966881459255,0.3661285905030173,0.3661285905030173,0.3786643880074785,0.24425352609966922,0.24425352609966922,0.2577904642601955,0.12187506440334811,0.12187506440334811,0.12087392374728301
EleutherAI/pythia-2.8b,18,0,-0.0010637899083416613,0.002459668737696763,0.0006979394146775508,0.5558666348446795,0.5558666348446795,0.6780587100014471,0.38455874199008383,0.38455874199008383,0.42710369086693045,0.17130789285459563,0.17130789285459563,0.2509550191345167
EleutherAI/pythia-2.8b,18,1,-0.0028785044752708266,-0.002812663401205562,-0.0028455839382381942,0.7566492731947956,0.7566492731947956,0.7670793816493354,0.15005690543823247,0.15005690543823247,0.18596875428504447,0.6065923677565631,0.6065923677565631,0.581110627364291
EleutherAI/pythia-2.8b,18,2,0.00017277274544769128,0.004437303918553237,0.002305038332000464,0.3751996694959882,0.3751996694959882,0.3239827705766495,0.2626978504211036,0.2626978504211036,0.24474590363082088,0.1125018190748846,0.1125018190748846,0.0792368669458286
EleutherAI/pythia-2.8b,18,3,0.0005291315514268646,0.00212926188791851,0.0013291967196726873,0.5098006245466171,0.5098006245466171,0.5099791128409057,0.3985770356494388,0.3985770356494388,0.42754268884222774,0.11122358889717832,0.11122358889717832,0.08243642399867795
EleutherAI/pythia-2.8b,18,4,-0.001604936254306466,-0.000707911694143526,-0.001156423974224996,0.17021813091467294,0.17021813091467294,0.2047451056212265,0.14990353944153778,0.14990353944153778,0.1614370335275413,0.020314591473135163,0.020314591473135163,0.0433080720936852
EleutherAI/pythia-2.8b,18,5,-0.0014225516732286891,-0.0005550835076277849,-0.000988817590428237,0.4139655868878482,0.4139655868878482,0.4336482700415382,0.30505994375571965,0.30505994375571965,0.31339915340666624,0.10890564313212853,0.10890564313212853,0.12024911663487198
EleutherAI/pythia-2.8b,18,6,-0.004411832554134243,-0.0007554902805115837,-0.0025836614173229133,0.5319894101826286,0.5319894101826286,0.5485529569381699,0.20088564171549758,0.20088564171549758,0.23201697975558389,0.33110376846713097,0.33110376846713097,0.31653597718258597
EleutherAI/pythia-2.8b,18,7,-0.003156767116756942,0.0016020527036171295,-0.0007773572065699064,0.23570613444449046,0.23570613444449046,0.24588522726463635,0.1727789707961308,0.1727789707961308,0.1832143194346824,0.06292716364835965,0.06292716364835965,0.06267090782995396
EleutherAI/pythia-2.8b,18,8,-0.0011214609221212868,0.0002422182578740717,-0.00043962133212360754,0.18846236013553544,0.18846236013553544,0.20118002883263203,0.16550455623869167,0.16550455623869167,0.17392636539137302,0.022957803896843765,0.022957803896843765,0.027253663441259013
EleutherAI/pythia-2.8b,18,9,-0.0008770800012305457,0.0016472283310777769,0.00038507416492361557,0.7291982096207617,0.7291982096207617,0.7542744998582483,0.43194621333999367,0.43194621333999367,0.45810076176918285,0.297251996280768,0.297251996280768,0.2961737380890655
EleutherAI/pythia-2.8b,18,10,-0.0048063984067421295,-0.0020290585014763884,-0.003417728454109259,0.34944384506068343,0.34944384506068343,0.3907008622098462,0.2687896562108079,0.2687896562108079,0.2924623959896207,0.08065418884987552,0.08065418884987552,0.09823846622022547
EleutherAI/pythia-2.8b,18,11,-0.0038774144931101873,-0.003833680640993986,-0.0038555475670520867,0.41735448328620084,0.41735448328620084,0.400799707580525,0.2728082154879117,0.2728082154879117,0.2704044382916844,0.14454626779828916,0.14454626779828916,0.1303952692888406
EleutherAI/pythia-2.8b,18,12,-0.0011791319359009123,0.003204585999015741,0.0010127270315574144,0.33206187351228666,0.33206187351228666,0.32095348161260695,0.35243755798912,0.35243755798912,0.3500645491766641,-0.020375684476833356,-0.020375684476833356,-0.029111067564057125
EleutherAI/pythia-2.8b,18,13,-0.0015092984897884243,0.002166267455093518,0.0003284844826525468,0.4163024943634194,0.4163024943634194,0.36633593908847945,0.22154092431267333,0.22154092431267333,0.2064784408218648,0.19476157005074604,0.19476157005074604,0.15985749826661463
EleutherAI/pythia-2.8b,18,14,-0.004191000630536568,-0.0028600016916828785,-0.003525501161109723,0.27393411226180825,0.27393411226180825,0.2589113064433332,0.1857398202704193,0.1857398202704193,0.1904358090551318,0.08819429199138895,0.08819429199138895,0.06847549738820141
EleutherAI/pythia-2.8b,18,15,-0.0028845118725393526,0.0007588544229824024,-0.0010628287247784751,0.7424921416220782,0.7424921416220782,0.7567451564103775,0.24775874318037508,0.24775874318037508,0.2777429666285077,0.49473339844170316,0.49473339844170316,0.4790021897818698
EleutherAI/pythia-2.8b,18,16,0.0042087825264514045,0.006942148283710647,0.005575465405081026,0.3500662690677684,0.3500662690677684,0.5212311869433441,0.26629651429978074,0.26629651429978074,0.37002042783392175,0.08376975476798765,0.08376975476798765,0.1512107591094224
EleutherAI/pythia-2.8b,18,17,-0.0011575053057333307,0.002276322973056022,0.0005594088336613456,0.16995289971991343,0.16995289971991343,0.18813405829506,0.2002151177076327,0.2002151177076327,0.2173633249089981,-0.030262217987719275,-0.030262217987719275,-0.0292292666139381
EleutherAI/pythia-2.8b,18,18,-0.004655252291461576,-0.001300721656618986,-0.002977986974040281,0.29944654626568107,0.29944654626568107,0.28020073994705347,0.22146720574724846,0.22146720574724846,0.19677634877521408,0.07797934051843261,0.07797934051843261,0.08342439117183939
EleutherAI/pythia-2.8b,18,19,-0.003441998339074992,-0.003068818820743058,-0.003255408579909025,0.434042914888119,0.434042914888119,0.41693637545295775,0.3431188159088773,0.3431188159088773,0.3450869593585159,0.09092409897924175,0.09092409897924175,0.07184941609444184
EleutherAI/pythia-2.8b,18,20,-0.002856156957431466,0.0006516824557087908,-0.0011022372508613376,0.42529935545555925,0.42529935545555925,0.4857417846728858,0.28906630457685906,0.28906630457685906,0.33353587936561435,0.1362330508787002,0.1362330508787002,0.15220590530727146
EleutherAI/pythia-2.8b,18,21,0.00010116457000464152,0.00020713505782499197,0.00015414981391481675,0.5795570780655119,0.5795570780655119,0.6050532854631484,0.4371062490284052,0.4371062490284052,0.4452982741198594,0.1424508290371067,0.1424508290371067,0.159755011343289
EleutherAI/pythia-2.8b,18,22,-0.003351166492372215,-0.001092385119340733,-0.002221775805856474,0.24615040575711586,0.24615040575711586,0.2646170630642006,0.22817337655812917,0.22817337655812917,0.23087286083542552,0.017977029198986694,0.017977029198986694,0.033744202228775055
EleutherAI/pythia-2.8b,18,23,-0.0014304814376231434,-0.002277043860728245,-0.0018537626491756942,0.21461506154808405,0.21461506154808405,0.2243479178530128,0.14143607493396024,0.14143607493396024,0.14453635641768892,0.07317898661412381,0.07317898661412381,0.07981156143532389
EleutherAI/pythia-2.8b,18,24,-0.0021869329016981354,0.00037293922244119315,-0.0009069968396284711,0.29368155303316196,0.29368155303316196,0.3326072071216927,0.2028568323411989,0.2028568323411989,0.24219799881706508,0.09082472069196307,0.09082472069196307,0.09040920830462765
EleutherAI/pythia-2.8b,18,25,-0.002799927718996287,-0.0010731614480805618,-0.0019365445835384243,0.4053246161282409,0.4053246161282409,0.4238948587343761,0.2891816778860307,0.2891816778860307,0.2935870499973457,0.11614293824221017,0.11614293824221017,0.1303078087370304
EleutherAI/pythia-2.8b,18,26,-0.003162053626353689,-0.0007295383243111075,-0.0019457959753323983,0.5978832188664895,0.5978832188664895,0.5864160226234255,0.3278702976994275,0.3278702976994275,0.3334624292894595,0.27001292116706205,0.27001292116706205,0.252953593333966
EleutherAI/pythia-2.8b,18,27,-0.003215879905881014,-5.3345687745842696e-05,-0.0016346127968134283,0.44989959001208346,0.44989959001208346,0.46833687058017043,0.30571544277265317,0.30571544277265317,0.334705800814667,0.1441841472394303,0.1441841472394303,0.13363106976550343
EleutherAI/pythia-2.8b,18,28,-0.005645751953125,-0.0009595014917569422,-0.003302626722440971,0.21853193897404852,0.21853193897404852,0.2357183761546653,0.20244826960440354,0.20244826960440354,0.21534517395683742,0.016083669369644976,0.016083669369644976,0.020373202197827872
EleutherAI/pythia-2.8b,18,29,-0.00012255090428148208,0.0017649733175444382,0.0008212112066314781,0.4378219195618589,0.4378219195618589,0.42404939323725244,0.26478633825071285,0.26478633825071285,0.2623474674308483,0.17303558131114605,0.17303558131114605,0.16170192580640413
EleutherAI/pythia-2.8b,18,30,-0.0014151025006152729,0.0006053053487944382,-0.00040489857591041734,0.26780665917976565,0.26780665917976565,0.2977763164420132,0.23252363193905407,0.23252363193905407,0.24665068309110483,0.035283027240711584,0.035283027240711584,0.05112563335090836
EleutherAI/pythia-2.8b,18,31,0.0009042334368847271,-0.0007232906311513965,9.047140286666533e-05,0.7060953675772478,0.7060953675772478,0.7333736791939788,0.36612289175313234,0.36612289175313234,0.3852848838785663,0.33997247582411544,0.33997247582411544,0.3480887953154125
EleutherAI/pythia-2.8b,19,0,-0.003289170152559251,0.0010412020946111156,-0.0011239840289740677,0.5038357532943449,0.5038357532943449,0.5666641929905253,0.3096752818189024,0.3096752818189024,0.3434365198771971,0.19416047147544252,0.19416047147544252,0.2232276731133282
EleutherAI/pythia-2.8b,19,1,0.01190425842765741,0.018298291784571763,0.015101275106114587,0.14288927387642317,0.14288927387642317,0.1090615673017107,0.1703207538669337,0.1703207538669337,0.1579461412106329,-0.027431479990510543,-0.027431479990510543,-0.048884573908922216
EleutherAI/pythia-2.8b,19,2,-0.005831020084892113,-0.0036832554133856554,-0.004757137749138884,0.1982782822804431,0.1982782822804431,0.20164401166246135,0.18716792133676877,0.18716792133676877,0.1909283412026912,0.011110360943674347,0.011110360943674347,0.010715670459770149
EleutherAI/pythia-2.8b,19,3,-0.0012346402866634243,-0.0022313876414861156,-0.00173301396407477,0.25600566631614824,0.25600566631614824,0.24313551062323402,0.19872629204703626,0.19872629204703626,0.2076018074167599,0.05727937426911198,0.05727937426911198,0.035533703206474115
EleutherAI/pythia-2.8b,19,4,-0.002398633581447207,-0.0011332354207675976,-0.0017659345011074024,0.20295571661767828,0.20295571661767828,0.22712274239146016,0.2005746796039316,0.2005746796039316,0.22450037128789707,0.002381037013746673,0.002381037013746673,0.002622371103563087
EleutherAI/pythia-2.8b,19,5,0.0003318486251226993,-0.0008660263902560139,-0.0002670888825666573,0.7218063284090022,0.7218063284090022,0.7746525910672893,0.3643619167488491,0.3643619167488491,0.40796083345878115,0.35744441166015306,0.35744441166015306,0.3666917576085082
EleutherAI/pythia-2.8b,19,6,-0.004153514471580078,-0.0038010003998523167,-0.003977257435716197,0.4530410512608839,0.4530410512608839,0.47768544629246845,0.2525132250772911,0.2525132250772911,0.27132609967380955,0.20052782618359277,0.20052782618359277,0.2063593466186589
EleutherAI/pythia-2.8b,19,7,-0.0015210729884351792,-0.001172403650959719,-0.0013467383196974492,0.3416193486727424,0.3416193486727424,0.3684060130489679,0.16159734837187728,0.16159734837187728,0.18261833725802526,0.18002200030086513,0.18002200030086513,0.18578767579094266
EleutherAI/pythia-2.8b,19,8,-0.002678097702387028,-0.0012041227085384243,-0.001941110205462726,0.283377782815657,0.283377782815657,0.257034337029349,0.17355773204511965,0.17355773204511965,0.1631324595996411,0.10982005077053736,0.10982005077053736,0.09390187742970793
EleutherAI/pythia-2.8b,19,9,-0.001966341273991201,0.0006007397268699144,-0.0006828007735606434,0.15962536299286156,0.15962536299286156,0.18951115032084848,0.17510684068671067,0.17510684068671067,0.19067320291140985,-0.01548147769384911,-0.01548147769384911,-0.0011620525905613743
EleutherAI/pythia-2.8b,19,10,-0.0018257681779036972,7.112758366156768e-05,-0.0008773202971210647,0.7165783534599784,0.7165783534599784,0.8155992289731925,0.3052671633599965,0.3052671633599965,0.29780644309966187,0.41131119009998196,0.41131119009998196,0.5177927858735306
EleutherAI/pythia-2.8b,19,11,-0.002349372923843518,-0.0033973033033958266,-0.0028733381136196723,0.260989912867237,0.260989912867237,0.2789472549160632,0.18487482771620561,0.18487482771620561,0.19913674743678905,0.07611508515103138,0.07611508515103138,0.07981050747927415
EleutherAI/pythia-2.8b,19,12,-0.005709910955955078,-0.0015414981391486116,-0.0036257045475518446,0.21867023440128427,0.21867023440128427,0.224370976448337,0.21298979083053113,0.21298979083053113,0.22225908104144199,0.005680443570753146,0.005680443570753146,0.00211189540689502
EleutherAI/pythia-2.8b,19,13,-0.0015958050104578625,-0.0035261019008365757,-0.002560953455647219,0.31191424549284574,0.31191424549284574,0.36801965557401495,0.2427109582285886,0.2427109582285886,0.28508779966587705,0.06920328726425715,0.06920328726425715,0.0829318559081379
EleutherAI/pythia-2.8b,19,14,-0.001696248692790725,-0.00021146038385833066,-0.0009538545383245278,0.5912842990221724,0.5912842990221724,0.5957967239401902,0.2816238032461602,0.2816238032461602,0.30661981093336776,0.3096604957760122,0.3096604957760122,0.28917691300682247
EleutherAI/pythia-2.8b,19,15,-4.6377106914352595e-05,0.0033735140102115757,0.0016635684516486116,0.6261691113935755,0.6261691113935755,0.6303926164194517,0.3232654588907037,0.3232654588907037,0.3432214072550406,0.30290365250287177,0.30290365250287177,0.2871712091644111
EleutherAI/pythia-2.8b,19,16,-9.37153973934457e-06,0.004628339151697691,0.0023094838059791734,0.5354902854473483,0.5354902854473483,0.5822679032315523,0.3882182464119864,0.3882182464119864,0.40045348133742475,0.14727203903536196,0.14727203903536196,0.18181442189412755
EleutherAI/pythia-2.8b,19,17,-0.003241591566191193,0.001312015563484259,-0.0009647880013534671,0.2574482037781581,0.2574482037781581,0.26442711616715453,0.24071198570378888,0.24071198570378888,0.2572511409239054,0.016736218074369202,0.016736218074369202,0.007175975243249144
EleutherAI/pythia-2.8b,19,18,-0.004832830954724532,-0.0022196131428393606,-0.0035262220487819462,0.24407785297748208,0.24407785297748208,0.23069174889157665,0.21089070288942421,0.21089070288942421,0.20088820428527138,0.033187150088057865,0.033187150088057865,0.02980354460630527
EleutherAI/pythia-2.8b,19,19,-0.0008148433655268406,-0.0015090581938976833,-0.001161950779712262,0.3863681408269702,0.3863681408269702,0.44216290284016646,0.3262978360908522,0.3262978360908522,0.35408624143424167,0.06007030473611796,0.06007030473611796,0.0880766614059248
EleutherAI/pythia-2.8b,19,20,0.00024173766609214553,0.004320039523868058,0.0022808885949801017,0.48234239224893827,0.48234239224893827,0.49221725489914975,0.2827490192875706,0.2827490192875706,0.30607841562272453,0.19959337296136764,0.19959337296136764,0.18613883927642522
EleutherAI/pythia-2.8b,19,21,0.0007074311023620439,0.00443345918430138,0.002570445143331712,0.20993525633822696,0.20993525633822696,0.19408524821565654,0.2443489142411335,0.2443489142411335,0.23575321888801778,-0.03441365790290654,-0.03441365790290654,-0.04166797067236125
EleutherAI/pythia-2.8b,19,22,-0.0035486897145671215,-0.0022616649237203745,-0.002905177319143748,0.43115470337463596,0.43115470337463596,0.434823952274265,0.4554316910005754,0.4554316910005754,0.467277740819497,-0.02427698762593944,-0.02427698762593944,-0.03245378854523201
EleutherAI/pythia-2.8b,19,23,0.0006819597379426057,0.00021963044414352595,0.0004507950910430658,0.23922305183245093,0.23922305183245093,0.26386618563605463,0.21245882355370976,0.21245882355370976,0.248281063170968,0.02676422827874117,0.02676422827874117,0.015585122465086615
EleutherAI/pythia-2.8b,19,24,0.0011925885057824104,0.0005406657541833226,0.0008666271299828665,0.2948601090312222,0.2948601090312222,0.3164621197437748,0.280093559371049,0.280093559371049,0.288571404179558,0.014766549660173156,0.014766549660173156,0.027890715564216795
EleutherAI/pythia-2.8b,19,25,-0.00157994548166851,0.000988817590428237,-0.00029556394562013644,0.4182600159828304,0.4182600159828304,0.44073927661875634,0.33420130020688765,0.33420130020688765,0.35681649768287566,0.08405871577594276,0.08405871577594276,0.08392277893588068
EleutherAI/pythia-2.8b,19,26,0.0016587625338333467,0.000738429272268526,0.0011985959030509363,0.40535964841398,0.40535964841398,0.4692968645896148,0.2155495090717587,0.2155495090717587,0.2622548108691828,0.18981013934222127,0.18981013934222127,0.207042053720432
EleutherAI/pythia-2.8b,19,27,-0.002758837121678237,-0.001532126599409267,-0.002145481860543752,0.3949981626777396,0.3949981626777396,0.48718488906550506,0.24841420898935895,0.24841420898935895,0.3182311717059443,0.14658395368838062,0.14658395368838062,0.16895371735956077
EleutherAI/pythia-2.8b,19,28,0.0012500192236712948,0.0013843446265995318,0.0013171819251354133,0.3145620710485895,0.3145620710485895,0.2732105157805219,0.25301032593408157,0.25301032593408157,0.23127961657338242,0.06155174511450795,0.06155174511450795,0.041930899207139494
EleutherAI/pythia-2.8b,19,29,-0.0005851204939717469,-0.000726414477731474,-0.0006557674858516105,0.33009272920303484,0.33009272920303484,0.27319195509979693,0.25614137866757913,0.25614137866757913,0.23596112570415934,0.0739513505354557,0.0739513505354557,0.0372308293956376
EleutherAI/pythia-2.8b,19,30,0.0024003156526819502,-5.767101377784911e-06,0.0011972742756520827,0.787469892861371,0.787469892861371,0.7654560837016636,0.2615004542449072,0.2615004542449072,0.27126083336060125,0.5259694386164638,0.5259694386164638,0.4941952503410624
EleutherAI/pythia-2.8b,19,31,0.0015792245939958427,0.004849651667076849,0.0032144381305363456,0.5608481356559825,0.5608481356559825,0.5459124516772736,0.5514629791239617,0.5514629791239617,0.5529859789989074,0.009385156532020766,0.009385156532020766,-0.007073527321633799
EleutherAI/pythia-2.8b,20,0,0.0009573388287398288,0.0009960264671504682,0.0009766826479451485,0.23242635061327976,0.23242635061327976,0.21440779550715347,0.23021866409223143,0.23021866409223143,0.21241411960859458,0.00220768652104833,0.00220768652104833,0.0019936758985588943
EleutherAI/pythia-2.8b,20,1,0.000732421875,0.0029039758396898208,0.0018181988573449104,0.4052371327931015,0.4052371327931015,0.5066875160421795,0.3111733774073837,0.3111733774073837,0.38831861212413676,0.09406375538571776,0.09406375538571776,0.11836890391804278
EleutherAI/pythia-2.8b,20,2,-0.0014482633335384243,0.004789337398499072,0.0016705370324803237,0.626653463827326,0.626653463827326,0.6483703622181178,0.3331341847123866,0.3331341847123866,0.34537628548103994,0.2935192791149394,0.2935192791149394,0.3029940767370779
EleutherAI/pythia-2.8b,20,3,-0.0008862112450787052,-0.0017933282326523248,-0.001339769738865515,0.20860199713310135,0.20860199713310135,0.22510904445924304,0.19173396484203603,0.19173396484203603,0.19301547484207093,0.016868032291065316,0.016868032291065316,0.03209356961717211
EleutherAI/pythia-2.8b,20,4,-0.0011966735359254521,0.005871389794537496,0.002337358129306022,0.5372566619656217,0.5372566619656217,0.5459444314833383,0.4055553013576205,0.4055553013576205,0.4299170978193422,0.1317013606080012,0.1317013606080012,0.11602733366399609
EleutherAI/pythia-2.8b,20,5,0.0008931798259101953,0.003961998646653697,0.0024275892362819462,0.6359509249505352,0.6359509249505352,0.6398610575822712,0.2808424678363293,0.2808424678363293,0.30941666823881264,0.35510845711420586,0.35510845711420586,0.33044438934345854
EleutherAI/pythia-2.8b,20,6,0.00025591512364631086,0.003711129736712504,0.0019835224301794074,0.2978192460057079,0.2978192460057079,0.30483869563342125,0.2054877533308523,0.2054877533308523,0.206206454462571,0.0923314926748556,0.0923314926748556,0.09863224117085026
EleutherAI/pythia-2.8b,20,7,-0.002019927257628229,0.0018339382381888925,-9.299450971966827e-05,0.04666438882537056,0.04666438882537056,0.11534857698979512,0.05389370889364849,0.05389370889364849,0.11165637562439626,-0.007229320068277929,-0.007229320068277929,0.003692201365398856
EleutherAI/pythia-2.8b,20,8,-0.0016431433009351792,-0.0012783741387796255,-0.0014607587198574024,0.3193640992177802,0.3193640992177802,0.4457197835195397,0.22306699880307926,0.22306699880307926,0.3211708143360552,0.09629710041470094,0.09629710041470094,0.12454896918348451
EleutherAI/pythia-2.8b,20,9,-0.004137174351009243,-0.0004993348609745318,-0.0023182546059918874,0.6537755388364475,0.6537755388364475,0.6853410176383735,0.23386502870554735,0.23386502870554735,0.2567601974394168,0.4199105101309001,0.4199105101309001,0.4285808201989567
EleutherAI/pythia-2.8b,20,10,-0.006023977685162496,-0.0007965808778296335,-0.0034102792814960647,0.36349984283848374,0.36349984283848374,0.3542050876294829,0.2204884188755475,0.2204884188755475,0.2204445283298946,0.14301142396293626,0.14301142396293626,0.13376055929958827
EleutherAI/pythia-2.8b,20,11,-0.0011481337659944302,0.00015042522760833066,-0.0004988542691930498,0.3174669225420906,0.3174669225420906,0.2897508022647988,0.26668840294388163,0.26668840294388163,0.27827012001460133,0.05077851959820895,0.05077851959820895,0.011480682250197494
EleutherAI/pythia-2.8b,20,12,-0.00038183017039861156,0.0013949176457925816,0.000506543737696985,0.6229791013171253,0.6229791013171253,0.622639368110044,0.4763143805414404,0.4763143805414404,0.4915185653808294,0.14666472077568493,0.14666472077568493,0.13112080272921456
EleutherAI/pythia-2.8b,20,13,-0.001995897668553237,-0.0014754167691930498,-0.0017356572188731434,0.23154079119461768,0.23154079119461768,0.2136828629291906,0.2327832223442768,0.2327832223442768,0.22256392119780277,-0.0012424311496591345,-0.0012424311496591345,-0.008881058268612185
EleutherAI/pythia-2.8b,20,14,0.001617431640625,0.0020610178549458347,0.0018392247477854173,0.4273924542384141,0.4273924542384141,0.46291643675515315,0.2903556554727055,0.2903556554727055,0.3225740380495784,0.13703679876570862,0.13703679876570862,0.14034239870557474
EleutherAI/pythia-2.8b,20,15,0.0005666177103837988,0.002067746139887028,0.0013171819251354133,0.5918770825909897,0.5918770825909897,0.5925173297878766,0.22555035253302003,0.22555035253302003,0.24008521434155577,0.3663267300579697,0.3663267300579697,0.35243211544632086
EleutherAI/pythia-2.8b,20,16,-0.0004503144992620278,0.002588947926919438,0.0010693167138287052,0.6128734127070256,0.6128734127070256,0.6209915886447794,0.32977799753711057,0.32977799753711057,0.3387903654689387,0.283095415169915,0.283095415169915,0.28220122317584073
EleutherAI/pythia-2.8b,20,17,-0.0015326071911911932,0.0011433278481791653,-0.0001946396715060139,0.2506274417798565,0.2506274417798565,0.27440857242316014,0.21904574542415545,0.21904574542415545,0.21540539488709762,0.03158169635570107,0.03158169635570107,0.05900317753606252
EleutherAI/pythia-2.8b,20,18,0.00016244002214538256,0.0013898714320865757,0.0007761557271159791,0.3182757054178442,0.3182757054178442,0.31169403162923337,0.21479078388921247,0.21479078388921247,0.20626889402734694,0.10348492152863176,0.10348492152863176,0.10542513760188643
EleutherAI/pythia-2.8b,20,19,-0.002635565329724532,0.00030349371001481273,-0.0011660358098548596,0.2924692979505885,0.2924692979505885,0.30161271584063254,0.2273309323989498,0.2273309323989498,0.23396518934516716,0.06513836555163871,0.06513836555163871,0.06764752649546538
EleutherAI/pythia-2.8b,20,20,-0.003386489988312036,-0.0015600009227361156,-0.0024732454555240757,0.23810059268468226,0.23810059268468226,0.2663489916170343,0.1570071339153784,0.1570071339153784,0.17379166670148097,0.08109345876930385,0.08109345876930385,0.09255732491555332
EleutherAI/pythia-2.8b,20,21,-0.005713275098425452,-0.004175861989419438,-0.004944568543922445,0.7051909587925344,0.7051909587925344,0.7070034045476731,0.7448971358927217,0.7448971358927217,0.7466597488941992,-0.03970617710018731,-0.03970617710018731,-0.039656344346526096
EleutherAI/pythia-2.8b,20,22,0.00038927934301158373,0.0027754175381398127,0.0015823484405756982,0.15164442018867028,0.15164442018867028,0.12902052223451008,0.020326196214259486,0.020326196214259486,0.024157954555824642,0.13131822397441079,0.13131822397441079,0.10486256767868543
EleutherAI/pythia-2.8b,20,23,0.0015604815145175976,0.0015395757720226833,0.0015500286432701404,0.6451796809274307,0.6451796809274307,0.7146628201345288,0.28694534093938273,0.28694534093938273,0.2686964437867165,0.358234339988048,0.358234339988048,0.4459663763478123
EleutherAI/pythia-2.8b,20,24,-0.00017253244955739433,0.002307321142962504,0.0010673943467025548,0.37968597081611033,0.37968597081611033,0.4067157922598084,0.23379342363101369,0.23379342363101369,0.2505578467490043,0.14589254718509664,0.14589254718509664,0.15615794551080414
EleutherAI/pythia-2.8b,20,25,0.0020115169014514045,0.0003707765594240797,0.001191146730437742,0.3451104115954261,0.3451104115954261,0.36260571629749194,0.1886877460684485,0.1886877460684485,0.1996261508694461,0.15642266552697762,0.15642266552697762,0.16297956542804584
EleutherAI/pythia-2.8b,20,26,-0.002300352562131014,0.002641572726993058,0.00017061008243102194,0.30546307670165584,0.30546307670165584,0.2936911822073237,0.2681144911766428,0.2681144911766428,0.27001037773071446,0.03734858552501302,0.03734858552501302,0.023680804476609252
EleutherAI/pythia-2.8b,20,27,-0.0025118129459893446,0.0025110920583171215,-3.6044383611155695e-07,0.522072635162694,0.522072635162694,0.49356743375688433,0.24568872928327837,0.24568872928327837,0.2570264386459447,0.27638390587941564,0.27638390587941564,0.23654099511093962
EleutherAI/pythia-2.8b,20,28,0.0016126257228097352,-4.8539769931021937e-05,0.0007820429764393566,0.5303102405846081,0.5303102405846081,0.5124886591205235,0.1643363132147924,0.1643363132147924,0.17448946111309,0.3659739273698157,0.3659739273698157,0.33799919800743355
EleutherAI/pythia-2.8b,20,29,-0.0011214609221212868,0.000537541907603245,-0.00029195950725902087,0.34929317655910735,0.34929317655910735,0.3277915228473673,0.27131537746763784,0.27131537746763784,0.26061375650343366,0.07797779909146951,0.07797779909146951,0.06717776634393363
EleutherAI/pythia-2.8b,20,30,-0.0029928853192671134,-0.0003890390471208427,-0.001690962183193978,0.5063704599788611,0.5063704599788611,0.5227506560371493,0.30661846797839126,0.30661846797839126,0.34072542339865186,0.19975199200046984,0.19975199200046984,0.18202523263849746
EleutherAI/pythia-2.8b,20,31,-0.0007533276174953585,0.0012740488127462868,0.00026036059762546415,0.3405837355061106,0.3405837355061106,0.2817722671820309,0.24322759355372928,0.24322759355372928,0.22357215520703788,0.09735614195238132,0.09735614195238132,0.05820011197499303
EleutherAI/pythia-2.8b,21,0,0.001525638610359259,0.0021410363865648208,0.0018333374984620399,0.4069947069507971,0.4069947069507971,0.4931840066125206,0.20533065591028596,0.20533065591028596,0.24048826542202267,0.20166405104051113,0.20166405104051113,0.2526957411904979
EleutherAI/pythia-2.8b,21,1,0.0014415350485972311,0.0014996866541583387,0.001470610851377785,0.37840307389130007,0.37840307389130007,0.43212914754236753,0.2423064908438137,0.2423064908438137,0.2646313738576812,0.13609658304748637,0.13609658304748637,0.16749777368468632
EleutherAI/pythia-2.8b,21,2,-0.003661388487327777,-0.001739501953125,-0.0027004452202263884,0.3631292034208131,0.3631292034208131,0.37202820198348846,0.2377908988602517,0.2377908988602517,0.22320344909223608,0.12533830456056141,0.12533830456056141,0.14882475289125238
EleutherAI/pythia-2.8b,21,3,0.004650926965427793,0.007562351977731474,0.0061066394715796335,0.07078797746327531,0.07078797746327531,0.04750148339050766,0.14463880451805244,0.14463880451805244,0.12257968173500959,-0.07385082705477714,-0.07385082705477714,-0.07507819834450194
EleutherAI/pythia-2.8b,21,4,0.0014436977116139005,0.0011695201002708266,0.0013066089059423636,0.5928803237207172,0.5928803237207172,0.5775651739794001,0.14649422956674285,0.14649422956674285,0.14206679176263104,0.44638609415397434,0.44638609415397434,0.43549838221676906
EleutherAI/pythia-2.8b,21,5,-0.002781905527190265,0.0015357310377708266,-0.0006230872447097191,0.45580153899204096,0.45580153899204096,0.4403247729119465,0.3457093392900867,0.3457093392900867,0.36234370398424504,0.11009219970195427,0.11009219970195427,0.07798106892770146
EleutherAI/pythia-2.8b,21,6,0.0005709430364171375,0.0034270999938486035,0.0019990215151328705,-0.07702537447159635,-0.07702537447159635,-0.12485373944864021,-0.05942842828968123,-0.05942842828968123,-0.08694820401169046,-0.017596946181915124,-0.017596946181915124,-0.03790553543694976
EleutherAI/pythia-2.8b,21,7,-0.0011894646592027769,-0.0022607037401574104,-0.0017250841996800936,0.21753761854863407,0.21753761854863407,0.18342465161176877,0.2469850990310329,0.2469850990310329,0.21219821588933913,-0.02944748048239884,-0.02944748048239884,-0.028773564277570357
EleutherAI/pythia-2.8b,21,8,0.0014249546321356554,0.0021256574495569502,0.0017753060408463028,0.24456576704172286,0.24456576704172286,0.2782476297399982,0.20700271156894232,0.20700271156894232,0.22656821506817137,0.03756305547278055,0.03756305547278055,0.05167941467182685
EleutherAI/pythia-2.8b,21,9,-0.0010284664124018406,0.000866747277928237,-8.085956723680177e-05,0.2824386903341729,0.2824386903341729,0.3175088845728527,0.25133646553305433,0.25133646553305433,0.25479953577194475,0.031102224801118572,0.031102224801118572,0.06270934880090795
EleutherAI/pythia-2.8b,21,10,0.001361035925196763,0.0026812215489666613,0.002021128737081712,0.23932765377226384,0.23932765377226384,0.22267191386234164,0.20521093706806787,0.20521093706806787,0.2082471002151917,0.03411671670419597,0.03411671670419597,0.014424813647149953
EleutherAI/pythia-2.8b,21,11,-0.0006363035187009203,0.002276563268946763,0.0008201298751229213,0.32788042018640434,0.32788042018640434,0.36021047667681855,0.24384779359721098,0.24384779359721098,0.28097720391477155,0.08403262658919336,0.08403262658919336,0.079233272762047
EleutherAI/pythia-2.8b,21,12,0.0025187815268208347,0.0025781346118356474,0.002548458069328241,0.2080724104584379,0.2080724104584379,0.22497122720843313,0.17298410721400434,0.17298410721400434,0.19661858120594874,0.03508830324443357,0.03508830324443357,0.028352646002484383
EleutherAI/pythia-2.8b,21,13,-0.0005397045706203585,0.002000943882258799,0.0007306196558192202,0.24536261120988276,0.24536261120988276,0.2717527848490422,0.22420962071424436,0.22420962071424436,0.23826186802663538,0.021152990495638402,0.021152990495638402,0.03349091682240682
EleutherAI/pythia-2.8b,21,14,-0.0009325883519935019,0.0008552130751722231,-3.868763841063938e-05,0.13036949151604657,0.13036949151604657,0.16770886454178002,0.1612428260126884,0.1612428260126884,0.19095005918779323,-0.03087333449664184,-0.03087333449664184,-0.023241194646013208
EleutherAI/pythia-2.8b,21,15,-0.0036032368817671134,-0.0008477639025588068,-0.00222550039216296,0.505697582506551,0.505697582506551,0.5316681251762901,0.15210586873393467,0.15210586873393467,0.16738251383221509,0.3535917137726163,0.3535917137726163,0.36428561134407506
EleutherAI/pythia-2.8b,21,16,-0.0013646403635583226,1.874307947824505e-05,-0.0006729486420400388,0.4800099278112391,0.4800099278112391,0.4744618652216559,0.27144117178187926,0.27144117178187926,0.26746358801816444,0.20856875602935981,0.20856875602935981,0.20699827720349145
EleutherAI/pythia-2.8b,21,17,-0.0004661740280513804,-0.00018526813176666934,-0.0003257210799090249,0.4043990682222589,0.4043990682222589,0.5268980368508656,0.2278867674150854,0.2278867674150854,0.2822980348033846,0.1765123008071735,0.1765123008071735,0.24460000204748095
EleutherAI/pythia-2.8b,21,18,-0.00018454724409444623,0.0018329770546259283,0.000824214905265741,0.3939126553003494,0.3939126553003494,0.4860863816705216,0.3502164964754451,0.3502164964754451,0.4014868685269824,0.043696158824904296,0.043696158824904296,0.0845995131435392
EleutherAI/pythia-2.8b,21,19,-0.0011543814591536972,0.0010029950479824024,-7.56932055856474e-05,0.6247406527832564,0.6247406527832564,0.5911259842449242,0.4182696457951817,0.4182696457951817,0.4406736688140982,0.2064710069880747,0.2064710069880747,0.15045231543082604
EleutherAI/pythia-2.8b,21,20,0.002009594534325476,0.0017121082215796335,0.0018608513779525548,0.6242205462645498,0.6242205462645498,0.5784600309054626,0.41463799139848284,0.41463799139848284,0.40780419888451397,0.20958255486606697,0.20958255486606697,0.17065583202094864
EleutherAI/pythia-2.8b,21,21,-0.0022907407265013724,0.0022727185346949064,-9.011095903233013e-06,0.26812087374494475,0.26812087374494475,0.2745860349711198,0.11749381607879553,0.11749381607879553,0.13716124771135232,0.15062705766614923,0.15062705766614923,0.13742478725976745
EleutherAI/pythia-2.8b,21,22,0.002874179149237044,0.002312607652559251,0.0025933934008981474,0.23577473543386573,0.23577473543386573,0.2338184257997288,0.24399690118808628,0.24399690118808628,0.24993276858153707,-0.00822216575422055,-0.00822216575422055,-0.01611434278180826
EleutherAI/pythia-2.8b,21,23,-8.818859190462547e-05,0.0001232717919537052,1.754160002453986e-05,0.3753369915398933,0.3753369915398933,0.3955884231782762,0.2830825168896228,0.2830825168896228,0.28507141661058394,0.09225447465027048,0.09225447465027048,0.11051700656769226
EleutherAI/pythia-2.8b,21,24,-0.0004356564499263804,0.0023570623923476752,0.0009607029712106474,0.5842949386546755,0.5842949386546755,0.5676197513823752,0.4031801520074559,0.4031801520074559,0.41678188657473814,0.18111478664721964,0.18111478664721964,0.15083786480763706
EleutherAI/pythia-2.8b,21,25,-0.0003465066744587908,-0.0006053053487944382,-0.0004759060116266145,0.16446559270761954,0.16446559270761954,0.18866208986571206,0.1801569194541684,0.1801569194541684,0.20579838167518066,-0.015691326746548856,-0.015691326746548856,-0.0171362918094686
EleutherAI/pythia-2.8b,21,26,0.000433734082800008,0.002625713198203705,0.0015297236405018566,0.13716301669500502,0.13716301669500502,0.16967762442310969,0.173203676814682,0.173203676814682,0.19737442265466412,-0.036040660119676965,-0.036040660119676965,-0.027696798231554437
EleutherAI/pythia-2.8b,21,27,0.002849909264271311,-0.0003167099840060139,0.0012665996401326485,0.3033676209276544,0.3033676209276544,0.3692251364922893,0.22932297299647725,0.22932297299647725,0.26686405128945745,0.07404464793117715,0.07404464793117715,0.10236108520283183
EleutherAI/pythia-2.8b,21,28,-0.0014780600239912012,0.001672459399606474,9.719968780763644e-05,0.2822587581765316,0.2822587581765316,0.3129125777174816,0.21729486289936942,0.21729486289936942,0.23967253204899125,0.0649638952771622,0.0649638952771622,0.07324004566849035
EleutherAI/pythia-2.8b,21,29,0.0031947338674949144,0.002216489296259727,0.0027056115818773208,0.20714615497626448,0.20714615497626448,0.2410202220700026,0.20575097168820658,0.20575097168820658,0.22912966373469926,0.0013951832880579051,0.0013951832880579051,0.011890558335303336
EleutherAI/pythia-2.8b,21,30,0.0005805548720472231,-0.004699947327140741,-0.002059696227546759,0.6908302927008412,0.6908302927008412,0.6823082212652043,0.7039356530665999,0.7039356530665999,0.6993532775292598,-0.013105360365758711,-0.013105360365758711,-0.017045056264055503
EleutherAI/pythia-2.8b,21,31,4.1571189099087746e-05,0.0031892070620078705,0.0016153891255534791,0.6760729747264401,0.6760729747264401,0.692972727573825,0.12276567295930162,0.12276567295930162,0.1546535512765578,0.5533073017671385,0.5533073017671385,0.5383191762972672
EleutherAI/pythia-2.8b,22,0,0.0010027547520912172,0.0005445104884351792,0.0007736326202631982,0.3250965523316691,0.3250965523316691,0.2548556475256283,0.25972234285431234,0.25972234285431234,0.2384564847961252,0.06537420947735678,0.06537420947735678,0.01639916272950309
EleutherAI/pythia-2.8b,22,1,-0.001903864342396755,0.0019423116849162092,1.9223671259727126e-05,0.41585256593269154,0.41585256593269154,0.4244558705366165,0.3141886762552708,0.3141886762552708,0.32358020099616974,0.10166388967742074,0.10166388967742074,0.10087566954044674
EleutherAI/pythia-2.8b,22,2,8.194089874491439e-05,0.00010524960014768325,9.359524944629882e-05,0.11994657249013428,0.11994657249013428,0.14577520186613818,0.016707218431100398,0.016707218431100398,0.054063210199466194,0.10323935405903388,0.10323935405903388,0.09171199166667199
EleutherAI/pythia-2.8b,22,3,-0.00012447327140785447,0.0031471552811268566,0.001511341004859501,0.32919167029013974,0.32919167029013974,0.4096689304136043,0.3043690738389188,0.3043690738389188,0.3736937798927624,0.024822596451220924,0.024822596451220924,0.03597515052084188
EleutherAI/pythia-2.8b,22,4,0.0005567655788629722,-0.0011065625768944543,-0.00027489849901574104,0.176850921053251,0.176850921053251,0.25285886391956,0.07844602618040265,0.07844602618040265,0.0999576970926554,0.09840489487284836,0.09840489487284836,0.15290116682690458
EleutherAI/pythia-2.8b,22,5,0.0022801677073078785,0.0027864711491143446,0.0025333194282111116,0.7109699885000078,0.7109699885000078,0.749716289658414,0.4578761725197424,0.4578761725197424,0.502100169599336,0.2530938159802654,0.2530938159802654,0.24761612005907796
EleutherAI/pythia-2.8b,22,6,0.0005046213705708347,-0.0031961756428393606,-0.001345777136134263,0.8012043345631576,0.8012043345631576,0.8072894425608041,0.7285297620036881,0.7285297620036881,0.7395745447807484,0.07267457255946952,0.07267457255946952,0.0677148977800558
EleutherAI/pythia-2.8b,22,7,-0.0016873577448328625,0.00022203340305138042,-0.000732662170890741,0.16334412870293538,0.16334412870293538,0.17522704551376098,0.20200504855393625,0.20200504855393625,0.20614045088240163,-0.03866091985100087,-0.03866091985100087,-0.03091340536864065
EleutherAI/pythia-2.8b,22,8,-0.00022659902497546014,0.0016349732406495399,0.0007041871078370399,0.3050214418358319,0.3050214418358319,0.3686851555796192,0.202542426933792,0.202542426933792,0.20351030484051252,0.1024790149020399,0.1024790149020399,0.16517485073910665
EleutherAI/pythia-2.8b,22,9,-0.0022551769346703665,-8.025882750972713e-05,-0.0011677178810900468,0.7187845640080235,0.7187845640080235,0.7444676369170596,0.4611222948483185,0.4611222948483185,0.4606280385360402,0.25766226915970497,0.25766226915970497,0.28383959838101946
EleutherAI/pythia-2.8b,22,10,-0.0008758785217768406,0.002759798305241201,0.0009419598917321803,0.18772437383837567,0.18772437383837567,0.21024315306086164,0.16329963880050455,0.16329963880050455,0.1687131802359357,0.024424735037871126,0.024424735037871126,0.04152997282492593
EleutherAI/pythia-2.8b,22,11,-0.0012863039031745238,0.0011733648345226833,-5.646953432592028e-05,0.4212261811204357,0.4212261811204357,0.3963799305026395,0.2423154364369684,0.2423154364369684,0.2626750563761339,0.1789107446834673,0.1789107446834673,0.13370487412650556
EleutherAI/pythia-2.8b,22,12,0.00226526936208149,0.003673162985974532,0.002969216174028011,0.3654711088212226,0.3654711088212226,0.3911915179556515,0.22183260672016072,0.22183260672016072,0.23652661646457004,0.14363850210106185,0.14363850210106185,0.15466490149108145
EleutherAI/pythia-2.8b,22,13,0.0010279858206199144,0.003362700695127785,0.0021953432578738497,0.21092575520097356,0.21092575520097356,0.22748730832668976,0.20106607476171615,0.20106607476171615,0.207931012141373,0.009859680439257418,0.009859680439257418,0.019556296185316763
EleutherAI/pythia-2.8b,22,14,-7.641409325787052e-05,0.00020449180302639647,6.403885488426297e-05,0.3758849452852006,0.3758849452852006,0.384446909735643,0.341177299625143,0.341177299625143,0.3453428196734203,0.03470764566005763,0.03470764566005763,0.03910409006222271
EleutherAI/pythia-2.8b,22,15,0.0008225328340305538,0.004669429749015741,0.0027459812915231474,0.6557663415619823,0.6557663415619823,0.6864367489988455,0.42269134357440175,0.42269134357440175,0.4413905146641802,0.23307499798758058,0.23307499798758058,0.24504623433466532
EleutherAI/pythia-2.8b,22,16,-8.914977546758962e-05,0.002617302842027769,0.0012640765332800896,0.1744886785102556,0.1744886785102556,0.2176918501263715,0.2019946287793992,0.2019946287793992,0.21254463496387957,-0.027505950269143598,-0.027505950269143598,0.005147215162491919
EleutherAI/pythia-2.8b,22,17,-0.0009227362204726752,0.005541463536540281,0.002309363658033803,0.29527435013117886,0.29527435013117886,0.27035207438349407,0.23778283053810967,0.23778283053810967,0.23737656519664968,0.057491519593069196,0.057491519593069196,0.03297550918684439
EleutherAI/pythia-2.8b,22,18,-0.0007970614696115597,4.3974148006942215e-05,-0.0003765436608023087,0.23011279803003973,0.23011279803003973,0.2887783616000652,0.07713139528158264,0.07713139528158264,0.09801623093632474,0.1529814027484571,0.1529814027484571,0.19076213066374048
EleutherAI/pythia-2.8b,22,19,-0.004442350132259243,-0.0015515905665601792,-0.002996970349409711,0.09324127584642249,0.09324127584642249,0.1157866132635417,0.03096179859632208,0.03096179859632208,0.037257571522559374,0.062279477250100405,0.062279477250100405,0.07852904174098232
EleutherAI/pythia-2.8b,22,20,0.000232125830462504,0.005070964182455562,0.002651545006459033,0.3495172454703943,0.3495172454703943,0.3672719198272759,0.26050423424833136,0.26050423424833136,0.28342562285804057,0.08901301122206295,0.08901301122206295,0.08384629696923535
EleutherAI/pythia-2.8b,22,21,0.0015475055364171375,0.001062348132997215,0.0013049268347071763,0.09743000934183443,0.09743000934183443,0.14357229863919482,0.11524242983667737,0.11524242983667737,0.1485640489481215,-0.01781242049484294,-0.01781242049484294,-0.004991750308926679
EleutherAI/pythia-2.8b,22,22,-0.004657174658587948,-0.0014886330431838068,-0.0030729038508858775,0.7391735423928288,0.7391735423928288,0.7469970294069059,0.6574215491111647,0.6574215491111647,0.657501113131701,0.08175199328166416,0.08175199328166416,0.08949591627520492
EleutherAI/pythia-2.8b,22,23,-0.0004774679349166533,0.000543309008981474,3.292053703241038e-05,0.2809039656702469,0.2809039656702469,0.250558612917982,0.24595979864677683,0.24595979864677683,0.25328011754665897,0.03494416702347006,0.03494416702347006,-0.002721504628676985
EleutherAI/pythia-2.8b,22,24,-0.0006326990803398047,0.0003222367894930578,-0.00015523114542337346,0.3731480211211466,0.3731480211211466,0.3947738942534548,0.30381992504608907,0.30381992504608907,0.34137479472441684,0.06932809607505752,0.06932809607505752,0.053399099529037986
EleutherAI/pythia-2.8b,22,25,0.0008984663355064981,0.0021578570989175816,0.0015281617172120399,0.36912837525703546,0.36912837525703546,0.47304204810203143,0.28758840315747974,0.28758840315747974,0.3619445946040244,0.08153997209955571,0.08153997209955571,0.11109745349800704
EleutherAI/pythia-2.8b,22,26,-0.0008556936669537052,-0.0006968580831694382,-0.0007762758750615717,0.1659484200409141,0.1659484200409141,0.2241052060990884,0.16199444912589844,0.16199444912589844,0.20353632549261877,0.003953970915015648,0.003953970915015648,0.020568880606469636
EleutherAI/pythia-2.8b,22,27,0.002691073680487044,0.003741887610728245,0.0032164806456076445,0.29384839032358495,0.29384839032358495,0.15017695749562415,0.26015523035343224,0.26015523035343224,0.17353021975499874,0.03369315997015271,0.03369315997015271,-0.02335326225937459
EleutherAI/pythia-2.8b,22,28,-0.0016198345995328545,0.001977154589074992,0.00017865999477106875,0.2554578430934962,0.2554578430934962,0.22076400781862668,0.286912851188322,0.286912851188322,0.26317668214795475,-0.03145500809482582,-0.03145500809482582,-0.042412674329328076
EleutherAI/pythia-2.8b,22,29,0.0003863957923226913,0.002960925965797223,0.0016736608790599572,0.2819194818722875,0.2819194818722875,0.30584038062794316,0.2606404364617144,0.2606404364617144,0.2776451372109196,0.021279045410573072,0.021279045410573072,0.028195243417023563
EleutherAI/pythia-2.8b,22,30,0.00015354907418796415,0.00313634196604351,0.001644945520115737,0.4810670104955312,0.4810670104955312,0.5021131041215257,0.4252599978593591,0.4252599978593591,0.44575385126139966,0.055807012636172104,0.055807012636172104,0.056359252860126
EleutherAI/pythia-2.8b,22,31,0.0022479680579476913,0.003516009473425452,0.0028819887656865717,0.2541417112403913,0.2541417112403913,0.26089738078460945,0.19766276089426507,0.19766276089426507,0.21304060816893844,0.05647895034612624,0.05647895034612624,0.047856772615671006
EleutherAI/pythia-2.8b,23,0,-0.0045190045214078545,-0.002679058885949548,-0.003599031703678701,0.3616973962503272,0.3616973962503272,0.3631555486188761,0.28748089602279747,0.28748089602279747,0.2873658580547668,0.07421650022752974,0.07421650022752974,0.07578969056410934
EleutherAI/pythia-2.8b,23,1,0.0008823665108264045,0.00038567490465046816,0.0006340207077384363,0.2929239178830737,0.2929239178830737,0.37215317111906304,0.2314697605596182,0.2314697605596182,0.26094794597277965,0.061454157323455494,0.061454157323455494,0.11120522514628339
EleutherAI/pythia-2.8b,23,2,-0.00330190583476897,0.0004906842089074104,-0.0014056108129307798,0.39563969249736586,0.39563969249736586,0.5026439527842771,0.3268410307000522,0.3268410307000522,0.38113430208547977,0.06879866179731364,0.06879866179731364,0.12150965069879732
EleutherAI/pythia-2.8b,23,3,8.914977546714553e-05,0.0009842519685041573,0.0005367008719856514,0.11060007718864703,0.11060007718864703,0.08936279992807555,0.13132953051558435,0.13132953051558435,0.12414553486096763,-0.02072945332693732,-0.02072945332693732,-0.03478273493289208
EleutherAI/pythia-2.8b,23,4,-0.0015405369555856474,-0.001391072911540281,-0.0014658049335629642,0.1793418847026181,0.1793418847026181,0.22001128048726992,0.19922493502127422,0.19922493502127422,0.22197178547916638,-0.019883050318656115,-0.019883050318656115,-0.0019605049918964557
EleutherAI/pythia-2.8b,23,5,0.004211906373031482,0.004059558778297223,0.004135732575664353,0.6466387307315361,0.6466387307315361,0.6455585361920356,0.6839412705620794,0.6839412705620794,0.6827874389865737,-0.037302539830543324,-0.037302539830543324,-0.037228902794538055
EleutherAI/pythia-2.8b,23,6,-0.003479484498031482,0.0012166180948574024,-0.0011314332015870399,0.16967437769693874,0.16967437769693874,0.175593582349972,0.18296525200079267,0.18296525200079267,0.20308233581301366,-0.013290874303853922,-0.013290874303853922,-0.027488753463041665
EleutherAI/pythia-2.8b,23,7,-0.005249504029281482,-0.0026768962229328785,-0.00396320012610718,0.2284547629780412,0.2284547629780412,0.2702057702032809,0.22195078307202057,0.22195078307202057,0.25128887512423304,0.0065039799060206405,0.0065039799060206405,0.01891689507904787
EleutherAI/pythia-2.8b,23,8,-0.003876453309547223,0.0007064699187990797,-0.0015849916953740717,0.19940161412059984,0.19940161412059984,0.21844732305370113,0.21629686645316426,0.21629686645316426,0.22763359151594603,-0.01689525233256442,-0.01689525233256442,-0.009186268462244906
EleutherAI/pythia-2.8b,23,9,-0.0038483386903300776,-0.002471683532234259,-0.0031600111112821683,0.1361752661724368,0.1361752661724368,0.20063747961163708,0.17670080884602068,0.17670080884602068,0.20265850178304218,-0.04052554267358388,-0.04052554267358388,-0.0020210221714050958
EleutherAI/pythia-2.8b,23,10,-0.00508490134411943,-0.0022688738004430498,-0.00367688757228124,0.11918254093792958,0.11918254093792958,0.10125258829726576,0.17537668883343557,0.17537668883343557,0.15550887078778486,-0.05619414789550599,-0.05619414789550599,-0.0542562824905191
EleutherAI/pythia-2.8b,23,11,0.0017193170983018646,-0.0006002591350884323,0.0005595289816067162,0.6111214151213377,0.6111214151213377,0.5861864509164246,0.3784971797250815,0.3784971797250815,0.3851106651010035,0.23262423539625615,0.23262423539625615,0.20107578581542113
EleutherAI/pythia-2.8b,23,12,-0.0014172651636319422,-0.00242843027189954,-0.001922847717765741,0.7455426892770411,0.7455426892770411,0.8014679941199546,0.4911291286950175,0.4911291286950175,0.5498908328300771,0.25441356058202363,0.25441356058202363,0.2515771612898775
EleutherAI/pythia-2.8b,23,13,-0.001916119432824992,-0.0021314245509351792,-0.0020237719918800856,0.3090745170548096,0.3090745170548096,0.2793434338058516,0.19681251491499013,0.19681251491499013,0.2140969329247464,0.11226200213981946,0.11226200213981946,0.06524650088110517
EleutherAI/pythia-2.8b,23,14,-0.001960093580831934,0.002557949757012956,0.00029892808809051097,0.21450481729161577,0.21450481729161577,0.1925180798465337,0.2302333807780319,0.2302333807780319,0.22267872074119205,-0.01572856348641613,-0.01572856348641613,-0.030160640894658336
EleutherAI/pythia-2.8b,23,15,-4.541592335138844e-05,-0.00046617402805093633,-0.0002557949757011624,0.28468625332301467,0.28468625332301467,0.27660795650124936,0.2508425373253623,0.2508425373253623,0.23740171024522663,0.033843715997652346,0.033843715997652346,0.03920624625602273
EleutherAI/pythia-2.8b,23,16,-0.001873106468381014,0.0011507770207925816,-0.00036116472379421616,0.20206870955504794,0.20206870955504794,0.18083882531303377,0.23187013730572037,0.23187013730572037,0.2249976340003741,-0.029801427750672432,-0.029801427750672432,-0.04415880868734032
EleutherAI/pythia-2.8b,23,17,-0.0034374327171509123,-0.0015278012733759283,-0.0024826169952634203,0.4030837586095319,0.4030837586095319,0.31712528822189495,0.17530820903984107,0.17530820903984107,0.15350732448310503,0.22777554956969082,0.22777554956969082,0.16361796373878992
EleutherAI/pythia-2.8b,23,18,-0.0006074680118111075,-0.000957819420521755,-0.0007826437161664312,0.11756418489330361,0.11756418489330361,0.12307422020041296,0.09067371356262825,0.09067371356262825,0.11282678135242441,0.02689047133067536,0.02689047133067536,0.010247438847988552
EleutherAI/pythia-2.8b,23,19,-0.002482737143208791,-0.0024928295706199144,-0.0024877833569143526,0.2244037951891706,0.2244037951891706,0.18215704709653824,0.2718395019172623,0.2718395019172623,0.23900587061190326,-0.04743570672809169,-0.04743570672809169,-0.05684882351536502
EleutherAI/pythia-2.8b,23,20,-0.004524531326894898,-0.0025903897022638844,-0.0035574605145793914,0.1462635308693437,0.1462635308693437,0.1215576404149134,0.14959101141496475,0.14959101141496475,0.13991046887071293,-0.003327480545621042,-0.003327480545621042,-0.018352828455799525
EleutherAI/pythia-2.8b,23,21,-0.0009470061054379642,0.001855084276574992,0.0004540390855685139,0.4577025266663963,0.4577025266663963,0.47876449886926126,0.37618347532203533,0.37618347532203533,0.38312053683430025,0.081519051344361,0.081519051344361,0.095643962034961
EleutherAI/pythia-2.8b,23,22,-0.0015946035310041573,0.0028114619217518566,0.0006084291953738497,0.4450500076607454,0.4450500076607454,0.46127887939203155,0.3375663727404669,0.3375663727404669,0.3182208158246959,0.10748363492027846,0.10748363492027846,0.14305806356733564
EleutherAI/pythia-2.8b,23,23,-0.0013204259196606394,-0.0007679856668305618,-0.0010442057932456006,0.2153428704437367,0.2153428704437367,0.27849560819641905,0.20027898164066416,0.20027898164066416,0.24001676795791083,0.01506388880307255,0.01506388880307255,0.03847884023850823
EleutherAI/pythia-2.8b,23,24,-0.002252773975762956,-0.0012031615249754601,-0.0017279677503692081,0.22448523335287615,0.22448523335287615,0.2556982251726296,0.17722870698500223,0.17722870698500223,0.2035675214325961,0.04725652636787392,0.04725652636787392,0.05213070374003348
EleutherAI/pythia-2.8b,23,25,-0.0038101316437009203,-0.0030443086398865837,-0.003427220141793752,0.6192589784355002,0.6192589784355002,0.6405264499485921,0.3921893831794868,0.3921893831794868,0.41564376305235584,0.22706959525601333,0.22706959525601333,0.22488268689623625
EleutherAI/pythia-2.8b,23,26,-0.0017099455585629642,0.012564351239542582,0.005427202840489809,0.8288639368100722,0.8288639368100722,0.8562051175325418,0.388202517974222,0.388202517974222,0.43292953842838705,0.4406614188358502,0.4406614188358502,0.42327557910415475
EleutherAI/pythia-2.8b,23,27,-0.0005113496555120278,-0.00026408518393195024,-0.00038771741972198903,0.18995591021838196,0.18995591021838196,0.24632853176764347,0.19380416554634924,0.19380416554634924,0.230352574437043,-0.003848255327967287,-0.003848255327967287,0.015975957330600477
EleutherAI/pythia-2.8b,23,28,-0.004282553364911568,-0.0007756751353347191,-0.0025291142501231434,0.15446770718558722,0.15446770718558722,0.16898662711672274,0.165053702421887,0.165053702421887,0.1737288197133652,-0.010585995236299772,-0.010585995236299772,-0.004742192596642464
EleutherAI/pythia-2.8b,23,29,0.001960333876722231,-0.00047770823080695024,0.0007413128229576404,0.7251591659675803,0.7251591659675803,0.7313703404058921,0.29716847233464794,0.29716847233464794,0.29374684971699616,0.4279906936329324,0.4279906936329324,0.43762349068889594
EleutherAI/pythia-2.8b,23,30,-0.003435510350024984,-0.0014516274760087988,-0.0024435689130168914,0.15713212039599833,0.15713212039599833,0.16937423231594875,0.1734649198580424,0.1734649198580424,0.19633104740845145,-0.01633279946204408,-0.01633279946204408,-0.026956815092502695
EleutherAI/pythia-2.8b,23,31,-0.005494365541953705,-0.0022986704908958266,-0.003896518016424766,0.5198399512996765,0.5198399512996765,0.5229292297946498,0.2315116704812645,0.2315116704812645,0.25847838960453107,0.288328280818412,0.288328280818412,0.2644508401901188
EleutherAI/pythia-2.8b,24,0,-0.0027624415600393526,-0.0023892620417074184,-0.0025758518008733855,0.4069573693689271,0.4069573693689271,0.440899958882881,0.29443209405454174,0.29443209405454174,0.31273452471239177,0.11252527531438539,0.11252527531438539,0.12816543417048926
EleutherAI/pythia-2.8b,24,1,-0.0016123854269194382,0.0024327555979333226,0.0004101850855069422,0.09980214910783741,0.09980214910783741,0.11932554063030257,0.12136707004625318,0.12136707004625318,0.13559668539379455,-0.021564920938415763,-0.021564920938415763,-0.01627114476349198
EleutherAI/pythia-2.8b,24,2,-0.00045800396776574104,0.0008592981053148208,0.00020064706877453986,0.10843279028878416,0.10843279028878416,0.09312513124203584,0.08287433138313088,0.08287433138313088,0.07895568420570372,0.02555845890565328,0.02555845890565328,0.01416944703633212
EleutherAI/pythia-2.8b,24,3,-0.0012368029496800936,0.001068595826156482,-8.410356176180578e-05,0.27272703505514967,0.27272703505514967,0.3551743940015799,0.2410130733367258,0.2410130733367258,0.29922786840908017,0.03171396171842386,0.03171396171842386,0.05594652559249974
EleutherAI/pythia-2.8b,24,4,-0.0003666915292814821,0.0011757677934300936,0.0004045381320743058,0.3298285435036031,0.3298285435036031,0.3965271128413334,0.2486027744287525,0.2486027744287525,0.2779608557628873,0.08122576907485057,0.08122576907485057,0.11856625707844609
EleutherAI/pythia-2.8b,24,5,-0.0014569139856055457,0.0006882074311023167,-0.0003843532772516145,0.21878881606906966,0.21878881606906966,0.25914905170958713,0.23470368683599627,0.23470368683599627,0.24524509759699342,-0.015914870766926603,-0.015914870766926603,0.013903954112593708
EleutherAI/pythia-2.8b,24,6,0.0004993348609740877,2.1386334276396468e-05,0.0002603605976252421,0.32321643186784565,0.32321643186784565,0.3824875423791764,0.17148099581669698,0.17148099581669698,0.21383111789010564,0.15173543605114867,0.15173543605114867,0.16865642448907078
EleutherAI/pythia-2.8b,24,7,-0.0021994282880171134,0.0015042522760828625,-0.00034758800596712547,0.3178402008636012,0.3178402008636012,0.34829086358988964,0.3288855747879721,0.3288855747879721,0.34786380206595624,-0.011045373924370883,-0.011045373924370883,0.000427061523933403
EleutherAI/pythia-2.8b,24,8,-0.0007333830585629642,-0.000354196142962504,-0.0005437896007627341,0.1321350319584419,0.1321350319584419,0.15193568152513687,0.18145756161447754,0.18145756161447754,0.1964275595646429,-0.049322529656035646,-0.049322529656035646,-0.04449187803950602
EleutherAI/pythia-2.8b,24,9,-0.0002823476716291573,0.0008840485820620358,0.00030085045521643927,0.22919501462081526,0.22919501462081526,0.27383956685537303,0.20993075461219776,0.20993075461219776,0.24477532778025385,0.0192642600086175,0.0192642600086175,0.02906423907511918
EleutherAI/pythia-2.8b,24,10,0.0003287247785430658,0.0018937719149851873,0.0011112483467641265,0.1737471901947747,0.1737471901947747,0.20961846287916094,0.15223291577544162,0.15223291577544162,0.17841942653162304,0.021514274419333068,0.021514274419333068,0.0311990363475379
EleutherAI/pythia-2.8b,24,11,-0.0013523852731300856,-0.00032271738127453986,-0.0008375513272023127,0.6848995454544827,0.6848995454544827,0.7259804504070115,0.4408150809781438,0.4408150809781438,0.4766711612677696,0.2440844644763389,0.2440844644763389,0.24930928913924194
EleutherAI/pythia-2.8b,24,12,0.0005031795952263884,-0.0002765805702509283,0.00011329951248773007,0.1515098767024716,0.1515098767024716,0.1516299985691256,0.18595167129980808,0.18595167129980808,0.18429620996535703,-0.034441794597336484,-0.034441794597336484,-0.03266621139623144
EleutherAI/pythia-2.8b,24,13,-0.0012593907634106394,0.0007127176119587908,-0.0002733365757259243,0.25619961972317584,0.25619961972317584,0.2872317189893259,0.2324327136604013,0.2324327136604013,0.2585536925867985,0.02376690606277454,0.02376690606277454,0.028678026402527423
EleutherAI/pythia-2.8b,24,14,0.00018334576464074104,-0.0010789285494587908,-0.0004477913924090249,0.26976186590367235,0.26976186590367235,0.26647245153105903,0.26027499608953375,0.26027499608953375,0.2707934028701814,0.009486869814138599,0.009486869814138599,-0.004320951339122359
EleutherAI/pythia-2.8b,24,15,0.0028470257135824184,-0.0018461933286171295,0.0005004161924826445,0.6475697003788594,0.6475697003788594,0.6482103687873795,0.2767982361983615,0.2767982361983615,0.3021631872036931,0.3707714641804979,0.3707714641804979,0.34604718158368636
EleutherAI/pythia-2.8b,24,16,-0.001171682763287496,-0.001831294983390741,-0.0015014888733391185,0.21695109840340626,0.21695109840340626,0.2341999972129238,0.18365231258006878,0.18365231258006878,0.20781156061556122,0.03329878582333748,0.03329878582333748,0.02638843659736259
EleutherAI/pythia-2.8b,24,17,-0.001146932286540725,0.00010356752891249599,-0.0005216823788141145,0.3126925831908265,0.3126925831908265,0.22454254121197167,0.2711127769876431,0.2711127769876431,0.22368380661399662,0.04157980620318341,0.04157980620318341,0.0008587345979750582
EleutherAI/pythia-2.8b,24,18,-0.0006692240557333307,0.0008989469272884243,0.00011486143577754682,0.22954819585500688,0.22954819585500688,0.24509582972892016,0.20309274332157656,0.20309274332157656,0.23297692682945126,0.026455452533430318,0.026455452533430318,0.012118902899468903
EleutherAI/pythia-2.8b,24,19,-0.0009124034971703665,0.0009311465766486116,9.371539739122525e-06,0.23264608390877314,0.23264608390877314,0.32275016329911194,0.1955199015867515,0.1955199015867515,0.2716414601812598,0.03712618232202164,0.03712618232202164,0.05110870311785215
EleutherAI/pythia-2.8b,24,20,-0.0010488915631152729,0.0012307955524115677,9.09519946481474e-05,0.37816471935903384,0.37816471935903384,0.42092393838614106,0.3093070222483097,0.3093070222483097,0.33995441088358364,0.06885769711072415,0.06885769711072415,0.08096952750255743
EleutherAI/pythia-2.8b,24,21,0.0015724963090550936,0.002289058655265741,0.0019307774821604173,0.6310118910279754,0.6310118910279754,0.6688104815874845,0.2600633146174642,0.2600633146174642,0.29295245701992906,0.3709485764105112,0.3709485764105112,0.3758580245675554
EleutherAI/pythia-2.8b,24,22,-0.0005822369432828545,0.0036056398406740797,0.0015117014486956126,0.2265697802090579,0.2265697802090579,0.23991699798657143,0.2179602119102524,0.2179602119102524,0.23721618902519587,0.00860956829880552,0.00860956829880552,0.0027008089613755615
EleutherAI/pythia-2.8b,24,23,-0.002885713351993502,0.0010157307301921215,-0.0009349913109006902,0.46790816006998326,0.46790816006998326,0.33501364672719675,0.3490887383674896,0.3490887383674896,0.2694961722919274,0.11881942170249365,0.11881942170249365,0.06551747443526934
EleutherAI/pythia-2.8b,24,24,-0.0017673762764518486,0.0016505924735481514,-5.839190145184858e-05,0.5639350772784611,0.5639350772784611,0.5890573440317851,0.4324242141580375,0.4324242141580375,0.46212761439260713,0.13151086312042365,0.13151086312042365,0.12692972963917798
EleutherAI/pythia-2.8b,24,25,-0.0010979119248277769,-0.0007651021161416693,-0.0009315070204847231,0.3551983535190248,0.3551983535190248,0.3635576920501188,0.3063499091987878,0.3063499091987878,0.30609702141270473,0.048848444320236994,0.048848444320236994,0.05746067063741406
EleutherAI/pythia-2.8b,24,26,-0.0031656580647148047,-0.0014722929226129722,-0.0023189754936638884,0.2917503838390679,0.2917503838390679,0.3284377020143476,0.23503355704802137,0.23503355704802137,0.2673381147332504,0.056716826791046504,0.056716826791046504,0.061099587281097156
EleutherAI/pythia-2.8b,24,27,-0.001970186008243502,0.0007574126476379561,-0.0006063866803027729,0.24421084005843557,0.24421084005843557,0.26722637790867626,0.19074359986057615,0.19074359986057615,0.2234605156112876,0.05346724019785942,0.05346724019785942,0.04376586229738866
EleutherAI/pythia-2.8b,24,28,7.449172612972177e-06,-0.0005445104884351792,-0.00026853065791110353,0.17444685736791501,0.17444685736791501,0.18103108131758494,0.1852781578218486,0.1852781578218486,0.18772147445293189,-0.010831300453933573,-0.010831300453933573,-0.006690393135346945
EleutherAI/pythia-2.8b,24,29,-0.0007528470257138764,-0.0009393166369338068,-0.0008460818313238416,0.10833960691124098,0.10833960691124098,0.05723277711843538,0.08188865019636384,0.08188865019636384,0.05798188397105913,0.02645095671487714,0.02645095671487714,-0.0007491068526237488
EleutherAI/pythia-2.8b,24,30,-0.004017026405635171,-0.001629206139271755,-0.002823116272453463,0.46591874612055306,0.46591874612055306,0.45202012501627675,0.4538569746112293,0.4538569746112293,0.4454728138310409,0.012061771509323749,0.012061771509323749,0.006547311185235827
EleutherAI/pythia-2.8b,24,31,5.2144208292137506e-05,0.00016244002214582665,0.00010729211521898208,0.2754641983326323,0.2754641983326323,0.2790174533535592,0.27074319708771505,0.27074319708771505,0.27258115221807416,0.004721001244917256,0.004721001244917256,0.006436301135485045
EleutherAI/pythia-2.8b,25,0,0.0003058966689222231,0.0007737527682087908,0.000539824718565507,0.37207065906725695,0.37207065906725695,0.46982383943200184,0.2885342222964245,0.2885342222964245,0.37039718361249224,0.08353643677083245,0.08353643677083245,0.0994266558195096
EleutherAI/pythia-2.8b,25,1,-0.00040465828001989834,0.0032367856483759283,0.001416063684178015,0.432243454806323,0.432243454806323,0.39539284471470637,0.2712902033810005,0.2712902033810005,0.26062705269383357,0.16095325142532246,0.16095325142532246,0.1347657920208728
EleutherAI/pythia-2.8b,25,2,4.325326033338683e-06,0.0007268950695129561,0.0003656101977731474,0.24225030514520138,0.24225030514520138,0.2715367375044193,0.18303219238156648,0.18303219238156648,0.20532806180774854,0.059218112763634895,0.059218112763634895,0.06620867569667077
EleutherAI/pythia-2.8b,25,3,0.0008251760888287052,0.001208448034571763,0.001016812061700234,0.24202973636844344,0.24202973636844344,0.19444905692520395,0.20972901304514208,0.20972901304514208,0.1807420458984203,0.03230072332330136,0.03230072332330136,0.01370701102678365
EleutherAI/pythia-2.8b,25,4,-0.0006214051734745318,-0.0002842700387550856,-0.0004528376061148087,0.21032710377078448,0.21032710377078448,0.2483444357208118,0.18057983514813175,0.18057983514813175,0.1943600950211197,0.02974726862265273,0.02974726862265273,0.0539843406996921
EleutherAI/pythia-2.8b,25,5,0.0006632166584643606,0.0006314976008856554,0.000647357129675008,0.3602583508603343,0.3602583508603343,0.2908700046210599,0.2847426353908798,0.2847426353908798,0.2636643240301155,0.07551571546945451,0.07551571546945451,0.02720568059094436
EleutherAI/pythia-2.8b,25,6,0.00045031449926158373,-0.0005831981268453745,-6.64418137918954e-05,0.246588626054181,0.246588626054181,0.22988424923509887,0.17604243618884502,0.17604243618884502,0.1621689429283391,0.07054618986533598,0.07054618986533598,0.06771530630675976
EleutherAI/pythia-2.8b,25,7,6.728284940749063e-06,0.00031454732098934457,0.00016063780296504682,0.4090684396972394,0.4090684396972394,0.39489833414263986,0.29732806058264283,0.29732806058264283,0.29191406379218227,0.11174037911459656,0.11174037911459656,0.1029842703504576
EleutherAI/pythia-2.8b,25,8,-0.00022203340305138042,-0.0007355457215796335,-0.00047878956231550696,0.2366056489389612,0.2366056489389612,0.340018717332323,0.24139679692170402,0.24139679692170402,0.3122141133068933,-0.004791147982742827,-0.004791147982742827,0.02780460402542967
EleutherAI/pythia-2.8b,25,9,0.0009198526697833387,0.0004267655019685179,0.0006733090858759283,0.6385614540075927,0.6385614540075927,0.6513887528315421,0.46440814229628286,0.46440814229628286,0.48107930143053484,0.17415331171130982,0.17415331171130982,0.17030945140100723
EleutherAI/pythia-2.8b,25,10,-0.0006898895023379481,-0.0006564883735236116,-0.0006731889379307798,0.29342682485701616,0.29342682485701616,0.27827706634966526,0.22271719884882646,0.22271719884882646,0.22273412570806914,0.0707096260081897,0.0707096260081897,0.05554294064159612
EleutherAI/pythia-2.8b,25,11,-0.0004399817759597191,0.00024173766609258962,-9.912205493356474e-05,0.3028692056478526,0.3028692056478526,0.237699177693606,0.18102226956637416,0.18102226956637416,0.15992201628125086,0.12184693608147842,0.12184693608147842,0.07777716141235513
EleutherAI/pythia-2.8b,25,12,-0.0007288174366388844,0.0009650282972439861,0.00011810543030255083,0.38587013274025767,0.38587013274025767,0.3823033070788867,0.2867968234537842,0.2867968234537842,0.29650487041262713,0.09907330928647345,0.09907330928647345,0.08579843666625958
EleutherAI/pythia-2.8b,25,13,-0.00027057317298240235,0.00048419621985740235,0.0001068115234375,0.3558612763368356,0.3558612763368356,0.3547565706237403,0.3816289705056816,0.3816289705056816,0.3842109787226545,-0.025767694168846,-0.025767694168846,-0.029454408098914198
EleutherAI/pythia-2.8b,25,14,-0.00022275429072360353,0.00013072096456712146,-4.601666307824104e-05,0.12469968598827832,0.12469968598827832,0.16561991283035105,0.17157476686782136,0.17157476686782136,0.19284183752404976,-0.046875080879543035,-0.046875080879543035,-0.027221924693698718
EleutherAI/pythia-2.8b,25,15,0.000738909864050008,0.001989890271284267,0.0013644000676671375,0.12007414974818571,0.12007414974818571,0.0748522731018554,0.14604922859628972,0.14604922859628972,0.1079055349074523,-0.025975078848104002,-0.025975078848104002,-0.03305326180559691
EleutherAI/pythia-2.8b,25,16,-0.0006668210968259203,0.0035871370570865757,0.0014601579801303277,0.40763147576886716,0.40763147576886716,0.41664553953121575,0.31450596379507145,0.31450596379507145,0.3206194184188692,0.0931255119737957,0.0931255119737957,0.09602612111234654
EleutherAI/pythia-2.8b,25,17,0.0002556748277555698,0.003052718996062964,0.001654196911909267,0.5635552668799799,0.5635552668799799,0.5249779085610871,0.15742928071279486,0.15742928071279486,0.1493051521643635,0.4061259861671851,0.4061259861671851,0.3756727563967236
EleutherAI/pythia-2.8b,25,18,-0.001494880736343518,5.9112789124071696e-05,-0.0007178839736097231,0.3807443444180378,0.3807443444180378,0.4007157366899838,0.2847467357212532,0.2847467357212532,0.29765672147704114,0.09599760869678459,0.09599760869678459,0.10305901521294264
EleutherAI/pythia-2.8b,25,19,-0.0006055456446851792,-0.00043517585814445425,-0.0005203607514148167,0.14889278916859447,0.14889278916859447,0.05130082213697089,0.19829609759656125,0.19829609759656125,0.1288914869559935,-0.04940330842796678,-0.04940330842796678,-0.07759066481902262
EleutherAI/pythia-2.8b,25,20,-0.0005039004828986116,0.0003412201648620439,-8.134015901828384e-05,0.30824940327543243,0.30824940327543243,0.3211962112808915,0.29753876348889086,0.29753876348889086,0.2993101668024771,0.010710639786541576,0.010710639786541576,0.021886044478414413
EleutherAI/pythia-2.8b,25,21,0.000562292384350016,0.0010786882535680498,0.0008204903189590329,0.1825394572018237,0.1825394572018237,0.18254744436244186,0.16199924638223512,0.16199924638223512,0.17799609883321485,0.020540210819588595,0.020540210819588595,0.004551345529227008
EleutherAI/pythia-2.8b,25,22,-0.0012483371524361075,0.0007389098640504521,-0.0002547136441928277,0.18137270327753768,0.18137270327753768,0.22488622319765705,0.17788952070144853,0.17788952070144853,0.21556373305936077,0.00348318257608915,0.00348318257608915,0.00932249013829628
EleutherAI/pythia-2.8b,25,23,-9.7319835753229e-05,-0.0005267285925194543,-0.0003120242141363416,0.18303293157738995,0.18303293157738995,0.142843695310773,0.18676286714289664,0.18676286714289664,0.16907212675160255,-0.003729935565506687,-0.003729935565506687,-0.026228431440829536
EleutherAI/pythia-2.8b,25,24,-0.003626305287278697,-0.0010962298535925896,-0.0023612675704356434,0.6446411105412296,0.6446411105412296,0.6380064410639348,0.2698372121732497,0.2698372121732497,0.2956256234516539,0.37480389836797995,0.37480389836797995,0.3423808176122809
EleutherAI/pythia-2.8b,25,25,-0.002824678195743502,0.00024894654281482076,-0.0012878658264643406,0.23888433495542233,0.23888433495542233,0.3449248649465259,0.16026342544787942,0.16026342544787942,0.20534163524176105,0.07862090950754291,0.07862090950754291,0.13958322970476486
EleutherAI/pythia-2.8b,25,26,-0.0009179303026578545,-0.000262403112696763,-0.0005901667076773087,0.1726452571255905,0.1726452571255905,0.15611056544920449,0.20424756636606345,0.20424756636606345,0.199102374243008,-0.03160230924047294,-0.03160230924047294,-0.042991808793803515
EleutherAI/pythia-2.8b,25,27,-0.0005925696665847191,1.874307947824505e-05,-0.000286913293553237,0.32047556095064794,0.32047556095064794,0.28225063068124095,0.25292678308624017,0.25292678308624017,0.2373448784595362,0.06754877786440777,0.06754877786440777,0.04490575222170476
EleutherAI/pythia-2.8b,25,28,-0.0017551211860236116,0.00018094280573333066,-0.0007870891901451404,0.39519206507625276,0.39519206507625276,0.39187902903750776,0.22905534836669053,0.22905534836669053,0.24347538101116473,0.16613671670956223,0.16613671670956223,0.14840364802634304
EleutherAI/pythia-2.8b,25,29,3.316083292315142e-05,-0.0004926065760333387,-0.00022972287155509363,0.10375162964377656,0.10375162964377656,0.09347954731408287,0.1441122735520087,0.1441122735520087,0.1341036739010998,-0.040360643908232144,-0.040360643908232144,-0.040624126587016945
EleutherAI/pythia-2.8b,25,30,-0.0010950283741388844,0.00040033295398611557,-0.00034734771007638443,0.445721515350913,0.445721515350913,0.44827364559948657,0.3534902765784964,0.3534902765784964,0.3669459296704412,0.09223123877241657,0.09223123877241657,0.08132771592904536
EleutherAI/pythia-2.8b,25,31,-0.00026360459215091225,0.0023169329785925896,0.0010266641932208387,0.5310719841137858,0.5310719841137858,0.5243940539345028,0.4134185498876028,0.4134185498876028,0.4053779825214113,0.11765343422618296,0.11765343422618296,0.1190160714130915
EleutherAI/pythia-2.8b,26,0,0.0012231060839074104,0.0022534948634351792,0.0017383004736712948,0.6960841067322625,0.6960841067322625,0.7044969720761829,0.23167523893712993,0.23167523893712993,0.23929532665219252,0.4644088677951326,0.4644088677951326,0.46520164542399034
EleutherAI/pythia-2.8b,26,1,-0.0007204070804629481,0.001446340966412496,0.00036296694297477394,0.26502304431429496,0.26502304431429496,0.24477281842064974,0.20627830492288543,0.20627830492288543,0.21159267483340868,0.058744739391409534,0.058744739391409534,0.03318014358724106
EleutherAI/pythia-2.8b,26,2,-0.0003561185100888764,-9.731983575278491e-05,-0.00022671917292083066,0.2123898799906871,0.2123898799906871,0.1795837834079084,0.22264403144795575,0.22264403144795575,0.21427192973547918,-0.010254151457268657,-0.010254151457268657,-0.03468814632757078
EleutherAI/pythia-2.8b,26,3,0.0005942517378199064,0.0014131801334893446,0.0010037159356546255,0.3760823081499947,0.3760823081499947,0.3940972541474736,0.2761850031828039,0.2761850031828039,0.277473370891069,0.09989730496719079,0.09989730496719079,0.1166238832564046
EleutherAI/pythia-2.8b,26,4,-0.00027177465243610754,0.001239446204478245,0.00048383577602106875,0.40589270266032573,0.40589270266032573,0.4207419978946939,0.2864132347158366,0.2864132347158366,0.2957534176560287,0.11947946794448916,0.11947946794448916,0.12498858023866521
EleutherAI/pythia-2.8b,26,5,-0.0023962306225393526,-0.0002518300935037132,-0.001324030358021533,0.18472226724891136,0.18472226724891136,0.2296427443186996,0.18960368622742146,0.18960368622742146,0.1998490207116973,-0.004881418978510105,-0.004881418978510105,0.029793723607002304
EleutherAI/pythia-2.8b,26,6,-0.0001819039892962948,0.001495361328125,0.0006567286694143526,0.43105935275126667,0.43105935275126667,0.22155015426285427,0.3527367922796671,0.3527367922796671,0.24138659424724082,0.07832256047159958,0.07832256047159958,-0.019836439984386556
EleutherAI/pythia-2.8b,26,7,-0.0013531061608023087,-0.0009465255136564821,-0.0011498158372293954,0.41855044046253964,0.41855044046253964,0.37773431593062134,0.35218872018069347,0.35218872018069347,0.3244718103317387,0.06636172028184617,0.06636172028184617,0.053262505598882626
EleutherAI/pythia-2.8b,26,8,-0.0006817194420523087,8.818859190462547e-05,-0.0002967654250738416,0.30574725798824576,0.30574725798824576,0.35101030615499074,0.2892875120737708,0.2892875120737708,0.3150745207349952,0.016459745914474966,0.016459745914474966,0.035935785419995536
EleutherAI/pythia-2.8b,26,9,-0.0007314606914370358,0.0012423297551675816,0.0002554345318652729,0.1094138868032358,0.1094138868032358,0.16310787842165989,0.1110708304730061,0.1110708304730061,0.13521125258718045,-0.0016569436697703027,-0.0016569436697703027,0.027896625834479438
EleutherAI/pythia-2.8b,26,10,-0.0007602961983268486,0.0013199453278791573,0.00027982456477615436,0.19295487836569558,0.19295487836569558,0.18310171644005696,0.19158346955623887,0.19158346955623887,0.19658623245787946,0.0013714088094567145,0.0013714088094567145,-0.013484516017822495
EleutherAI/pythia-2.8b,26,11,-0.0016621266763041653,0.0010606660617620278,-0.00030073030727106875,0.26703386562815373,0.26703386562815373,0.23501926966841213,0.2513594214572435,0.2513594214572435,0.25139978460451784,0.01567444417091024,0.01567444417091024,-0.016380514936105706
EleutherAI/pythia-2.8b,26,12,-0.0012593907634106394,-9.611835629641519e-07,-0.0006301759734868018,0.2372384362020021,0.2372384362020021,0.24415157003924948,0.2018606402307744,0.2018606402307744,0.20736679383499781,0.0353777959712277,0.0353777959712277,0.03678477620425166
EleutherAI/pythia-2.8b,26,13,-7.95379398379481e-05,0.0011548620509351792,0.0005376620555486156,0.2746533031540087,0.2746533031540087,0.2774437791461273,0.2339634922105065,0.2339634922105065,0.23625014573410788,0.040689810943502214,0.040689810943502214,0.0411936334120194
EleutherAI/pythia-2.8b,26,14,-0.001782514917568978,0.0022323488250490797,0.00022491695374005083,0.6942566061965996,0.6942566061965996,0.6805418638332771,0.2983385738401488,0.2983385738401488,0.31541147931494296,0.3959180323564508,0.3959180323564508,0.36513038451833413
EleutherAI/pythia-2.8b,26,15,-0.0006144365926430417,0.0015487070158712868,0.0004671352116141225,0.3064248659879072,0.3064248659879072,0.26414800148771245,0.2652713087438501,0.2652713087438501,0.24818867342847395,0.041153557244057115,0.041153557244057115,0.015959328059238498
EleutherAI/pythia-2.8b,26,16,-0.00014850286048240235,0.0018144742710384243,0.000832985705278011,0.19266984260471465,0.19266984260471465,0.21439327384914256,0.1366187376950248,0.1366187376950248,0.16577671438911035,0.05605110490968984,0.05605110490968984,0.04861655946003221
EleutherAI/pythia-2.8b,26,17,0.0004500742033708427,0.0010368767685777769,0.0007434754859743098,0.40353475059345595,0.40353475059345595,0.5332481378939369,0.36494024704030276,0.36494024704030276,0.4248922513444537,0.03859450355315319,0.03859450355315319,0.1083558865494832
EleutherAI/pythia-2.8b,26,18,5.3585983636583734e-05,0.0017161932517226752,0.0008848896176796295,0.1547300290387599,0.1547300290387599,0.2838225031665141,0.12314786727352216,0.12314786727352216,0.22286733776248607,0.031582161765237746,0.031582161765237746,0.06095516540402801
EleutherAI/pythia-2.8b,26,19,-0.00020881712906017924,0.001067874938484259,0.00042952890471203986,0.18864987492987156,0.18864987492987156,0.2231906662832139,0.2075903598840496,0.2075903598840496,0.24849729609382762,-0.01894048495417805,-0.01894048495417805,-0.025306629810613712
EleutherAI/pythia-2.8b,26,20,-0.0005303330308810139,0.0012550654373768566,0.00036236620324792135,0.130924439419321,0.130924439419321,0.16266089405795306,0.15867333374930112,0.15867333374930112,0.1874833169173398,-0.027748894329980123,-0.027748894329980123,-0.02482242285938674
EleutherAI/pythia-2.8b,26,21,-0.0011099267193652729,0.000854251891609259,-0.00012783741387800696,0.44708921863456647,0.44708921863456647,0.4623250939734328,0.3010624027879239,0.3010624027879239,0.32395873796338576,0.14602681584664257,0.14602681584664257,0.13836635601004704
EleutherAI/pythia-2.8b,26,22,-0.000811238927165725,0.0011988361989421215,0.00019379863588819823,0.22541781251246668,0.22541781251246668,0.30720216535367645,0.23082511764268357,0.23082511764268357,0.27174273311045255,-0.005407305130216894,-0.005407305130216894,0.0354594322432239
EleutherAI/pythia-2.8b,26,23,-0.0001468207892472151,0.00046064722256389246,0.00015691321665833868,0.295273400480589,0.295273400480589,0.2985268760163034,0.30313987955860794,0.30313987955860794,0.3209305429914735,-0.007866479078018962,-0.007866479078018962,-0.0224036669751701
EleutherAI/pythia-2.8b,26,24,0.00042316106360695827,0.0005791130967027769,0.0005011370801548676,0.2571322066525724,0.2571322066525724,0.2840378351783388,0.21162701386122726,0.21162701386122726,0.2202460275276069,0.045505192791345156,0.045505192791345156,0.06379180765073189
EleutherAI/pythia-2.8b,26,25,0.001202200341412052,0.000805231529896755,0.0010037159356544034,0.27244008258088526,0.27244008258088526,0.2943244494312325,0.24085773930736526,0.24085773930736526,0.26864400559739576,0.03158234327352,0.03158234327352,0.02568044383383672
EleutherAI/pythia-2.8b,26,26,-0.0001684474194143526,0.00020232914000972713,1.6940860297687266e-05,0.2482996128953675,0.2482996128953675,0.2538868732803208,0.24005475863202003,0.24005475863202003,0.2515224864200056,0.008244854263347479,0.008244854263347479,0.002364386860315204
EleutherAI/pythia-2.8b,26,27,0.0010022741603097352,0.00030685785248518727,0.0006545660063974612,0.33177906465411927,0.33177906465411927,0.31830831705200413,0.3182797512283061,0.3182797512283061,0.3116635919107226,0.013499313425813175,0.013499313425813175,0.0066447251412815045
EleutherAI/pythia-2.8b,26,28,-8.242149052684056e-05,0.001270204078493986,0.0005938912939835728,0.1577163658642735,0.1577163658642735,0.14823492025709495,0.23569055924469645,0.23569055924469645,0.23668881177449058,-0.07797419338042294,-0.07797419338042294,-0.08845389151739563
EleutherAI/pythia-2.8b,26,29,0.0003044548935777769,0.0020055095041833226,0.0011549821988805498,0.1963986402378316,0.1963986402378316,0.29328668316469786,0.24216387163119896,0.24216387163119896,0.3254033205440128,-0.045765231393367356,-0.045765231393367356,-0.032116637379314916
EleutherAI/pythia-2.8b,26,30,-0.0008979857437254601,0.0004070612389273087,-0.0002454622523990757,0.2660115909642498,0.2660115909642498,0.2581964401047564,0.2259611085751955,0.2259611085751955,0.2250252864334567,0.040050482389054315,0.040050482389054315,0.03317115367129969
EleutherAI/pythia-2.8b,26,31,-0.0014509065883365757,0.0008602592888777849,-0.0002953236497293954,0.42116679513630667,0.42116679513630667,0.44744611213086966,0.2522652839304269,0.2522652839304269,0.2904195877327644,0.16890151120587976,0.16890151120587976,0.15702652439810527
EleutherAI/pythia-2.8b,27,0,0.000549076110359259,0.000311423474409267,0.000430249792384263,0.12387315706677521,0.12387315706677521,0.12550260966517457,0.15637433478877805,0.15637433478877805,0.1624587553258725,-0.03250117772200284,-0.03250117772200284,-0.03695614566069794
EleutherAI/pythia-2.8b,27,1,-8.386326587128679e-05,0.0016397791584648047,0.000777957946296759,0.08879781701648828,0.08879781701648828,0.34356517617307036,0.15470807696579988,0.15470807696579988,0.3133128323325611,-0.0659102599493116,-0.0659102599493116,0.030252343840509288
EleutherAI/pythia-2.8b,27,2,0.0001977635180856474,0.0007619782695620358,0.0004798708938238416,0.14264615532479955,0.14264615532479955,0.16445106469635723,0.17349946322241586,0.17349946322241586,0.19508136289018838,-0.03085330789761631,-0.03085330789761631,-0.030630298193831146
EleutherAI/pythia-2.8b,27,3,-0.0005745474747786972,-4.085030142597645e-06,-0.0002893162524606474,-0.00956727035071257,-0.00956727035071257,-0.02332689493925328,0.025164531981251608,0.025164531981251608,0.012375471371372864,-0.03473180233196418,-0.03473180233196418,-0.03570236631062614
EleutherAI/pythia-2.8b,27,4,-6.968580831712146e-05,-0.00024341973732777689,-0.00015655277282244917,0.40631376346303427,0.40631376346303427,0.42421842134491794,0.30863201086424663,0.30863201086424663,0.3151966201499196,0.09768175259878764,0.09768175259878764,0.10902180119499832
EleutherAI/pythia-2.8b,27,5,-4.0610005536567684e-05,0.0001819039892962948,7.064699187986356e-05,0.2203200523207362,0.2203200523207362,0.19226501725885228,0.22095164557392996,0.22095164557392996,0.19850668775999955,-0.0006315932531937574,-0.0006315932531937574,-0.006241670501147267
EleutherAI/pythia-2.8b,27,6,-0.00018526813176711343,0.0008234940175935179,0.00031911294291320225,0.3535993145056586,0.3535993145056586,0.3185519583789218,0.28556679661430573,0.28556679661430573,0.28461523812955697,0.0680325178913529,0.0680325178913529,0.03393672024936484
EleutherAI/pythia-2.8b,27,7,0.00012951948511297218,0.0006728284940944462,0.0004011739896037092,0.33522996466219024,0.33522996466219024,0.36230026344388017,0.28126823093461845,0.28126823093461845,0.3115418294698517,0.05396173372757179,0.05396173372757179,0.05075843397402846
EleutherAI/pythia-2.8b,27,8,-0.0023277462936763804,-0.0005834384227361156,-0.001455592358206248,0.552486764453297,0.552486764453297,0.5872799185342483,0.4261408552127422,0.4261408552127422,0.4604731319476147,0.12634590924055483,0.12634590924055483,0.12680678658663364
EleutherAI/pythia-2.8b,27,9,-0.0007898525928888844,0.0007593350147638844,-1.52587890625e-05,0.3395008701617905,0.3395008701617905,0.35082616717180753,0.2783267193297498,0.2783267193297498,0.3020144627425603,0.0611741508320407,0.0611741508320407,0.04881170442924726
EleutherAI/pythia-2.8b,27,10,0.00047530527189953986,0.0018207219641976913,0.0011480136180486156,0.42476970509068,0.42476970509068,0.45467524564763895,0.24051281917901499,0.24051281917901499,0.26182649850831485,0.18425688591166503,0.18425688591166503,0.1928487471393241
EleutherAI/pythia-2.8b,27,11,-0.0016671728900101712,-0.0008763591135578785,-0.0012717660017840249,0.5105521739704587,0.5105521739704587,0.5684222590836124,0.37596769707178335,0.37596769707178335,0.41857593475237165,0.13458447689867536,0.13458447689867536,0.1498463243312408
EleutherAI/pythia-2.8b,27,12,-0.00024173766609258962,0.00019223671259860353,-2.4750476746993044e-05,0.2145471940252128,0.2145471940252128,0.19114455072945352,0.2240584344434145,0.2240584344434145,0.21843475079933922,-0.0095112404182017,-0.0095112404182017,-0.027290200069885695
EleutherAI/pythia-2.8b,27,13,-0.001140924889271755,0.0019334207369587908,0.0003962479238435179,0.431387366864919,0.431387366864919,0.4817698648625025,0.19261513820721957,0.19261513820721957,0.22438136502720712,0.23877222865769945,0.23877222865769945,0.2573884998352954
EleutherAI/pythia-2.8b,27,14,6.175604392222311e-05,0.0006860447680856474,0.00037390040600393526,0.15705520783904925,0.15705520783904925,0.1770067516550714,0.18984588485720566,0.18984588485720566,0.19744836106315233,-0.03279067701815641,-0.03279067701815641,-0.02044160940808093
EleutherAI/pythia-2.8b,27,15,0.00040658064714538256,0.0020225705124263804,0.0012145755797858815,0.20989226168792877,0.20989226168792877,0.23069267179122416,0.20178299857316842,0.20178299857316842,0.201386274069594,0.008109263114760346,0.008109263114760346,0.029306397721630156
EleutherAI/pythia-2.8b,27,16,-0.0006377452940453665,0.0005812757597194462,-2.823476716296014e-05,0.2998981781854725,0.2998981781854725,0.3076219171414314,0.2689360776560822,0.2689360776560822,0.2665415818946623,0.030962100529390302,0.030962100529390302,0.04108033524676907
EleutherAI/pythia-2.8b,27,17,9.876161109723114e-05,0.0016489104023129642,0.0008738360067050976,0.3985877732618434,0.3985877732618434,0.28101210941981286,0.3024388772389288,0.3024388772389288,0.2513307972085887,0.0961488960229146,0.0961488960229146,0.029681312211224165
EleutherAI/pythia-2.8b,27,18,-0.0017933282326527689,-0.0012050838921013884,-0.0014992060623770787,0.39465783974889396,0.39465783974889396,0.4658707211067497,0.29985375165286066,0.29985375165286066,0.35601240074826396,0.0948040880960333,0.0948040880960333,0.10985832035848575
EleutherAI/pythia-2.8b,27,19,0.00034626637856760567,0.0008006659079726752,0.0005734661432701404,0.37078185732182856,0.37078185732182856,0.3815879768085073,0.3482617095237464,0.3482617095237464,0.3601605472317751,0.022520147798082146,0.022520147798082146,0.021427429576732215
EleutherAI/pythia-2.8b,27,20,-0.0004680963951773087,0.00031454732098934457,-7.677453709398208e-05,0.3167203323683486,0.3167203323683486,0.23479571050466225,0.3021819667932805,0.3021819667932805,0.25648903473778606,0.014538365575068102,0.014538365575068102,-0.021693324233123812
EleutherAI/pythia-2.8b,27,21,0.0026261937899851873,0.0022616649237203745,0.002443929356852781,0.3305697393006869,0.3305697393006869,0.3320312598882484,-0.024661123671240768,-0.024661123671240768,-0.004020242404145055,0.3552308629719277,0.3552308629719277,0.33605150229239344
EleutherAI/pythia-2.8b,27,22,-0.0003469872662402729,0.0014239934485726913,0.0005385030911662092,0.2438056829866079,0.2438056829866079,0.23049746694519693,0.27153268707846606,0.27153268707846606,0.2647495491330198,-0.02772700409185816,-0.02772700409185816,-0.03425208218782286
EleutherAI/pythia-2.8b,27,23,-0.0009164885273129642,0.0005762295460138844,-0.00017012949064953986,0.2860167656215379,0.2860167656215379,0.2638497846494858,0.22082043230140455,0.22082043230140455,0.21144210178590225,0.06519633332013333,0.06519633332013333,0.05240768286358352
EleutherAI/pythia-2.8b,27,24,-0.0004349355622541573,-0.00021001860851388443,-0.00032247708538402087,0.3653690057507962,0.3653690057507962,0.41398197194622466,0.29809853323870106,0.29809853323870106,0.33697113762616393,0.06727047251209517,0.06727047251209517,0.07701083432006073
EleutherAI/pythia-2.8b,27,25,0.00035635880597917335,0.00021626630167315142,0.0002863125538261624,0.03476488993644109,0.03476488993644109,0.023318319798284744,0.08746363775400741,0.08746363775400741,0.07394778024935982,-0.05269874781756632,-0.05269874781756632,-0.05062946045107507
EleutherAI/pythia-2.8b,27,26,-0.0003159890963337908,-0.00020184854822824505,-0.0002589188222810179,0.017312372552092125,0.017312372552092125,0.03480271850626321,0.10232353679762002,0.10232353679762002,0.11056926378755652,-0.08501116424552789,-0.08501116424552789,-0.07576654528129331
EleutherAI/pythia-2.8b,27,27,-0.0018702229176921215,-0.0018485962875245399,-0.0018594096026083307,0.3899669975917492,0.3899669975917492,0.3890120656211423,0.23573792533098428,0.23573792533098428,0.24989041315937183,0.1542290722607649,0.1542290722607649,0.1391216524617705
EleutherAI/pythia-2.8b,27,28,-0.0018137533833662012,0.0007792795736958347,-0.0005172369048351833,0.5197679746519083,0.5197679746519083,0.5116859420622314,0.18235554707519433,0.18235554707519433,0.20161685877305596,0.33741242757671397,0.33741242757671397,0.31006908328917543
EleutherAI/pythia-2.8b,27,29,-0.0003090205155023007,0.0005476343350148127,0.00011930690975625602,0.33070261620810193,0.33070261620810193,0.2956399583980833,0.3036251774822561,0.3036251774822561,0.29269084400709655,0.027077438725845837,0.027077438725845837,0.0029491143909867734
EleutherAI/pythia-2.8b,27,30,-0.0001665250522884243,-8.84288877953665e-05,-0.0001274769700418954,0.30473965254460694,0.30473965254460694,0.25148663035565194,0.28957894688173513,0.28957894688173513,0.26032908983431235,0.01516070566287181,0.01516070566287181,-0.008842459478660414
EleutherAI/pythia-2.8b,27,31,0.000116303211121771,0.0011447696235236116,0.0006305364173226913,0.28751950729317566,0.28751950729317566,0.25777316136902917,0.2626328480669825,0.2626328480669825,0.25138383089610017,0.024886659226193153,0.024886659226193153,0.006389330472929
EleutherAI/pythia-2.8b,28,0,-0.000946044921875,-0.00020521269069861958,-0.0005756288062868098,0.394035402274647,0.394035402274647,0.4321045649705024,0.30430066594493654,0.30430066594493654,0.3104026277089171,0.08973473632971046,0.08973473632971046,0.12170193726158535
EleutherAI/pythia-2.8b,28,1,0.0005084661048226913,0.0018560454601379561,0.0011822557824803237,0.38191458605591233,0.38191458605591233,0.4205118133399491,0.21349037388525866,0.21349037388525866,0.21090764678451698,0.16842421217065368,0.16842421217065368,0.2096041665554321
EleutherAI/pythia-2.8b,28,2,0.0004837156280754762,0.0021588182824805457,0.001321266955278011,0.437603733311313,0.437603733311313,0.44944657064527915,0.2049913446762551,0.2049913446762551,0.23092457581657702,0.23261238863505793,0.23261238863505793,0.21852199482870213
EleutherAI/pythia-2.8b,28,3,0.00022491695373982878,0.0003921628937009203,0.00030853992372037453,0.24388561929228178,0.24388561929228178,0.25867301215381716,0.2443920247536335,0.2443920247536335,0.2632124398006851,-0.0005064054613517222,-0.0005064054613517222,-0.004539427646867933
EleutherAI/pythia-2.8b,28,4,3.604438361204387e-05,-0.00024774506336111557,-0.00010585033987453585,0.24063217187811176,0.24063217187811176,0.2133418558336323,0.24364570258680285,0.24364570258680285,0.23047998462348596,-0.0030135307086910923,-0.0030135307086910923,-0.017138128789853657
EleutherAI/pythia-2.8b,28,5,0.00046449195681574906,0.0009366733821356554,0.0007005826694757022,0.23102196218717802,0.23102196218717802,0.2884872764876217,0.23613637000249227,0.23613637000249227,0.27458427447650174,-0.005114407815314248,-0.005114407815314248,0.013903002011119936
EleutherAI/pythia-2.8b,28,6,0.000433493786909267,0.0005075049212597271,0.00047049935408449706,0.29090020644143555,0.29090020644143555,0.40662670335200346,0.2215941071413055,0.2215941071413055,0.2782845066963337,0.06930609930013004,0.06930609930013004,0.12834219665566976
EleutherAI/pythia-2.8b,28,7,0.00030998169906482076,0.0010390394315944462,0.0006745105653296335,0.5046094491994634,0.5046094491994634,0.5629790869802097,0.29538747277445593,0.29538747277445593,0.3132610686664871,0.20922197642500745,0.20922197642500745,0.2497180183137226
EleutherAI/pythia-2.8b,28,8,-0.0006024217981055457,0.00014994463582684858,-0.00022623858113934858,0.20769126330692667,0.20769126330692667,0.21184533150745471,0.22808824182147228,0.22808824182147228,0.20396327539352446,-0.02039697851454561,-0.02039697851454561,0.007882056113930253
EleutherAI/pythia-2.8b,28,9,-0.0004774679349166533,0.00013552688238194222,-0.00017097052626735554,0.16634428014605007,0.16634428014605007,0.2280721309885167,0.19496984884453314,0.19496984884453314,0.23053876491556413,-0.028625568698483067,-0.028625568698483067,-0.0024666339270474347
EleutherAI/pythia-2.8b,28,10,-0.0007775975024606474,0.0003299262579972151,-0.00022383562223171616,0.20298427004833208,0.20298427004833208,0.255987432655048,0.21099859937373375,0.21099859937373375,0.23744090686736846,-0.008014329325401665,-0.008014329325401665,0.018546525787679513
EleutherAI/pythia-2.8b,28,11,0.0022731991264763884,0.0014907957062009203,0.0018819974163386544,0.5898419935812109,0.5898419935812109,0.600805942582571,0.45442955666437307,0.45442955666437307,0.4719033881369492,0.13541243691683785,0.13541243691683785,0.12890255444562182
EleutherAI/pythia-2.8b,28,12,-0.0004431056225393526,-0.0002530315729574184,-0.0003480685977483855,0.29287783347376894,0.29287783347376894,0.2542161926748709,0.2780539908604108,0.2780539908604108,0.24857187159894123,0.014823842613358118,0.014823842613358118,0.005644321075929659
EleutherAI/pythia-2.8b,28,13,0.0002282810962106474,0.0005096675842763965,0.00036897434024352194,0.3045112647829536,0.3045112647829536,0.2511826766965549,0.271876948618533,0.271876948618533,0.2410072887790893,0.032634316164420585,0.032634316164420585,0.010175387917465611
EleutherAI/pythia-2.8b,28,14,4.085030142597645e-06,9.900190698841627e-05,5.1543468565506956e-05,0.30255371224223554,0.30255371224223554,0.288486339750604,0.24614637437549197,0.24614637437549197,0.24972305278488133,0.05640733786674357,0.05640733786674357,0.038763286965722676
EleutherAI/pythia-2.8b,28,15,0.00034242164431574906,0.0004022553211120439,0.00037233848271389647,0.3472613539056976,0.3472613539056976,0.37426767947011996,0.24553349771422645,0.24553349771422645,0.26450409218338294,0.10172785619147118,0.10172785619147118,0.10976358728673702
EleutherAI/pythia-2.8b,28,16,0.0014566736897143606,0.001025823157603245,0.0012412484236588028,0.41294776386263693,0.41294776386263693,0.4494996441626874,0.2822098962793429,0.2822098962793429,0.31626479082932224,0.13073786758329403,0.13073786758329403,0.13323485333336516
EleutherAI/pythia-2.8b,28,17,0.0007151205708657571,0.001659964013287496,0.0011875422920766265,0.4913232581185707,0.4913232581185707,0.5348450366219246,0.2664529811745005,0.2664529811745005,0.2637445711713507,0.2248702769440702,0.2248702769440702,0.2711004654505739
EleutherAI/pythia-2.8b,28,18,0.0008710726039615757,0.00045560100885833066,0.0006633368064099532,0.39290913225033014,0.39290913225033014,0.41961659043790933,0.24391293361355892,0.24391293361355892,0.2609048135340377,0.14899619863677122,0.14899619863677122,0.15871177690387162
EleutherAI/pythia-2.8b,28,19,0.0022914616141731514,0.0026144192913384323,0.002452940452755792,0.6726139779731931,0.6726139779731931,0.6595751515863477,0.19730728303688108,0.19730728303688108,0.20545211051355333,0.47530669493631206,0.47530669493631206,0.4541230410727944
EleutherAI/pythia-2.8b,28,20,-0.0005788728008120358,-8.674681656017924e-05,-0.00033280980868610754,0.5137874104047379,0.5137874104047379,0.5072932927566406,0.39167378173710843,0.39167378173710843,0.4072696385344255,0.12211362866762943,0.12211362866762943,0.1000236542222151
EleutherAI/pythia-2.8b,28,21,-0.0001927173043800856,-0.00040658064714582665,-0.0002996489757629561,0.29371110872361395,0.29371110872361395,0.3520259645362947,0.24321188048896855,0.24321188048896855,0.2949375750344922,0.050499228234645394,0.050499228234645394,0.057088389501802506
EleutherAI/pythia-2.8b,28,22,0.00020329032357269128,0.0009047140286662092,0.0005540021761194502,0.31190203248853704,0.31190203248853704,0.5030590994974737,0.27728377204459687,0.27728377204459687,0.40421336578944245,0.034618260443940174,0.034618260443940174,0.09884573370803129
EleutherAI/pythia-2.8b,28,23,-0.0003135861374263804,0.00047458438422731675,8.049912340046816e-05,0.46589754186753835,0.46589754186753835,0.44705238986736595,0.3555777892194146,0.3555777892194146,0.362502612514052,0.11031975264812377,0.11031975264812377,0.08454977735331393
EleutherAI/pythia-2.8b,28,24,0.00045632189653055377,0.0008023479792078625,0.0006293349378692081,0.38371356268788537,0.38371356268788537,0.41860967276832123,0.21253979266203163,0.21253979266203163,0.2530779948358575,0.17117377002585374,0.17117377002585374,0.1655316779324637
EleutherAI/pythia-2.8b,28,25,-0.0007552499846212868,-0.0005101481760578785,-0.0006326990803395827,0.21709602986099372,0.21709602986099372,0.26742176107981375,0.2289811453407533,0.2289811453407533,0.24866715122822788,-0.011885115479759595,-0.011885115479759595,0.018754609851585863
EleutherAI/pythia-2.8b,28,26,-0.00010404812069397806,0.00016820712352361156,3.207950141481675e-05,0.25959666897246614,0.25959666897246614,0.28335276836421186,0.19908326359683898,0.19908326359683898,0.23301589861134064,0.06051340537562716,0.06051340537562716,0.050336869752871216
EleutherAI/pythia-2.8b,28,27,-1.4898345226388443e-05,5.5748646653697165e-05,2.042515071365436e-05,0.08829062626705399,0.08829062626705399,0.05677889008270594,0.13413541548543587,0.13413541548543587,0.12672924482704123,-0.04584478921838188,-0.04584478921838188,-0.0699503547443353
EleutherAI/pythia-2.8b,28,28,0.0016097421721208427,0.0022131251537893526,0.0019114336629550976,0.6656194369735798,0.6656194369735798,0.7079625581563995,0.2271047068800755,0.2271047068800755,0.24425652087847546,0.43851473009350433,0.43851473009350433,0.46370603727792403
EleutherAI/pythia-2.8b,28,29,-0.0004234013594981434,0.0012281522976134163,0.00040237546905763644,0.44625241977001057,0.44625241977001057,0.49995571015158674,0.32887186359991794,0.32887186359991794,0.34501463940344146,0.11738055617009263,0.11738055617009263,0.15494107074814528
EleutherAI/pythia-2.8b,28,30,-0.0003260815237453585,0.0006363035187009203,0.0001551109974777809,0.3509077135817436,0.3509077135817436,0.3888474932827745,0.290249767667876,0.290249767667876,0.3214774764148323,0.060657945913867584,0.060657945913867584,0.0673700168679422
EleutherAI/pythia-2.8b,28,31,-0.000793216735359259,-3.9408526082418405e-05,-0.0004163126307208387,0.17779023674729327,0.17779023674729327,0.24891417777617308,0.17342180338597923,0.17342180338597923,0.22324565460264675,0.004368433361314039,0.004368433361314039,0.02566852317352633
EleutherAI/pythia-2.8b,29,0,-0.0011666365495819342,0.0002948430579476913,-0.00043589674581712146,0.43125171035345056,0.43125171035345056,0.47212242356083267,0.27867319209815644,0.27867319209815644,0.3020323741028121,0.15257851825529412,0.15257851825529412,0.1700900494580206
EleutherAI/pythia-2.8b,29,1,5.3585983636583734e-05,0.00011197788508843232,8.278193436250803e-05,0.27423023860270507,0.27423023860270507,0.26045541786112963,0.2710909355736025,0.2710909355736025,0.2592826244126278,0.0031393030291025914,0.0031393030291025914,0.001172793448501852
EleutherAI/pythia-2.8b,29,2,-0.0002773014579235955,0.0002352496770425816,-2.1025890440506956e-05,0.17497435006303416,0.17497435006303416,0.0282061473020791,0.17961630782206017,0.17961630782206017,0.06786673639925446,-0.004641957759026011,-0.004641957759026011,-0.03966058909717536
EleutherAI/pythia-2.8b,29,3,-0.00024269884965555377,-0.00018983375369074906,-0.00021626630167315142,0.23622296909795606,0.23622296909795606,0.23554533266196884,0.2182902305091985,0.2182902305091985,0.22034018423684082,0.017932738588757574,0.017932738588757574,0.015205148425128018
EleutherAI/pythia-2.8b,29,4,-1.3216273991201177e-05,0.00017709807148147405,8.194089874513644e-05,0.30651864209411595,0.30651864209411595,0.3482303779437804,0.2286794554182725,0.2286794554182725,0.24419045562717656,0.07783918667584344,0.07783918667584344,0.10403992231660386
EleutherAI/pythia-2.8b,29,5,-0.000543068713090733,8.626622477869716e-05,-0.00022840124415601792,0.24615200528709408,0.24615200528709408,0.24250472064803366,0.24767285524406785,0.24767285524406785,0.2449476373356386,-0.0015208499569737688,-0.0015208499569737688,-0.0024429166876049346
EleutherAI/pythia-2.8b,29,6,-0.0002811461921754521,-0.00042195958415369716,-0.00035155288816457464,0.22939696327810588,0.22939696327810588,0.24629042136313914,0.1959899409685532,0.1959899409685532,0.19959734822783398,0.03340702230955267,0.03340702230955267,0.04669307313530516
EleutherAI/pythia-2.8b,29,7,-0.00047218142531990637,-0.000225637841412496,-0.0003489096333662012,0.3327159038870334,0.3327159038870334,0.3299362334780707,0.2544818240442431,0.2544818240442431,0.2614620602438006,0.07823407984279035,0.07823407984279035,0.06847417323427013
EleutherAI/pythia-2.8b,29,8,0.0016642893393208347,0.00227584238127454,0.0019700658602976873,0.6203815169719603,0.6203815169719603,0.6524123584879523,0.2033936577986007,0.2033936577986007,0.2239830984054198,0.4169878591733596,0.4169878591733596,0.4284292600825325
EleutherAI/pythia-2.8b,29,9,-0.000683641809178237,-0.0005630132720226833,-0.0006233275406004601,0.19951556255048808,0.19951556255048808,0.1689216768914797,0.18699542375630912,0.18699542375630912,0.16122487027200985,0.012520138794178959,0.012520138794178959,0.007696806619469837
EleutherAI/pythia-2.8b,29,10,-0.0007526067298231354,-0.00011774498646666132,-0.00043517585814489834,0.41571424541229934,0.41571424541229934,0.4167099359877778,0.3799903041802113,0.3799903041802113,0.39108821208857425,0.03572394123208805,0.03572394123208805,0.02562172389920353
EleutherAI/pythia-2.8b,29,11,0.0018272099532476993,0.0022679126168800856,0.0020475612850638925,0.3956903025889299,0.3956903025889299,0.43487050589388443,0.3057665786785782,0.3057665786785782,0.34278561400116286,0.0899237239103517,0.0899237239103517,0.09208489189272157
EleutherAI/pythia-2.8b,29,12,-0.0003618856114666613,0.002245805394931022,0.0009419598917321803,0.5505239592555623,0.5505239592555623,0.6390953674210643,0.09691947979262756,0.09691947979262756,0.15023737173553345,0.45360447946293475,0.45360447946293475,0.4888579956855309
EleutherAI/pythia-2.8b,29,13,-0.0007064699187995238,0.0005656565268208347,-7.040669598934457e-05,0.41009701714066016,0.41009701714066016,0.44556769283817416,0.27016013590537113,0.27016013590537113,0.29856905786538673,0.13993688123528902,0.13993688123528902,0.14699863497278742
EleutherAI/pythia-2.8b,29,14,-0.00044166384719490637,1.874307947824505e-05,-0.00021146038385833066,0.3266858591649863,0.3266858591649863,0.37810449603020113,0.29463914112510986,0.29463914112510986,0.33497007059824097,0.032046718039876465,0.032046718039876465,0.043134425431960166
EleutherAI/pythia-2.8b,29,15,-0.00010981522207220706,0.00034506489911434457,0.00011762483852106875,0.2871593468041742,0.2871593468041742,0.3232035981424124,0.2793557513637348,0.2793557513637348,0.2986117619434928,0.007803595440439404,0.007803595440439404,0.02459183619891958
EleutherAI/pythia-2.8b,29,16,-0.001195712352362488,-0.0001348059947097191,-0.0006652591735361035,0.25932864748043843,0.25932864748043843,0.28204812224271514,0.19114916668646817,0.19114916668646817,0.20729290960362748,0.06817948079397027,0.06817948079397027,0.07475521263908766
EleutherAI/pythia-2.8b,29,17,-0.0006992610420768486,-0.0004743440883365757,-0.0005868025652067121,0.1202614158145825,0.1202614158145825,0.1406681215392142,0.1723787649968725,0.1723787649968725,0.1982082115911163,-0.052117349182289996,-0.052117349182289996,-0.05754009005190208
EleutherAI/pythia-2.8b,29,18,0.00012062853715555377,-4.325326033338683e-06,5.8151605561107544e-05,0.3200460856260716,0.3200460856260716,0.29544373089083104,0.3438882531054762,0.3438882531054762,0.3355450135685478,-0.023842167479404597,-0.023842167479404597,-0.04010128267771679
EleutherAI/pythia-2.8b,29,19,-0.0006487989050198983,0.0004349355622541573,-0.00010693167138287052,0.24168428733512642,0.24168428733512642,0.24158850892119138,0.173679823526005,0.173679823526005,0.18276840328489227,0.06800446380912142,0.06800446380912142,0.05882010563629911
EleutherAI/pythia-2.8b,29,20,-0.0007064699187995238,-0.00015330877829722311,-0.00042988934854837346,0.33747331080720205,0.33747331080720205,0.4198108580488002,0.2849671401581031,0.2849671401581031,0.34031295736684664,0.05250617064909896,0.05250617064909896,0.07949790068195356
EleutherAI/pythia-2.8b,29,21,-0.0006298155296509123,-0.00035707969365139647,-0.0004934476116511544,0.06339414525333593,0.06339414525333593,0.0741220333251428,0.13304461657763947,0.13304461657763947,0.15261303392533299,-0.06965047132430353,-0.06965047132430353,-0.07849100060019018
EleutherAI/pythia-2.8b,29,22,-0.0002938818743851712,0.0002917192113680578,-1.0813315085567154e-06,0.3404004001656255,0.3404004001656255,0.4382651689824858,0.28564997825784716,0.28564997825784716,0.36595485476723383,0.054750421907778346,0.054750421907778346,0.07231031421525197
EleutherAI/pythia-2.8b,29,23,-0.0009496493602365597,-5.430687130880685e-05,-0.0005019781157726833,0.4201121766069079,0.4201121766069079,0.42028487895253075,0.31767936844278477,0.31767936844278477,0.2986302454028503,0.10243280816412315,0.10243280816412315,0.12165463354968042
EleutherAI/pythia-2.8b,29,24,-0.0009777639794537052,-9.251391793796415e-05,-0.0005351389486958347,0.29326895457962016,0.29326895457962016,0.2215176166962317,0.22372564870863787,0.22372564870863787,0.19319232869157607,0.06954330587098229,0.06954330587098229,0.02832528800465564
EleutherAI/pythia-2.8b,29,25,-0.00046208899790878277,2.4029589074103797e-06,-0.0002298430195006862,0.22382224218311605,0.22382224218311605,0.20482559589362695,0.2599061758069407,0.2599061758069407,0.24820013432407437,-0.03608393362382464,-0.03608393362382464,-0.04337453843044742
EleutherAI/pythia-2.8b,29,26,-0.00024197796198333066,0.00012303149606296415,-5.947323296018325e-05,0.1566468998305884,0.1566468998305884,0.12072079073430818,0.12567901557299396,0.12567901557299396,0.09507426091261365,0.030967884257594447,0.030967884257594447,0.025646529821694533
EleutherAI/pythia-2.8b,29,27,-0.0013951579416833226,-0.00034362312376945425,-0.0008693905327263884,0.45177473692250547,0.45177473692250547,0.2942238255262513,0.3979062391339303,0.3979062391339303,0.3071576192552652,0.053868497788575165,0.053868497788575165,-0.012933793729013876
EleutherAI/pythia-2.8b,29,28,-0.0009756013164370358,-0.0006439929872046335,-0.0008097971518208347,0.08577160899122013,0.08577160899122013,0.03412888017420107,0.05800549409549537,0.05800549409549537,0.025946254413258617,0.02776611489572476,0.02776611489572476,0.008182625760942454
EleutherAI/pythia-2.8b,29,29,-0.000744436669537496,0.0008335864450050856,4.457488773379481e-05,0.4014833885125702,0.4014833885125702,0.34081943506915974,0.2935633224869674,0.2935633224869674,0.29106381591358743,0.10792006602560278,0.10792006602560278,0.049755619155572306
EleutherAI/pythia-2.8b,29,30,-0.0004647322527069342,-0.0001819039892962948,-0.0003233181210016145,0.34314599440343824,0.34314599440343824,0.4276359809276424,0.30746663335036833,0.30746663335036833,0.37657253687399406,0.0356793610530699,0.0356793610530699,0.05106344405364832
EleutherAI/pythia-2.8b,29,31,-0.0002669687346212868,-1.1534202756013912e-05,-0.00013925146868865035,0.2226504109878912,0.2226504109878912,0.24802473179618226,0.2414481365257412,0.2414481365257412,0.2644136404925009,-0.018797725537850002,-0.018797725537850002,-0.01638890869631862
EleutherAI/pythia-2.8b,30,0,-0.0008732352669786891,-0.0009806475301425976,-0.0009269413985606434,0.14108446399065155,0.14108446399065155,0.17588475847367674,0.24648521684758906,0.24648521684758906,0.28034894230862073,-0.10540075285693751,-0.10540075285693751,-0.10446418383494399
EleutherAI/pythia-2.8b,30,1,-0.0003268024114175816,0.0001684474194143526,-7.91774960016145e-05,0.4162477274932117,0.4162477274932117,0.38464242910386537,0.1350974673530399,0.1350974673530399,0.1277454868333992,0.2811502601401718,0.2811502601401718,0.25689694227046617
EleutherAI/pythia-2.8b,30,2,-0.0008710726039615757,-0.00042388195127962547,-0.0006474772776206006,0.34466229333901444,0.34466229333901444,0.3957512175199633,0.3239831802992718,0.3239831802992718,0.35528806137363217,0.020679113039742625,0.020679113039742625,0.040463156146331114
EleutherAI/pythia-2.8b,30,3,-0.00011630321112221509,0.0003611647237944382,0.00012243075633611156,0.564772033681482,0.564772033681482,0.5899609384137503,0.5369715496137332,0.5369715496137332,0.5477188548108578,0.02780048406774882,0.02780048406774882,0.0422420836028925
EleutherAI/pythia-2.8b,30,4,-0.0003835122416342429,-0.0006790761872537132,-0.0005312942144439781,0.4765743882124364,0.4765743882124364,0.5084956597798937,0.2285090056198184,0.2285090056198184,0.2509274197588431,0.248065382592618,0.248065382592618,0.25756824002105067
EleutherAI/pythia-2.8b,30,5,0.0032930148868106635,0.0030964528481791653,0.0031947338674949144,0.4794552863254359,0.4794552863254359,0.5191774452694832,0.3841278094453639,0.3841278094453639,0.4001268087556994,0.09532747688007198,0.09532747688007198,0.11905063651378378
EleutherAI/pythia-2.8b,30,6,-0.0005880040446606394,-0.00025279127706667737,-0.0004203976608636584,0.16491779502607498,0.16491779502607498,0.18709472203624686,0.19492072931413573,0.19492072931413573,0.23003898518651222,-0.03000293428806075,-0.03000293428806075,-0.042944263150265366
EleutherAI/pythia-2.8b,30,7,-0.0007948988065944462,-2.354899729306581e-05,-0.000409223901943756,0.4235834027870939,0.4235834027870939,0.4363363654628403,0.31874876332290764,0.31874876332290764,0.3166251697892411,0.10483463946418625,0.10483463946418625,0.11971119567359922
EleutherAI/pythia-2.8b,30,8,-0.0005041407787893526,3.6044383611155695e-06,-0.0002502681702141185,0.13738137626578678,0.13738137626578678,0.10282957376522442,0.181695131223442,0.181695131223442,0.1645872836361977,-0.044313754957655216,-0.044313754957655216,-0.06175770987097329
EleutherAI/pythia-2.8b,30,9,-0.0003008504552166613,9.563776451759765e-05,-0.00010260634534953184,0.41223838609631847,0.41223838609631847,0.46269927387413734,0.29194473133403126,0.29194473133403126,0.3301390149146834,0.1202936547622872,0.1202936547622872,0.13256025895945395
EleutherAI/pythia-2.8b,30,10,-1.2495386318978063e-05,1.057301919304976e-05,-9.611835629641519e-07,0.2430420986152917,0.2430420986152917,0.2889861209003869,0.23607958876787447,0.23607958876787447,0.28792677419704077,0.006962509847417225,0.006962509847417225,0.0010593467033461201
EleutherAI/pythia-2.8b,30,11,0.00030085045521621723,0.0016186331200787052,0.0009597417876474612,0.42281803125528616,0.42281803125528616,0.44180066854901306,0.17337028008440988,0.17337028008440988,0.2028541830011811,0.24944775117087628,0.24944775117087628,0.23894648554783196
EleutherAI/pythia-2.8b,30,12,9.179303026574104e-05,0.00023164523868102194,0.0001617191344733815,0.2655053382685707,0.2655053382685707,0.2944738054576428,0.22824729281750133,0.22824729281750133,0.25597780124775854,0.037258045451069366,0.037258045451069366,0.03849600420988425
EleutherAI/pythia-2.8b,30,13,-0.000390240526574992,-0.0002619225209152809,-0.00032608152374513644,0.14650625442840864,0.14650625442840864,0.16026502249345895,0.22756420906975428,0.22756420906975428,0.24928568138897045,-0.08105795464134563,-0.08105795464134563,-0.0890206588955115
EleutherAI/pythia-2.8b,30,14,-0.0007848063791833226,-3.6044383611155695e-06,-0.0003942054087722191,0.25574717865649693,0.25574717865649693,0.2166068385298436,0.25379552147289297,0.25379552147289297,0.24080513791315572,0.001951657183603961,0.001951657183603961,-0.02419829938331211
EleutherAI/pythia-2.8b,30,15,-0.0007317009873277769,-9.611835630085608e-06,-0.00037065641147893125,0.4420255031535437,0.4420255031535437,0.4503919328457285,0.37565186576090415,0.37565186576090415,0.3833708570899063,0.06637363739263957,0.06637363739263957,0.06702107575582217
EleutherAI/pythia-2.8b,30,16,-0.00010452871247546014,-0.0004551204170768486,-0.00027982456477615436,0.5816489069481119,0.5816489069481119,0.5859649081215633,0.28575052111471194,0.28575052111471194,0.2988931199771666,0.29589838583339995,0.29589838583339995,0.2870717881443967
EleutherAI/pythia-2.8b,30,17,-0.00040730153481804976,0.0002801850086120439,-6.355826310300294e-05,0.282144650061822,0.282144650061822,0.3044487874411806,0.28821786402736543,0.28821786402736543,0.3030677819662286,-0.006073213965543445,-0.006073213965543445,0.0013810054749520129
EleutherAI/pythia-2.8b,30,18,0.0007884108175439941,0.001537413109006014,0.001162911963275004,0.7276230519333765,0.7276230519333765,0.7417751021518103,0.3948214396582121,0.3948214396582121,0.43371111274073904,0.3328016122751644,0.3328016122751644,0.30806398941107127
EleutherAI/pythia-2.8b,30,19,-0.0001328836275837908,0.00038038839505416533,0.00012375238373518727,0.3299456448302315,0.3299456448302315,0.4010794261327349,0.2777089108443811,0.2777089108443811,0.3068277000975429,0.05223673398585038,0.05223673398585038,0.094251726035192
EleutherAI/pythia-2.8b,30,20,-1.0813315083790798e-05,0.00020809624138795613,9.864146315208266e-05,0.5433588200344597,0.5433588200344597,0.5700356638503655,0.3001690606735155,0.3001690606735155,0.3248381954933114,0.24318975936094417,0.24318975936094417,0.24519746835705414
EleutherAI/pythia-2.8b,30,21,-0.0005598894254430498,0.0001348059947097191,-0.00021254171536666533,0.2016047943217487,0.2016047943217487,0.22514824247607218,0.2471597666283925,0.2471597666283925,0.26625135708251235,-0.04555497230664382,-0.04555497230664382,-0.04110311460644017
EleutherAI/pythia-2.8b,30,22,-0.0003657303457185179,4.085030142730872e-05,-0.0001624400221456046,0.2542402949577482,0.2542402949577482,0.2643755365954176,0.2701312465849743,0.2701312465849743,0.2544196814490347,-0.01589095162722609,-0.01589095162722609,0.00995585514638292
EleutherAI/pythia-2.8b,30,23,-0.0002657672551675816,0.00020449180302639647,-3.0637726070592564e-05,0.23704658374057774,0.23704658374057774,0.2738244877280837,0.2506249524318608,0.2506249524318608,0.2760774318020271,-0.013578368691283038,-0.013578368691283038,-0.002252944073943386
EleutherAI/pythia-2.8b,30,24,-0.000445268285556466,-0.0001819039892962948,-0.0003135861374263804,0.25487811345057054,0.25487811345057054,0.2564099619310817,0.21266719868143394,0.21266719868143394,0.23476637954946372,0.042210914769136604,0.042210914769136604,0.021643582381617954
EleutherAI/pythia-2.8b,30,25,-0.00017445481668332263,-0.00012303149606296415,-0.0001487431563731434,0.43662808193126573,0.43662808193126573,0.4202034024426935,0.3306282734668092,0.3306282734668092,0.3283853399422099,0.10599980846445656,0.10599980846445656,0.09181806250048358
EleutherAI/pythia-2.8b,30,26,-0.0006165992556597111,-0.0001576341043305618,-0.00038711667999513644,0.3830091881889066,0.3830091881889066,0.46971954881310085,0.35566272082375266,0.35566272082375266,0.4357139584963249,0.027346467365153948,0.027346467365153948,0.03400559031677597
EleutherAI/pythia-2.8b,30,27,-0.0011368398591291573,-0.00046256958968982076,-0.000799704724409489,0.38128682397786445,0.38128682397786445,0.4136748721877995,0.2876940597489691,0.2876940597489691,0.31219177953477173,0.09359276422889534,0.09359276422889534,0.1014830926530278
EleutherAI/pythia-2.8b,30,28,-0.00045752337598425896,-0.0003431425319879722,-0.00040033295398611557,0.2991449595784852,0.2991449595784852,0.2997299277848806,0.2663875213090293,0.2663875213090293,0.27250114334783376,0.032757438269455874,0.032757438269455874,0.02722878443704685
EleutherAI/pythia-2.8b,30,29,-0.0002294825756643526,0.0002193901482527849,-5.046213705783842e-06,0.4652820210842613,0.4652820210842613,0.4740054396918495,0.32040586599596355,0.32040586599596355,0.33046178588527997,0.14487615508829776,0.14487615508829776,0.14354365380656953
EleutherAI/pythia-2.8b,30,30,-0.00010068397822360353,0.0002525509811763804,7.593350147638844e-05,0.23466293016435508,0.23466293016435508,0.26830064263723347,0.2649360799874409,0.2649360799874409,0.2689791832694498,-0.03027314982308582,-0.03027314982308582,-0.0006785406322163401
EleutherAI/pythia-2.8b,30,31,-0.0012661190483513884,-0.0007107952448324184,-0.0009884571465919034,0.24300806476655254,0.24300806476655254,0.21937632985204047,0.19653239752542467,0.19653239752542467,0.17666780285516526,0.046475667241127866,0.046475667241127866,0.04270852699687522
EleutherAI/pythia-2.8b,31,0,-0.000494048351378229,-0.0006175604392222311,-0.0005558043953002301,0.2985701085510379,0.2985701085510379,0.30082436220321873,0.1849351456417849,0.1849351456417849,0.18600006246314646,0.11363496290925298,0.11363496290925298,0.11482429974007227
EleutherAI/pythia-2.8b,31,1,0.0002020888441189861,1.2495386318978063e-05,0.00010729211521898208,0.19145749167319262,0.19145749167319262,0.25032245339036135,0.20868008704240656,0.20868008704240656,0.25876487417695454,-0.017222595369213944,-0.017222595369213944,-0.008442420786593186
EleutherAI/pythia-2.8b,31,2,-0.0004322923074560059,1.4417753444906367e-05,-0.00020893727700554976,0.2803571582466584,0.2803571582466584,0.2644839872976578,0.24428567675045984,0.24428567675045984,0.247234173326646,0.03607148149619857,0.03607148149619857,0.01724981397101183
EleutherAI/pythia-2.8b,31,3,0.00030685785248518727,6.127545214074104e-05,0.00018406665231296415,0.08701706025542481,0.08701706025542481,0.06187931944486722,0.12525153209603596,0.12525153209603596,0.11230684534727552,-0.03823447184061114,-0.03823447184061114,-0.050427525902408295
EleutherAI/pythia-2.8b,31,4,-0.00010693167138287052,-0.0001360074741634243,-0.0001214695727731474,0.33080540470556064,0.33080540470556064,0.24965166815961604,0.23739286064140272,0.23739286064140272,0.20589989081466006,0.09341254406415792,0.09341254406415792,0.04375177734495597
EleutherAI/pythia-2.8b,31,5,-0.0001468207892472151,-5.7911309670366506e-05,-0.0001023660494587908,0.18503321893052727,0.18503321893052727,0.1689227224928048,0.1807842540384111,0.1807842540384111,0.16184628711035176,0.004248964892116153,0.004248964892116153,0.0070764353824530335
EleutherAI/pythia-2.8b,31,6,-0.00042508343073333066,-0.00020112766055602194,-0.0003131055456446763,0.08658208711456987,0.08658208711456987,0.060579368433576114,0.13581013831973035,0.13581013831973035,0.12235731028068392,-0.04922805120516048,-0.04922805120516048,-0.0617779418471078
EleutherAI/pythia-2.8b,31,7,-0.00010693167138287052,-0.00015354907418796415,-0.00013024037278541734,0.09876498301159467,0.09876498301159467,0.13175691598821937,0.16143612456038517,0.16143612456038517,0.18955200461947352,-0.0626711415487905,-0.0626711415487905,-0.057795088631254155
EleutherAI/pythia-2.8b,31,8,0.0007588544229819583,0.00043829970472453184,0.000598577063853245,0.07176680925491333,0.07176680925491333,0.04958248606285684,0.08729953681777117,0.08729953681777117,0.07204347607311531,-0.01553272756285784,-0.01553272756285784,-0.022460990010258475
EleutherAI/pythia-2.8b,31,9,-7.449172613194222e-05,-3.8447342518566074e-06,-3.916823019189941e-05,0.4268092055148315,0.4268092055148315,0.4548028564837295,0.265705757618488,0.265705757618488,0.27552600565035046,0.16110344789634345,0.16110344789634345,0.17927685083337902
EleutherAI/pythia-2.8b,31,10,-0.0013223482867865677,-0.000769427442175008,-0.0010458878644807879,0.2640628934430119,0.2640628934430119,0.23626212016762563,0.20216008790353365,0.20216008790353365,0.1807654177167464,0.06190280553947827,0.06190280553947827,0.05549670245087923
EleutherAI/pythia-2.8b,31,11,0.00014730138102825308,0.00022972287155509363,0.00018851212629167335,0.08004373873666819,0.08004373873666819,0.11066586315065774,0.15894078626104416,0.15894078626104416,0.17397896767710422,-0.07889704752437597,-0.07889704752437597,-0.06331310452644648
EleutherAI/pythia-2.8b,31,12,-0.0008328655573328625,-0.0004620889979083387,-0.0006474772776206006,0.2784318336323377,0.2784318336323377,0.28466548242732376,0.2431475496817321,0.2431475496817321,0.25209426162860776,0.035284283950605594,0.035284283950605594,0.032571220798715994
EleutherAI/pythia-2.8b,31,13,0.0004974124938481594,0.0003936046690453665,0.000445508581446763,0.23952950560419595,0.23952950560419595,0.19614144583214302,0.21283455736662776,0.21283455736662776,0.19849542104700518,0.026694948237568183,0.026694948237568183,-0.002353975214862164
EleutherAI/pythia-2.8b,31,14,-0.0005288912555365677,0.0005240853377213028,-2.4029589076324243e-06,0.4645959649097223,0.4645959649097223,0.4758308028619725,0.4266488527335055,0.4266488527335055,0.43595018079458253,0.037947112176216824,0.037947112176216824,0.03988062206738996
EleutherAI/pythia-2.8b,31,15,-0.00015619232898655966,5.310539185554575e-05,-5.1543468565506956e-05,0.20467907254242337,0.20467907254242337,0.20140332635246272,0.2010907612277427,0.2010907612277427,0.21257799908596284,0.003588311314680681,0.003588311314680681,-0.011174672733500118
EleutherAI/pythia-2.8b,31,16,-0.004010057824803237,-0.003828153835506942,-0.00391910583015509,0.8283537776671409,0.8283537776671409,0.8292886009953153,0.8511979932031469,0.8511979932031469,0.8607315765107124,-0.02284421553600602,-0.02284421553600602,-0.0314429755153971
EleutherAI/pythia-2.8b,31,17,0.0006089097871555538,3.964882197360353e-05,0.00032427930456457865,0.22486254243221096,0.22486254243221096,0.23024743000155737,0.20395999817034188,0.20395999817034188,0.1996642654196298,0.020902544261869077,0.020902544261869077,0.030583164581927558
EleutherAI/pythia-2.8b,31,18,-0.0013742521991879642,-0.0011096864234745318,-0.001241969311331248,0.006137306551165496,0.006137306551165496,-0.0006704227530829979,0.06781069300577351,0.06781069300577351,0.061451460948579034,-0.061673386454608015,-0.061673386454608015,-0.06212188370166203
EleutherAI/pythia-2.8b,31,19,-0.0001881516824560059,0.00010548989603842429,-4.13308932087908e-05,0.21335640352047477,0.21335640352047477,0.2522562806229262,0.1994212812841483,0.1994212812841483,0.23460191512502682,0.01393512223632648,0.01393512223632648,0.017654365497899394
EleutherAI/pythia-2.8b,31,20,0.005473940391239829,0.003911055917814821,0.004692498154527325,0.8832848566606288,0.8832848566606288,0.8789143233420694,0.7000553330927207,0.7000553330927207,0.7153614034516899,0.18322952356790811,0.18322952356790811,0.16355291989037957
EleutherAI/pythia-2.8b,31,21,5.286509596302835e-06,0.00012183001660925896,6.35582631027809e-05,0.20938578825905999,0.20938578825905999,0.22191176785337902,0.21383686834116805,0.21383686834116805,0.24424375020389133,-0.0044510800821080665,-0.0044510800821080665,-0.022331982350512314
EleutherAI/pythia-2.8b,31,22,-0.000378225732037496,-0.0007848063791828785,-0.0005815160556101873,0.14466571222029384,0.14466571222029384,0.16377901058852762,0.1925346642809333,0.1925346642809333,0.21039998776151655,-0.04786895206063946,-0.04786895206063946,-0.04662097717298894
EleutherAI/pythia-2.8b,31,23,-9.948249876989834e-05,0.00036837360051666934,0.0001344455508733855,0.169147654957087,0.169147654957087,0.17369141874720176,0.1980294186221603,0.1980294186221603,0.20378886910609476,-0.028881763665073307,-0.028881763665073307,-0.030097450358892996
EleutherAI/pythia-2.8b,31,24,-0.0006194828063486035,7.545290969490637e-05,-0.0002720149483268486,0.16322669268906542,0.16322669268906542,0.21337205131729745,0.19268110304265101,0.19268110304265101,0.21946056395196373,-0.02945441035358559,-0.02945441035358559,-0.006088512634666282
EleutherAI/pythia-2.8b,31,25,-4.253237266249599e-05,-0.0007225697434791734,-0.00038255105807083467,0.2613174766150932,0.2613174766150932,0.2637055607908593,0.2257248277303377,0.2257248277303377,0.22029391229087977,0.035592648884755496,0.035592648884755496,0.0434116484999795
EleutherAI/pythia-2.8b,31,26,-0.00013240303580230872,-0.0001799816221703665,-0.00015619232898633761,0.20350040602645675,0.20350040602645675,0.2581982982900427,0.2106378856446758,0.2106378856446758,0.248926419327326,-0.007137479618219061,-0.007137479618219061,0.009271878962716695
EleutherAI/pythia-2.8b,31,27,-7.232906311527287e-05,-0.00023284671813472713,-0.000152587890625,0.058131036425105614,0.058131036425105614,0.10061432950957029,0.10635299552355686,0.10635299552355686,0.15257272831682914,-0.04822195909845124,-0.04822195909845124,-0.051958398807258846
EleutherAI/pythia-2.8b,31,28,-0.00012831800565971108,-0.00018550842765741038,-0.00015691321665856073,0.20720219594626074,0.20720219594626074,0.1908134047187778,0.1913773654738299,0.1913773654738299,0.1888944773095732,0.01582483047243083,0.01582483047243083,0.0019189274092046016
EleutherAI/pythia-2.8b,31,29,0.0008561742587351873,0.0003318486251231434,0.0005940114419291653,0.1831980886119161,0.1831980886119161,0.18886313191888968,0.15182242905102808,0.15182242905102808,0.17088342602450549,0.03137565956088803,0.03137565956088803,0.01797970589438419
EleutherAI/pythia-2.8b,31,30,-0.0009306659848671295,-0.0003078190360481514,-0.0006192425104576404,0.333145144822161,0.333145144822161,0.3469982313628385,0.27412456790429,0.27412456790429,0.26342237980274047,0.05902057691787099,0.05902057691787099,0.08357585156009806
EleutherAI/pythia-2.8b,31,31,-0.00020184854822868914,-0.00034097986897130284,-0.000271414208599996,0.27359868512619673,0.27359868512619673,0.3239057035416892,0.24916789845429851,0.24916789845429851,0.2820644118653616,0.024430786671898214,0.024430786671898214,0.04184129167632761
