model,layer,head,delta_half_a,delta_half_b,delta_pooled,cos_self_half_a,cos_self,cos_self_half_b,cos_null_half_a,cos_null,cos_null_half_b,excess_half_a,excess,excess_half_b
gpt2,0,0,0.008705439530019454,0.007004625215305538,0.007855032372662496,0.5262736990293386,0.5262736990293386,0.5361260559203817,0.5359369784345717,0.5359369784345717,0.5424409701507024,-0.009663279405233038,-0.009663279405233038,-0.006314914230320712
gpt2,0,1,0.20396267147514724,0.1843636580339565,0.19416316475455186,0.9955912432963336,0.9955912432963336,0.9949695014424152,0.23344876464903644,0.23344876464903644,0.2246345047955523,0.7621424786472972,0.7621424786472972,0.7703349966468629
gpt2,0,2,0.004240261288139813,0.0018997793122537132,0.003070020300196763,0.5497704068931574,0.5497704068931574,0.5529261061769553,0.4963465951634034,0.4963465951634034,0.4900170360607879,0.05342381172975397,0.05342381172975397,0.06290907011616736
gpt2,0,3,0.08861824095718518,0.07772082231176203,0.0831695316344736,0.9796465362919913,0.9796465362919913,0.9709566375366724,0.38274415835410447,0.38274415835410447,0.37099416424563125,0.5969023779378868,0.5969023779378868,0.5999624732910411
gpt2,0,4,0.008659783310777769,0.016658512626107402,0.012659147968442586,0.8679202508685953,0.8679202508685953,0.8610642229976107,0.23864903888055838,0.23864903888055838,0.21986811390418168,0.6292712119880368,0.6292712119880368,0.641196109093429
gpt2,0,5,0.47598290631151574,0.43387970210998983,0.4549313042107528,0.9691275340013616,0.9691275340013616,0.9715435733710687,0.39193735412058817,0.39193735412058817,0.38402267763262005,0.5771901798807735,0.5771901798807735,0.5875208957384486
gpt2,0,6,-8.122001107313537e-05,0.0025728481022389005,0.0012458140455828826,0.24122950089877945,0.24122950089877945,0.23864392783053565,0.19440708156963324,0.19440708156963324,0.20329490792622967,0.046822419329146214,0.046822419329146214,0.03534901990430597
gpt2,0,7,0.01160821389025557,0.01753102700541298,0.014569620447834275,0.5025074260054637,0.5025074260054637,0.48472400991842524,0.28889120681408864,0.28889120681408864,0.2837666900482695,0.21361621919137508,0.21361621919137508,0.20095731987015575
gpt2,0,8,-0.007045956108513884,-0.01020128144992638,-0.008623618779220132,0.5236971148373571,0.5236971148373571,0.5254518248149892,0.37766397283494063,0.37766397283494063,0.36853164790282217,0.14603314200241652,0.14603314200241652,0.15692017691216703
gpt2,0,9,0.023340420460137956,0.02197962483083149,0.022660022645484723,0.5304736451337159,0.5304736451337159,0.53043084207568,0.5034239367743676,0.5034239367743676,0.4999139012323263,0.02704970835934828,0.02704970835934828,0.030516940843353713
gpt2,0,10,0.059547724686269454,0.04984842135211576,0.054698073019192606,0.7285416639926954,0.7285416639926954,0.7319485168027743,0.4257387720323788,0.4257387720323788,0.426471222898209,0.30280289196031657,0.30280289196031657,0.3054772939045653
gpt2,0,11,-0.005693090243602761,-0.0035691148652805538,-0.004631102554441657,0.42798008768026136,0.42798008768026136,0.4359407112623966,0.44805302086392695,0.44805302086392695,0.4557828742499946,-0.020072933183665598,-0.020072933183665598,-0.019842162987598
gpt2,1,0,0.011056013933316677,0.015523114542323135,0.013289564237819906,0.5446020586486994,0.5446020586486994,0.5392246783666752,0.4126263173942946,0.4126263173942946,0.4083769972632982,0.13197574125440475,0.13197574125440475,0.13084768110337702
gpt2,1,1,0.008187361589566677,0.014026792030635171,0.011107076810100924,0.5862187198305954,0.5862187198305954,0.5891630093647109,0.48181207116911495,0.48181207116911495,0.48525292272370774,0.10440664866148042,0.10440664866148042,0.10391008664100315
gpt2,1,2,0.014964186300442606,0.020495317113681466,0.017729751707062036,0.850442411834979,0.850442411834979,0.8489910651369141,0.600374755891347,0.600374755891347,0.6010068006410147,0.250067655943632,0.250067655943632,0.2479842644958994
gpt2,1,3,0.0566882035863685,0.060073492095225944,0.05838084784079722,0.8747237022438152,0.8747237022438152,0.8739936291863482,0.8095489426710327,0.8095489426710327,0.8089966416270948,0.06517475957278251,0.06517475957278251,0.06499698755925332
gpt2,1,4,0.016991803026574992,0.01898169329785926,0.017986748162217125,0.6934482101607686,0.6934482101607686,0.6865803940811994,0.5967131748045756,0.5967131748045756,0.5880151473683234,0.09673503535619299,0.09673503535619299,0.09856524671287603
gpt2,1,5,0.010114534633365757,0.016367514302411124,0.01324102446788844,0.6505907595538724,0.6505907595538724,0.6369389988573435,0.3083989531321003,0.3083989531321003,0.3209176403791288,0.34219180642177205,0.34219180642177205,0.3160213584782147
gpt2,1,6,-0.00047338290477405565,0.00420902282234259,0.001867819958784267,0.5465631067579705,0.5465631067579705,0.5389824035285521,0.39226572113232855,0.39226572113232855,0.390808436768566,0.15429738562564194,0.15429738562564194,0.14817396675998606
gpt2,1,7,-0.013616606945127785,-0.013431819405142598,-0.013524213175135191,0.434329450102792,0.434329450102792,0.44133009316360977,0.39064534948704926,0.39064534948704926,0.3990457591705745,0.04368410061574274,0.04368410061574274,0.04228433399303527
gpt2,1,8,-0.0032564899114175816,0.004650446373646311,0.0006969782311143646,0.39865588306909516,0.39865588306909516,0.3938988025032541,0.4684678210916298,0.4684678210916298,0.4625757697787604,-0.06981193802253466,-0.06981193802253466,-0.06867696727550632
gpt2,1,9,0.00537349670890741,0.00711756428395649,0.00624553049643195,0.3999765600083766,0.3999765600083766,0.39874004260982976,0.5000952754523074,0.5000952754523074,0.49755520003505865,-0.10011871544393075,-0.10011871544393075,-0.0988151574252289
gpt2,1,10,-0.005060150867372215,0.0034203717089074104,-0.0008198895792324024,0.846345573942375,0.846345573942375,0.8452713243721977,0.6905721127526216,0.6905721127526216,0.6892628837832369,0.15577346118975333,0.15577346118975333,0.1560084405889608
gpt2,1,11,0.014538862573818534,0.021673247570127785,0.01810605507197316,0.9762341905656586,0.9762341905656586,0.9751451568106028,0.3453406273323239,0.3453406273323239,0.34882809553090643,0.6308935632333348,0.6308935632333348,0.6263170612796963
gpt2,2,0,0.01695816160187036,0.021056167722687036,0.019007164662278697,0.6315121438801582,0.6315121438801582,0.6268204270144072,0.5748221527539399,0.5748221527539399,0.5667568669053102,0.05668999112621831,0.05668999112621831,0.06006356010909697
gpt2,2,1,0.0009078378752462868,0.004053791676919438,0.0024808147760828625,0.3811988681374256,0.3811988681374256,0.39583649373626245,0.31992873109629727,0.31992873109629727,0.33960232971458565,0.061270137041128325,0.061270137041128325,0.0562341640216768
gpt2,2,2,0.0008097971518203906,0.0076870655450296255,0.004248431348425008,0.39507541692094134,0.39507541692094134,0.4038823029396557,0.31401806953681566,0.31401806953681566,0.3215585774873872,0.08105734738412568,0.08105734738412568,0.08232372545226851
gpt2,2,3,0.008629986620324992,0.011169193297859259,0.009899589959092125,0.6105326576138697,0.6105326576138697,0.6125239790302672,0.5234193649999137,0.5234193649999137,0.5238469328151972,0.08711329261395595,0.08711329261395595,0.08867704621507
gpt2,2,4,-0.004754975086122215,0.002442127137672223,-0.001156423974224996,0.47735135568369713,0.47735135568369713,0.4720631325974982,0.44235480263364657,0.44235480263364657,0.43518101365760403,0.03499655305005056,0.03499655305005056,0.03688211893989418
gpt2,2,5,0.006196269838828705,0.011311208169291653,0.00875373900406018,0.5517855090332973,0.5517855090332973,0.5527901042016282,0.4616166470692893,0.4616166470692893,0.46161774097388153,0.09016886196400797,0.09016886196400797,0.09117236322774669
gpt2,2,6,-0.012705885519192606,-0.011285977100762956,-0.011995931309977781,0.6573366818300588,0.6573366818300588,0.6565721607565381,0.5851277426411361,0.5851277426411361,0.5890849803090389,0.07220893918892268,0.07220893918892268,0.06748718044749924
gpt2,2,7,0.0029993733083166774,0.010658324234128713,0.006828848771222695,0.7155482407079966,0.7155482407079966,0.717720969140119,0.45134144963434497,0.45134144963434497,0.4561395753466789,0.26420679107365164,0.26420679107365164,0.26158139379344003
gpt2,2,8,-0.0022996316744583467,0.0019615353561759363,-0.0001690481591412052,0.5684164917136255,0.5684164917136255,0.5659995404673432,0.5189076922108615,0.5189076922108615,0.5138048824744654,0.04950879950276399,0.04950879950276399,0.05219465799287781
gpt2,2,9,0.042889932947834275,0.04712538831815927,0.04500766063299677,0.5810377018757193,0.5810377018757193,0.581344791306696,0.4887597892345406,0.4887597892345406,0.4873906576485322,0.09227791264117874,0.09227791264117874,0.09395413365816385
gpt2,2,10,0.017747773898868502,0.015088899867740757,0.01641833688330463,0.7885802113707727,0.7885802113707727,0.7907367101962143,0.5990423155640237,0.5990423155640237,0.6024954674242358,0.18953789580674907,0.18953789580674907,0.1882412427719785
gpt2,2,11,0.024406373031496287,0.023720087967519454,0.02406323049950787,0.8713133599917133,0.8713133599917133,0.869381752954136,0.7472441934738692,0.7472441934738692,0.7452457888285916,0.12406916651784416,0.12406916651784416,0.1241359641255444
gpt2,3,0,-0.004461333507627785,0.005332406111589805,0.0004355363019810099,0.6346830521148994,0.6346830521148994,0.6332072268793184,0.3743940837320704,0.3743940837320704,0.36308982701771453,0.260288968382829,0.260288968382829,0.2701173998616039
gpt2,3,1,0.002625472902312964,0.006427434485728689,0.004526453694020827,0.46357482981408443,0.46357482981408443,0.4615724776905533,0.38622278358992285,0.38622278358992285,0.39134744171324776,0.07735204622416159,0.07735204622416159,0.07022503597730556
gpt2,3,2,0.007883146991879642,0.012901005782480546,0.010392076387180094,0.5019216548478896,0.5019216548478896,0.5152226304785937,0.3947437003123419,0.3947437003123419,0.4042802997781711,0.10717795453554774,0.10717795453554774,0.11094233070042264
gpt2,3,3,0.00983819435900557,0.008801557886318534,0.009319876122662052,0.38893904829498793,0.38893904829498793,0.39109221625476615,0.28554229355586536,0.28554229355586536,0.28181924663063007,0.10339675473912258,0.10339675473912258,0.10927296962413607
gpt2,3,4,0.006540854146161124,0.009569783849040725,0.008055318997600924,0.4917661159761767,0.4917661159761767,0.4890029516315886,0.39860442271373625,0.39860442271373625,0.3910093073208709,0.09316169326244045,0.09316169326244045,0.09799364431071766
gpt2,3,5,0.0008703517162889085,0.004736952894315749,0.002803652305302329,0.3735181865115805,0.3735181865115805,0.38104974462810914,0.25953384836163723,0.25953384836163723,0.25446537714837625,0.11398433814994324,0.11398433814994324,0.1265843674797329
gpt2,3,6,0.00850262979822869,0.009630338413509243,0.009066484105868966,0.5605556743589051,0.5605556743589051,0.5631732158553931,0.40691596849830075,0.40691596849830075,0.40773561860447716,0.15363970586060433,0.15363970586060433,0.155437597250916
gpt2,3,7,0.0030315729576768646,0.005828376830093518,0.004429974893885191,0.5099327989241829,0.5099327989241829,0.5079745774593749,0.40755723507690284,0.40755723507690284,0.4105075963493941,0.10237556384728003,0.10237556384728003,0.09746698110998081
gpt2,3,8,0.0036818136380416533,0.0071502445250981594,0.005416029081569906,0.49023677017864986,0.49023677017864986,0.4837400173289749,0.4151222763347018,0.4151222763347018,0.4054910472823936,0.07511449384394808,0.07511449384394808,0.07824897004658132
gpt2,3,9,0.0018286517285925896,0.006273885411540725,0.004051268570066657,0.43386934231298935,0.43386934231298935,0.4357582611147268,0.322848349872536,0.322848349872536,0.31913066520512906,0.11102099244045333,0.11102099244045333,0.11662759590959776
gpt2,3,10,0.008436308132381498,0.009230726347194462,0.00883351723978798,0.7632185683574704,0.7632185683574704,0.7682101765056746,0.22508838479989987,0.22508838479989987,0.22206464817925067,0.5381301835575705,0.5381301835575705,0.5461455283264239
gpt2,3,11,-0.012715497354823135,-0.005485234298105546,-0.00910036582646434,0.5368346611724655,0.5368346611724655,0.5279189937031634,0.45247926384643605,0.45247926384643605,0.44437519894438987,0.08435539732602942,0.08435539732602942,0.08354379475877355
gpt2,4,0,-0.003975935808316677,0.007215845303272239,0.001619954747477781,0.31971514181947974,0.31971514181947974,0.318598298947075,0.2368482134726224,0.2368482134726224,0.23698698256040693,0.08286692834685735,0.08286692834685735,0.08161131638666805
gpt2,4,1,-0.0007703886257379722,0.0027686892531990637,0.0009991503137305457,0.4097020518606872,0.4097020518606872,0.40667702998039956,0.2815434835484343,0.2815434835484343,0.2844299762354779,0.12815856831225292,0.12815856831225292,0.12224705374492167
gpt2,4,2,-0.0013985220841536972,0.002802570973794438,0.0007020244448203705,0.2988324073591501,0.2988324073591501,0.2870045259784185,0.24950136525828068,0.24950136525828068,0.23819989864568075,0.04933104210086944,0.04933104210086944,0.04880462733273777
gpt2,4,3,0.0039879506028546174,0.006894809993233331,0.005441380298043974,0.46396365518361077,0.46396365518361077,0.4605743918537689,0.2988203522117841,0.2988203522117841,0.29131377524675073,0.16514330297182667,0.16514330297182667,0.1692606166070182
gpt2,4,4,0.006365918737697207,0.009223998062253713,0.00779495839997546,0.4926940680138874,0.4926940680138874,0.48566377167374836,0.16126043862894626,0.16126043862894626,0.16127840758626266,0.33143362938494114,0.33143362938494114,0.3243853640874857
gpt2,4,5,0.0006363035187009203,0.00413381020853798,0.0023850568636194502,0.35578593824862387,0.35578593824862387,0.36473631290143355,0.22293324612318013,0.22293324612318013,0.23646605503799153,0.13285269212544373,0.13285269212544373,0.128270257863442
gpt2,4,6,0.00409175842765741,0.006398118387057394,0.005244938407357402,0.3650681352805957,0.3650681352805957,0.3655258361522473,0.19056601816354787,0.19056601816354787,0.18304649796293618,0.1745021171170478,0.1745021171170478,0.18247933818931114
gpt2,4,7,0.004229688268947207,0.005059670275590733,0.00464467927226897,0.9364830013657883,0.9364830013657883,0.9375001720123463,0.31743682519258376,0.31743682519258376,0.3104086669538669,0.6190461761732046,0.6190461761732046,0.6270915050584793
gpt2,4,8,0.0007944182148129642,0.0038130151943898127,0.0023037167046013884,0.4433850790496342,0.4433850790496342,0.4375117530931088,0.22654554714656983,0.22654554714656983,0.22830183776003235,0.21683953190306438,0.21683953190306438,0.20920991533307645
gpt2,4,9,0.0007559708722935099,0.0014939195527805538,0.0011249452125370318,0.36558365663230624,0.36558365663230624,0.3617337812597197,0.21499380473232674,0.21499380473232674,0.21222351908189838,0.1505898518999795,0.1505898518999795,0.14951026217782135
gpt2,4,10,-0.001966100978100016,-0.001482865941806466,-0.001724483459953241,0.3253913456265539,0.3253913456265539,0.31802681044161984,0.20668881069844017,0.20668881069844017,0.1939446060550227,0.11870253492811375,0.11870253492811375,0.12408220438659714
gpt2,4,11,0.013400340643454633,0.010668416661540725,0.01203437865249768,0.44538567828547415,0.44538567828547415,0.4420114365841402,0.23512517829714277,0.23512517829714277,0.23740557110009092,0.21026049998833138,0.21026049998833138,0.2046058654840493
gpt2,5,0,-0.0010832538754925736,0.0017887626107286891,0.0003527543676180578,0.3658443933423468,0.3658443933423468,0.37105965327270146,0.3225300551010394,0.3225300551010394,0.3273512883900574,0.043314338241307426,0.043314338241307426,0.04370836488264407
gpt2,5,1,-0.0010351946973425896,0.004793182132750928,0.0018789937177041693,-0.25425293948229666,-0.25425293948229666,-0.24516297171566845,-0.22135642446695297,-0.22135642446695297,-0.21138612104117796,-0.032896515015343686,-0.032896515015343686,-0.03377685067449049
gpt2,5,2,0.000604103869340733,0.0027662862942916533,0.0016851950818161932,0.3951060533119465,0.3951060533119465,0.403387193797743,0.2448785135913333,0.2448785135913333,0.2508320079184301,0.15022753972061317,0.15022753972061317,0.15255518587931294
gpt2,5,3,-0.0017368586983268486,0.0031082273468259203,0.0006856843242495358,0.39989769320344226,0.39989769320344226,0.38805665116146204,0.2711952241111678,0.2711952241111678,0.2637769413081998,0.12870246909227445,0.12870246909227445,0.12427970985326225
gpt2,5,4,0.001782995509350016,0.006276288370448135,0.004029641939899076,0.27348741890965916,0.27348741890965916,0.2553873801784428,0.12361534575539679,0.12361534575539679,0.11469511440762067,0.14987207315426238,0.14987207315426238,0.14069226577082214
gpt2,5,5,0.0008693905327259444,0.00476314514640741,0.0028162678395666774,0.41682067610241846,0.41682067610241846,0.42085304864000267,0.4102128487166043,0.4102128487166043,0.4066820930194744,0.006607827385814169,0.006607827385814169,0.01417095562052828
gpt2,5,6,0.0035371555118111075,0.011231670229453705,0.007384412870632406,0.350125129385503,0.350125129385503,0.35131708721365706,0.2842191821955776,0.2842191821955776,0.28635271359903025,0.06590594718992537,0.06590594718992537,0.06496437361462681
gpt2,5,7,0.00028883566067872124,0.003952627106914797,0.002120731383796759,0.3544148217733206,0.3544148217733206,0.3482360790836702,0.2488107560718188,0.2488107560718188,0.24778306979266734,0.10560406570150183,0.10560406570150183,0.10045300929100287
gpt2,5,8,0.001312015563484259,0.006684791384719446,0.003998403474101853,0.08639121926675158,0.08639121926675158,0.08027101824034269,0.010889402468166725,0.010889402468166725,0.005474543535049406,0.07550181679858486,0.07550181679858486,0.07479647470529328
gpt2,5,9,0.00894621601254908,0.008684293491634243,0.008815254752091661,0.3818975650038186,0.3818975650038186,0.3896143752564992,0.35070687016432955,0.35070687016432955,0.35400603173235773,0.031190694839489053,0.031190694839489053,0.035608343524141495
gpt2,5,10,0.005773829662893526,0.008073941929134243,0.006923885796013884,0.541522785276736,0.541522785276736,0.5433455547286639,0.3168759076466123,0.3168759076466123,0.30757124572406,0.22464687763012375,0.22464687763012375,0.23577430900460383
gpt2,5,11,-0.0008535310039370358,0.0022075983483018646,0.0006770336721824144,0.6684645939258476,0.6684645939258476,0.6621304228498105,0.27768054815435533,0.27768054815435533,0.2619776016946013,0.39078404577149223,0.39078404577149223,0.40015282115520917
gpt2,6,0,0.0015720157172731675,0.006284698726624072,0.00392835722194862,0.47460953881005036,0.47460953881005036,0.46749487028221587,0.24064863315398693,0.24064863315398693,0.24394567498239222,0.23396090565606342,0.23396090565606342,0.22354919529982364
gpt2,6,1,-0.0009751207246555538,0.0029859167384351792,0.0010053980068898127,0.3234127781338752,0.3234127781338752,0.3367260352796491,0.14659401190014149,0.14659401190014149,0.15496534084411048,0.17681876623373372,0.17681876623373372,0.18176069443553863
gpt2,6,2,-0.004292645792323135,-0.0006504809762546415,-0.0024715633842888884,0.29295835396499026,0.29295835396499026,0.2835254385751398,0.2860179424573415,0.2860179424573415,0.27840995218725656,0.006940411507648736,0.006940411507648736,0.005115486387883228
gpt2,6,3,-0.0002148245263287052,0.004834513025959275,0.002309844249815285,0.381903829051741,0.381903829051741,0.3807222140664517,0.259116107126454,0.259116107126454,0.2618493277190816,0.12278772192528697,0.12278772192528697,0.11887288634737009
gpt2,6,4,-0.0038043645423231354,0.0017034575695129561,-0.0010504534864050896,0.469236528616014,0.469236528616014,0.4594722716535456,0.32700045029591496,0.32700045029591496,0.3280345558173296,0.14223607832009905,0.14223607832009905,0.131437715836216
gpt2,6,5,-0.0034751591719981434,0.0061244213674953585,0.0013246310977486075,0.5747529695194259,0.5747529695194259,0.5638827690183433,0.1921591416114319,0.1921591416114319,0.19173041731537827,0.382593827907994,0.382593827907994,0.37215235170296507
gpt2,6,6,0.012219046044537052,0.01635477862020185,0.01428691233236945,0.7050141293628143,0.7050141293628143,0.6969146816155,0.32310043168918556,0.32310043168918556,0.3003929483058902,0.3819136976736287,0.3819136976736287,0.39652173330960977
gpt2,6,7,-0.0006074680118111075,0.005234365388164797,0.0023134486881768446,0.46446441076643785,0.46446441076643785,0.4544140482717549,0.2510185805579256,0.2510185805579256,0.24465853816315208,0.21344583020851227,0.21344583020851227,0.20975551010860283
gpt2,6,8,-0.0005070243294786891,0.004340224378690749,0.00191660002460603,0.4912204862650512,0.4912204862650512,0.4910197498533035,0.250372692753828,0.250372692753828,0.2564097894422945,0.2408477935112232,0.2408477935112232,0.234609960411009
gpt2,6,9,0.0010044368233268486,0.006434883658341661,0.003719660240834255,0.2142130889185714,0.2142130889185714,0.2086566085297945,0.1924884139001913,0.1924884139001913,0.1884835207803143,0.021724675018380102,0.021724675018380102,0.020173087749480206
gpt2,6,10,-0.003319928026574992,0.0005940114419287212,-0.0013629582923231354,0.40474429652617194,0.40474429652617194,0.3912412577412028,0.24709028701584887,0.24709028701584887,0.24456630800754717,0.15765400951032307,0.15765400951032307,0.1466749497336556
gpt2,6,11,-0.0014686884842518566,0.002747783510703705,0.0006395475132259243,0.37504028392157374,0.37504028392157374,0.3701011348512375,0.18307403095529126,0.18307403095529126,0.1808804641545743,0.19196625296628247,0.19196625296628247,0.18922067069666323
gpt2,7,0,0.0004291684608759283,-8.96303672490717e-05,0.0001697690468134283,0.4319357777648137,0.4319357777648137,0.41988653074135407,0.22473657398563024,0.22473657398563024,0.22594136770740528,0.20719920377918344,0.20719920377918344,0.1939451630339488
gpt2,7,1,-0.0014312023252953665,0.0034035509965555377,0.0009861743356300856,0.4919568601570736,0.4919568601570736,0.49129942801124615,0.3136642364805265,0.3136642364805265,0.3111452679818894,0.17829262367654714,0.17829262367654714,0.18015416002935675
gpt2,7,2,-0.0026221087598425896,0.0022544560469981434,-0.00018382635642222311,0.2577462797015722,0.2577462797015722,0.24034606247786122,0.227698309369869,0.227698309369869,0.21491467614712953,0.0300479703317032,0.0300479703317032,0.025431386330731692
gpt2,7,3,-0.001129390686515741,0.003058245801550008,0.0009644275575171335,0.486177821462568,0.486177821462568,0.49832934071016965,0.20346106846853088,0.20346106846853088,0.2066276872740216,0.2827167529940371,0.2827167529940371,0.29170165343614807
gpt2,7,4,0.0037942721149111236,0.006782111220472231,0.005288191667691677,0.4442774706268518,0.4442774706268518,0.44257349481810926,0.2716767383991966,0.2716767383991966,0.2751325222451218,0.1726007322276552,0.1726007322276552,0.16744097257298746
gpt2,7,5,0.0013456569881888925,0.0048551784725638925,0.0031004177303763925,0.4938757480978148,0.4938757480978148,0.48524724009520087,0.32414717620235933,0.32414717620235933,0.3195378804874223,0.16972857189545548,0.16972857189545548,0.16570935960777855
gpt2,7,6,0.002576933132381498,0.007630355714812964,0.005103644423597231,0.4688806779932769,0.4688806779932769,0.46222207674362453,0.3908561329293622,0.3908561329293622,0.38519640339484607,0.07802454506391465,0.07802454506391465,0.07702567334877847
gpt2,7,7,-0.000519039124015741,0.005229799766239829,0.002355380321112044,0.40126211264173545,0.40126211264173545,0.4004954861315428,0.26870357200850614,0.26870357200850614,0.2608680509613762,0.1325585406332293,0.1325585406332293,0.13962743517016657
gpt2,7,8,0.003564549243356474,0.007043072557824992,0.005303810900590733,0.5050799638565161,0.5050799638565161,0.49757371058652594,0.24849640832415418,0.24849640832415418,0.24571853060944532,0.2565835555323619,0.2565835555323619,0.2518551799770806
gpt2,7,9,-0.0030680979330712788,-0.000329445666215733,-0.0016987717996435059,0.31249696119345577,0.31249696119345577,0.31656088997076287,0.1748786978027446,0.1748786978027446,0.16958940447588566,0.13761826339071118,0.13761826339071118,0.1469714854948772
gpt2,7,10,6.103515625e-05,0.0018637349286416693,0.0009623850424458347,0.3770409863363823,0.3770409863363823,0.3747963216868754,0.3560020877358139,0.3560020877358139,0.3546793135362214,0.0210388986005684,0.0210388986005684,0.02011700815065398
gpt2,7,11,0.009443147914615757,0.006635290431225016,0.008039219172920387,0.207776255477181,0.207776255477181,0.20043415046878604,0.1708455835387386,0.1708455835387386,0.16912140920221627,0.036930671938442405,0.036930671938442405,0.03131274126656977
gpt2,8,0,0.0016705370324805457,0.0029376172643944543,0.0023040771484375,0.43339171763796003,0.43339171763796003,0.4288281688183966,0.2950916068112061,0.2950916068112061,0.28120024496917173,0.13830011082675392,0.13830011082675392,0.14762792384922485
gpt2,8,1,-0.003022441713828705,0.002301794337475016,-0.00036032368817684457,0.3077604059195651,0.3077604059195651,0.3059194647925374,0.2442542893211339,0.2442542893211339,0.24322659366618554,0.0635061165984312,0.0635061165984312,0.06269287112635186
gpt2,8,2,0.008269542784202777,0.012389896422859259,0.010329719603531018,0.3537310348981974,0.3537310348981974,0.33988845044293486,0.3008500890300844,0.3008500890300844,0.29332421737582964,0.05288094586811298,0.05288094586811298,0.04656423306710522
gpt2,8,3,-0.0011015163631888925,0.006304643285556466,0.002601563461183787,0.4069211492608233,0.4069211492608233,0.4058876269019492,0.3394953432943923,0.3394953432943923,0.33651398759751305,0.067425805966431,0.067425805966431,0.06937363930443613
gpt2,8,4,0.0006766732283463028,0.007117323988065749,0.003896998608206026,0.4436281132861753,0.4436281132861753,0.43840585238786295,0.2552487164730658,0.2552487164730658,0.2563680591512549,0.1883793968131095,0.1883793968131095,0.18203779323660807
gpt2,8,5,0.00289220134104351,0.0022972287155509363,0.002594715028297223,0.5741207559270932,0.5741207559270932,0.5774349350272311,0.33537785452641244,0.33537785452641244,0.3379558197205828,0.23874290140068077,0.23874290140068077,0.23947911530664828
gpt2,8,6,0.0008636234313481594,0.0006478377214564901,0.0007557305764023248,0.467778504025988,0.467778504025988,0.4545548894780828,0.2929809697450095,0.2929809697450095,0.28556823406435033,0.1747975342809785,0.1747975342809785,0.16898665541373248
gpt2,8,7,0.0005329762856787212,0.00346242348978798,0.0019976998877333507,0.5447920112567192,0.5447920112567192,0.5261449951199676,0.24431833538444678,0.24431833538444678,0.238873837520257,0.30047367587227236,0.30047367587227236,0.28727115759971056
gpt2,8,8,-0.0005709430364175816,0.004467821496677793,0.0019484392301301057,0.5365619188568538,0.5365619188568538,0.5334116234843973,0.37259183575122706,0.37259183575122706,0.36401415440264884,0.16397008310562672,0.16397008310562672,0.16939746908174846
gpt2,8,9,0.00030421459768703585,0.005992018331692606,0.0031481164646898208,0.5184157724665787,0.5184157724665787,0.5218025216455392,0.31759550949868554,0.31759550949868554,0.31548348180506597,0.20082026296789313,0.20082026296789313,0.20631903984047323
gpt2,8,10,-0.00038879875123054575,0.007715901051919438,0.0036635511503444462,0.6472398691624357,0.6472398691624357,0.6455661302734227,0.3410079863709655,0.3410079863709655,0.34358173648369467,0.3062318827914702,0.3062318827914702,0.301984393789728
gpt2,8,11,0.0004435862143203906,0.003715935654527769,0.0020797609344240797,0.3209851098366868,0.3209851098366868,0.31412671190126323,0.2439681979688244,0.2439681979688244,0.23690432903473752,0.07701691186786241,0.07701691186786241,0.07722238286652572
gpt2,9,0,0.0017051396407481434,0.004343828817051865,0.003024484228900004,0.4573722966384723,0.4573722966384723,0.44653014906151745,0.282582624998631,0.282582624998631,0.2676661292425402,0.17478967163984127,0.17478967163984127,0.17886401981897726
gpt2,9,1,0.00450506735974443,0.004633385365403697,0.004569226362574064,0.36346452743335356,0.36346452743335356,0.35786856247210297,0.3471158410387671,0.3471158410387671,0.33798157982811444,0.016348686394586476,0.016348686394586476,0.019886982643988527
gpt2,9,2,0.0018425888902555698,0.0042453075018453745,0.003043948196050472,0.46786349023799934,0.46786349023799934,0.45101457013674023,0.348902020274406,0.348902020274406,0.3382751813174141,0.11896146996359336,0.11896146996359336,0.11273938881932616
gpt2,9,3,0.001690721887302793,0.006217415877214805,0.003954068882258799,0.7059187447590862,0.7059187447590862,0.7026253723274498,0.41809044951283136,0.41809044951283136,0.41976932674605283,0.28782829524625486,0.28782829524625486,0.282856045581397
gpt2,9,4,0.001031830554872215,0.001653716320127785,0.0013427734375,0.3107077331089808,0.3107077331089808,0.29598613943407004,0.2738686564360279,0.2738686564360279,0.26466956969295957,0.036839076672952886,0.036839076672952886,0.03131656974111047
gpt2,9,5,0.004802553672489829,0.014544629675197207,0.009673591673843518,0.6192322614708361,0.6192322614708361,0.6146545330988389,0.36058023053187827,0.36058023053187827,0.36058947473706243,0.25865203093895783,0.25865203093895783,0.25406505836177645
gpt2,9,6,0.0010154904343009363,0.0027511476531740797,0.001883319043737508,0.21161106211539224,0.21161106211539224,0.1872377636736588,0.18005319241634057,0.18005319241634057,0.16855411473911647,0.031557869699051666,0.031557869699051666,0.01868364893454233
gpt2,9,7,-0.00023741234005925094,0.001788282018947207,0.0007754348394439781,0.40923365151278934,0.40923365151278934,0.41083970396389025,0.32733230825798937,0.32733230825798937,0.3281484778174432,0.08190134325479997,0.08190134325479997,0.08269122614644703
gpt2,9,8,0.0002004067728842429,0.003982423797366685,0.002091415285125464,0.3518229024895705,0.3518229024895705,0.3473166620714264,0.30782187460129096,0.30782187460129096,0.3040519428565686,0.04400102788827953,0.04400102788827953,0.043264719214857805
gpt2,9,9,0.00018454724409444623,0.004096564345472231,0.0021405557947833387,0.32538823340633455,0.32538823340633455,0.31878583361074875,0.2974194111458658,0.2974194111458658,0.28983706526975844,0.027968822260468762,0.027968822260468762,0.028948768340990305
gpt2,9,10,0.0009611835629916854,0.0036883016270916613,0.0023247425950416734,0.5017629881965416,0.5017629881965416,0.4778230600432042,0.21048046250649577,0.21048046250649577,0.2042312028906399,0.29128252569004587,0.29128252569004587,0.2735918571525643
gpt2,9,11,0.0005892055241139005,0.002772053395669438,0.0016806294598916693,0.36899242062999743,0.36899242062999743,0.37556654517700694,0.367970983860207,0.367970983860207,0.380375544963825,0.0010214367697904403,0.0010214367697904403,-0.004808999786818036
gpt2,10,0,0.0007405919352851953,0.004724217212106474,0.0027324045736958347,0.36541338225821723,0.36541338225821723,0.34007967908257886,0.29749957226191887,0.29749957226191887,0.2774283640807941,0.06791380999629837,0.06791380999629837,0.06265131500178478
gpt2,10,1,0.003290131336122215,0.007195420152559251,0.005242775744340733,0.476192896163268,0.476192896163268,0.4549886225322123,0.4747738617059397,0.4747738617059397,0.45628263423840126,0.001419034457328272,0.001419034457328272,-0.00129401170618898
gpt2,10,2,-0.0013538270484740877,0.004848690483513884,0.0017474317175198983,0.3529309516758527,0.3529309516758527,0.3481442711029426,0.34388153664214427,0.34388153664214427,0.3454978328471745,0.00904941503370843,0.00904941503370843,0.002646438255768102
gpt2,10,3,0.0013336421936518406,0.005705105038139813,0.0035193736158958266,0.4600765602062177,0.4600765602062177,0.4536069395075909,0.44177040909629095,0.44177040909629095,0.44226888969276085,0.018306151109926727,0.018306151109926727,0.011338049814830053
gpt2,10,4,-0.004224882351131498,0.00220879982775557,-0.0010080412616879642,0.49864971954040926,0.49864971954040926,0.49356199213519814,0.4119952837588251,0.4119952837588251,0.4219446943781355,0.08665443578158416,0.08665443578158416,0.07161729775706266
gpt2,10,5,0.005285548412893526,0.009822575126107402,0.007554061769500464,0.5398219372844065,0.5398219372844065,0.5222603757379353,0.32175199476307986,0.32175199476307986,0.3128713127838141,0.21806994252132667,0.21806994252132667,0.20938906295412119
gpt2,10,6,0.001714751476377785,0.003650815468135171,0.002682783472256478,0.40552571401618537,0.40552571401618537,0.4012778562253616,0.3943080915685312,0.3943080915685312,0.396911889635034,0.011217622447654174,0.011217622447654174,0.004365966590327619
gpt2,10,7,-0.003479484498031482,0.005544106791338876,0.0010323111466536972,0.4228272668102564,0.4228272668102564,0.3873278150891927,0.3243094702959328,0.3243094702959328,0.31749371878727,0.09851779651432357,0.09851779651432357,0.06983409630192267
gpt2,10,8,0.004511315052903697,0.01063189168614631,0.007571603369525004,0.3201424771892333,0.3201424771892333,0.31434680679951976,0.27396847633370514,0.27396847633370514,0.27230687571772083,0.04617400085552814,0.04617400085552814,0.04203993108179893
gpt2,10,9,0.0033953809362694543,0.006072757750984259,0.004734069343626857,0.6202169409217728,0.6202169409217728,0.617016089333411,0.31134689024227513,0.31134689024227513,0.32045714030130323,0.3088700506794977,0.3088700506794977,0.2965589490321078
gpt2,10,10,-0.003313199741634243,0.0007696677380657491,-0.001271766001784247,0.3087893138463869,0.3087893138463869,0.3033610960066696,0.3276047989134254,0.3276047989134254,0.32285177276003374,-0.018815485067038507,-0.018815485067038507,-0.019490676753364133
gpt2,10,11,0.0009756013164370358,0.005248062253937036,0.003111831785187036,0.5860134212607375,0.5860134212607375,0.5786548511462133,0.35841768868264384,0.35841768868264384,0.35852105586061733,0.22759573257809368,0.22759573257809368,0.22013379528559596
gpt2,11,0,0.02081779419906482,0.03492316298597409,0.027870478592519454,0.704595370342823,0.704595370342823,0.7081275777806487,0.6489227072641828,0.6489227072641828,0.6492461694715458,0.05567266307864027,0.05567266307864027,0.058881408309102934
gpt2,11,1,-0.0006444735789861156,0.0009508508396898208,0.0001531886303518526,0.504508013483597,0.504508013483597,0.5083938464263407,0.43210707156713685,0.43210707156713685,0.44256476166698466,0.07240094191646013,0.07240094191646013,0.065829084759356
gpt2,11,2,-1.9223671259283037e-06,4.8539769931466026e-05,2.330870140276886e-05,0.44502072595589454,0.44502072595589454,0.4395290533585846,0.4316212069825072,0.4316212069825072,0.4242643858589235,0.013399518973387314,0.013399518973387314,0.0152646674996611
gpt2,11,3,0.00641109436515741,0.014910360020915725,0.010660727193036568,0.7374926532876217,0.7374926532876217,0.726383877404625,0.5603442954449593,0.5603442954449593,0.5484626596864086,0.17714835784266236,0.17714835784266236,0.17792121771821634
gpt2,11,4,0.003948061484989829,0.00203074057271202,0.0029894010288509243,0.44221212399705423,0.44221212399705423,0.454963936903483,0.426396736300143,0.426396736300143,0.4278504069551973,0.01581538769691121,0.01581538769691121,0.027113529948285697
gpt2,11,5,0.00197667399729351,0.0018452321450537212,0.0019109530711736156,0.4597550064518933,0.4597550064518933,0.44580561723160633,0.4069300599695975,0.4069300599695975,0.39628064254110196,0.0528249464822958,0.0528249464822958,0.049524974690504375
gpt2,11,6,0.000689168614665725,0.0036169337475397967,0.002153051181102761,0.4234262147068961,0.4234262147068961,0.4020808229743465,0.3956316133339789,0.3956316133339789,0.3874507110765589,0.027794601372917227,0.027794601372917227,0.014630111897787623
gpt2,11,7,0.0007857675627462868,0.006740540031373143,0.003763153797059715,0.48184222243761776,0.48184222243761776,0.471248174629561,0.40992677761922697,0.40992677761922697,0.4045481512506324,0.0719154448183908,0.0719154448183908,0.06670002337892855
gpt2,11,8,0.030401274913877785,0.03292101762426203,0.031661146269069906,0.7765648836400827,0.7765648836400827,0.7636713589273263,0.594399629519604,0.594399629519604,0.569575748509016,0.18216525412047868,0.18216525412047868,0.19409561041831025
gpt2,11,9,0.0005526805487203745,0.0008761188176675816,0.0007143996831939781,0.3981981080486169,0.3981981080486169,0.38714350840640205,0.38979526285418,0.38979526285418,0.38056906492277726,0.008402845194436903,0.008402845194436903,0.006574443483624792
gpt2,11,10,5.719042199814339e-05,0.007961243156373143,0.004009216789185643,0.4298765472186705,0.4298765472186705,0.4017433500569793,0.24025720233260062,0.24025720233260062,0.2367964708474842,0.1896193448860699,0.1896193448860699,0.1649468792094951
gpt2,11,11,-0.0023351954662897967,0.003211794875737972,0.00043829970472408775,0.5096801765571184,0.5096801765571184,0.49758638216790707,0.3371114493489956,0.3371114493489956,0.32853978493008573,0.17256872720812277,0.17256872720812277,0.16904659723782134
EleutherAI/pythia-160m,0,0,-0.01922415185162407,0.0007646215243601873,-0.009229765163631942,0.37199024662599767,0.37199024662599767,0.3472505564963031,0.08518117814451771,0.08518117814451771,0.08292573828401784,0.28680906848147997,0.28680906848147997,0.26432481821228526
EleutherAI/pythia-160m,0,1,0.0469307486466537,0.016523226039616645,0.03172698734313517,0.43785799129941766,0.43785799129941766,0.43950428998457963,0.17982936685077505,0.17982936685077505,0.17734746025603781,0.2580286244486426,0.2580286244486426,0.2621568297285418
EleutherAI/pythia-160m,0,2,0.0063572680856296415,0.02448951540969535,0.015423391747662496,0.3671834345447712,0.3671834345447712,0.3684549505066739,0.17399827333835902,0.17399827333835902,0.1684731108153171,0.1931851612064122,0.1931851612064122,0.19998183969135677
EleutherAI/pythia-160m,0,3,0.0026259534940944462,0.032802792046013884,0.017714372770054165,0.48502639911318346,0.48502639911318346,0.49430784705978836,0.14519505028041865,0.14519505028041865,0.14154585656377355,0.3398313488327648,0.3398313488327648,0.3527619904960148
EleutherAI/pythia-160m,0,4,-0.0544909379613685,-0.051866906834399096,-0.0531789223978838,0.4108159179023134,0.4108159179023134,0.41971463595871855,0.16609587630498426,0.16609587630498426,0.15794922351353186,0.24472004159732916,0.24472004159732916,0.2617654124451867
EleutherAI/pythia-160m,0,5,-0.024201640932578705,-0.032739834522637956,-0.02847073772760833,0.3870492491419039,0.3870492491419039,0.3941711250926253,0.20482107096293165,0.20482107096293165,0.200156774047897,0.18222817817897227,0.18222817817897227,0.1940143510447283
EleutherAI/pythia-160m,0,6,-0.018853615588090733,-0.02820737343134816,-0.023530494509719446,0.4619469663556213,0.4619469663556213,0.47152080760767107,0.2514370949000592,0.2514370949000592,0.23965394242517465,0.2105098714555621,0.2105098714555621,0.2318668651824964
EleutherAI/pythia-160m,0,7,-0.027825783556840733,-0.0014360082431101873,-0.01463089589997546,0.6714367860944384,0.6714367860944384,0.670146513162181,0.10312804175917722,0.10312804175917722,0.09488858523939363,0.5683087443352611,0.5683087443352611,0.5752579279227874
EleutherAI/pythia-160m,0,8,-0.007020965335875928,0.0439265694205222,0.018452802042323135,0.4671771086413335,0.4671771086413335,0.4649211609096945,0.10529135710626512,0.10529135710626512,0.1051203151340462,0.36188575153506836,0.36188575153506836,0.3598008457756483
EleutherAI/pythia-160m,0,9,-0.00622318297859259,0.005761814868356474,-0.00023068405511805778,0.46089347759400373,0.46089347759400373,0.4573046744774292,0.13878501738272386,0.13878501738272386,0.1347901170172134,0.32210846021127987,0.32210846021127987,0.32251455746021573
EleutherAI/pythia-160m,0,10,-0.02577365664985276,-0.025827963521161124,-0.025800810085506942,0.46827867150164465,0.46827867150164465,0.47288582160209325,0.1562012138904113,0.1562012138904113,0.1605496479412715,0.31207745761123334,0.31207745761123334,0.3123361736608218
EleutherAI/pythia-160m,0,11,-0.012806809793307394,-0.002165546567421295,-0.007486178180364345,0.3159028741930149,0.3159028741930149,0.3325986188343074,0.18013879806951769,0.18013879806951769,0.18829503072640236,0.1357640761234972,0.1357640761234972,0.14430358810790506
EleutherAI/pythia-160m,1,0,-0.010712390809547223,-0.01115501584030465,-0.010933703324925936,0.3681368328874504,0.3681368328874504,0.36085997587305046,0.10099101270067132,0.10099101270067132,0.09492092989031951,0.2671458201867791,0.2671458201867791,0.26593904598273094
EleutherAI/pythia-160m,1,1,0.002710537647637956,0.029241606945127785,0.01597607229638287,0.32152108129984736,0.32152108129984736,0.3296339137650845,0.10750911365161421,0.10750911365161421,0.11721112089335402,0.21401196764823316,0.21401196764823316,0.2124227928717305
EleutherAI/pythia-160m,1,2,0.035560908280019454,0.02548914631520649,0.030525027297612972,0.40576164405577286,0.40576164405577286,0.41455974937676077,0.11634409424396033,0.11634409424396033,0.11650773485737372,0.28941754981181256,0.28941754981181256,0.29805201451938707
EleutherAI/pythia-160m,1,3,-0.02746822327140741,0.017565149021899984,-0.004951537124753713,0.52989445455678,0.52989445455678,0.5171634199101971,0.18482264601077808,0.18482264601077808,0.1814119824009371,0.3450718085460019,0.3450718085460019,0.33575143750926
EleutherAI/pythia-160m,1,4,-0.01690914124015741,-0.028690368171751857,-0.022799754705954633,0.31089718085045914,0.31089718085045914,0.3035734302693482,0.24374436829018278,0.24374436829018278,0.2361715356890782,0.06715281256027636,0.06715281256027636,0.06740189458026999
EleutherAI/pythia-160m,1,5,0.003027247631643526,0.028120386318898127,0.015573816975270827,0.3604041260275706,0.3604041260275706,0.35844280747685336,0.2152140351315404,0.2152140351315404,0.20989084803155583,0.14519009089603022,0.14519009089603022,0.14855195944529753
EleutherAI/pythia-160m,1,6,-0.001123142993356474,0.00579593688484259,0.002336396945743058,0.6586438637505313,0.6586438637505313,0.6678258323580183,0.2106955344177404,0.2106955344177404,0.2115460840086042,0.44794832933279094,0.44794832933279094,0.4562797483494141
EleutherAI/pythia-160m,1,7,0.007344403604823135,0.021841935285433323,0.014593169445128229,0.5403691890908768,0.5403691890908768,0.52144696590036,0.1304542271185948,0.1304542271185948,0.12102569587389576,0.40991496197228205,0.40991496197228205,0.4004212700264642
EleutherAI/pythia-160m,1,8,0.02579191913754908,-0.010865699587844446,0.007463109774852317,0.3781055909188802,0.3781055909188802,0.34871680852590836,0.21928956996713816,0.21928956996713816,0.21563144990120853,0.15881602095174202,0.15881602095174202,0.13308535862469983
EleutherAI/pythia-160m,1,9,-0.005311980960875928,0.0033463605745573943,-0.000982810193159267,0.38970106390007553,0.38970106390007553,0.3798995726152197,0.18058666896504716,0.18058666896504716,0.1821847394411053,0.20911439493502837,0.20911439493502837,0.19771483317411442
EleutherAI/pythia-160m,1,10,0.04434276190329722,0.026133139302412012,0.03523795060285462,0.5213657685197244,0.5213657685197244,0.5224879897392083,0.19177580486464427,0.19177580486464427,0.17983645465596293,0.3295899636550801,0.3295899636550801,0.34265153508324536
EleutherAI/pythia-160m,1,11,0.01378481406865184,0.025615541953740717,0.01970017801119628,0.44435501650511355,0.44435501650511355,0.44393122263620116,0.16556639284817093,0.16556639284817093,0.1668896701647491,0.2787886236569426,0.2787886236569426,0.27704155247145207
EleutherAI/pythia-160m,2,0,-0.02753118079478334,-0.010975274514025024,-0.01925322765440418,0.40201929774163697,0.40201929774163697,0.3706876713389666,0.14367748555868887,0.14367748555868887,0.140888026241342,0.2583418121829481,0.2583418121829481,0.22979964509762457
EleutherAI/pythia-160m,2,1,-0.0005267285925194543,0.005106287678396271,0.0022897795429384082,0.38149272938795553,0.38149272938795553,0.4001185466421887,0.11099604461334993,0.11099604461334993,0.11066706189643448,0.2704966847746056,0.2704966847746056,0.2894514847457542
EleutherAI/pythia-160m,2,2,-0.004302257627952777,-0.004921740434300936,-0.004611999031126857,0.42757954797390135,0.42757954797390135,0.4032449953624134,0.17069889212260583,0.17069889212260583,0.15784864468975002,0.2568806558512955,0.2568806558512955,0.2453963506726634
EleutherAI/pythia-160m,2,3,0.002747062623031482,-0.001331719826525024,0.000707671398253229,0.44807492175436736,0.44807492175436736,0.4595810797278662,0.19580233549992357,0.19580233549992357,0.19209098578924463,0.2522725862544438,0.2522725862544438,0.26749009393862155
EleutherAI/pythia-160m,2,4,-0.0033468411663388764,0.022226889302412012,0.009440024068036568,0.577403512387389,0.577403512387389,0.5880027103786971,0.20942146751291213,0.20942146751291213,0.2078138825654538,0.36798204487447683,0.36798204487447683,0.3801888278132433
EleutherAI/pythia-160m,2,5,-0.003791869156003713,-5.9112789124071696e-05,-0.0019254909725638925,0.3493864072838747,0.3493864072838747,0.32474982347650355,0.1388517170409697,0.1388517170409697,0.14190131933891492,0.210534690242905,0.210534690242905,0.18284850413758863
EleutherAI/pythia-160m,2,6,-0.006085253137302793,-0.007293941467765741,-0.006689597302534267,0.41268939378132713,0.41268939378132713,0.40324396428906667,0.13587132108134675,0.13587132108134675,0.1351603892991056,0.2768180726999804,0.2768180726999804,0.26808357498996105
EleutherAI/pythia-160m,2,7,-0.002490426611712948,-0.002465435839074992,-0.00247793122539397,0.41518916715287424,0.41518916715287424,0.4169423012105303,0.3571147085826672,0.3571147085826672,0.3555613801981694,0.058074458570207044,0.058074458570207044,0.06138092101236087
EleutherAI/pythia-160m,2,8,0.014902189960629642,0.04307688315083702,0.02898953655573333,0.4775854177528345,0.4775854177528345,0.46045409725396136,0.18015169997885744,0.18015169997885744,0.1664850420808649,0.29743371777397704,0.29743371777397704,0.29396905517309646
EleutherAI/pythia-160m,2,9,-0.025479053887795367,0.02410648375984259,-0.0006862850639763884,0.36147434267180706,0.36147434267180706,0.352940099615068,0.11053129922401164,0.11053129922401164,0.10967464307130037,0.2509430434477954,0.2509430434477954,0.24326545654376763
EleutherAI/pythia-160m,2,10,0.004610316959891669,0.01736714520792315,0.01098873108390741,0.43860450024820197,0.43860450024820197,0.4452470091816079,0.21300305772864359,0.21300305772864359,0.21754903411978355,0.22560144251955838,0.22560144251955838,0.22769797506182438
EleutherAI/pythia-160m,2,11,0.014950249138779625,0.015223225270669438,0.015086737204724532,0.4882883800210862,0.4882883800210862,0.4906936832515825,0.11467912105240906,0.11467912105240906,0.10663318980015192,0.37360925896867714,0.37360925896867714,0.3840604934514306
EleutherAI/pythia-160m,3,0,0.01807794045275557,0.006445216381643526,0.012261578417199548,0.4021782158803271,0.4021782158803271,0.4041173277654506,0.10914303440079415,0.10914303440079415,0.10886531124901742,0.29303518147953295,0.29303518147953295,0.2952520165164332
EleutherAI/pythia-160m,3,1,0.013500784325787052,-0.0005579670583166774,0.006471408633735187,0.24520435001354743,0.24520435001354743,0.23010312725138662,0.10583469521528012,0.10583469521528012,0.098948163331892,0.1393696547982673,0.1393696547982673,0.1311549639194946
EleutherAI/pythia-160m,3,2,0.03266005628690927,0.05177943913016758,0.042219747708538424,0.26538400985587013,0.26538400985587013,0.2595689202350771,0.10179715207034908,0.10179715207034908,0.09354469406829106,0.16358685778552107,0.16358685778552107,0.16602422616678603
EleutherAI/pythia-160m,3,3,0.04806302288385833,0.04783714474655554,0.047950083815206934,0.8736633954682675,0.8736633954682675,0.8717193186673149,0.3525623342659933,0.3525623342659933,0.3436617659655418,0.5211010612022742,0.5211010612022742,0.528057552701773
EleutherAI/pythia-160m,3,4,0.014812319297489829,0.005572942298228689,0.010192630797859259,0.3481242274552431,0.3481242274552431,0.3514130562437021,0.1553030135868688,0.1553030135868688,0.15888055902255374,0.19282121386837428,0.19282121386837428,0.19253249722114837
EleutherAI/pythia-160m,3,5,0.00012975978100371321,-0.00742274006520649,-0.0036464901421013884,0.33810272074207853,0.33810272074207853,0.3305084116715817,0.1736205322117081,0.1736205322117081,0.15870917140973378,0.16448218853037044,0.16448218853037044,0.1717992402618479
EleutherAI/pythia-160m,3,6,-0.0102140171321361,0.010357233483022199,7.160817544304976e-05,0.33423927277046744,0.33423927277046744,0.324313362832845,0.2549876871370307,0.2549876871370307,0.23537954080495907,0.07925158563343676,0.07925158563343676,0.08893382202788594
EleutherAI/pythia-160m,3,7,-0.01652659018208613,-0.015872504767470375,-0.016199547474778253,0.490935572695678,0.490935572695678,0.4818572255869479,0.2826772357155132,0.2826772357155132,0.26425378662596416,0.20825833698016483,0.20825833698016483,0.21760343896098372
EleutherAI/pythia-160m,3,8,0.0048006313053639005,0.0033795214074805457,0.004090076356422223,0.3503121889705019,0.3503121889705019,0.3321658267376193,0.2077502751660796,0.2077502751660796,0.19745621185058868,0.14256191380442232,0.14256191380442232,0.13470961488703062
EleutherAI/pythia-160m,3,9,0.011717308224655554,0.006536048228346303,0.009126678226500928,0.3843135949549574,0.3843135949549574,0.3824733984763041,0.11829220691085689,0.11829220691085689,0.11080752421791636,0.2660213880441005,0.2660213880441005,0.2716658742583878
EleutherAI/pythia-160m,3,10,-0.0046852892778046495,0.0019204447588583307,-0.0013824222594731594,0.3990300084416634,0.3990300084416634,0.38644295568761433,0.22311351029818868,0.22311351029818868,0.22005240279351368,0.17591649814347474,0.17591649814347474,0.16639055289410065
EleutherAI/pythia-160m,3,11,-0.0073271023006888925,-0.00771638164370092,-0.007521741972194906,0.3463550296620295,0.3463550296620295,0.34447507960804236,0.2753600614826938,0.2753600614826938,0.2712577325355887,0.0709949681793357,0.0709949681793357,0.07321734707245364
EleutherAI/pythia-160m,4,0,0.008504552165354617,0.011663962536909267,0.010084257351131942,0.33297381658327396,0.33297381658327396,0.3147741473393765,0.18694825826314646,0.18694825826314646,0.16920275675032662,0.1460255583201275,0.1460255583201275,0.14557139058904986
EleutherAI/pythia-160m,4,1,-0.01849797766978334,0.02121956892839627,0.001360795629306466,0.30853364031622554,0.30853364031622554,0.3091034985551576,0.3487663294915157,0.3487663294915157,0.34207085312384805,-0.04023268917529016,-0.04023268917529016,-0.03296735456869043
EleutherAI/pythia-160m,4,2,0.004658856729823135,0.014987254705954633,0.009823055717888884,0.359104907484845,0.359104907484845,0.3615134087970646,0.1501104745523778,0.1501104745523778,0.1406495291868692,0.20899443293246722,0.20899443293246722,0.2208638796101954
EleutherAI/pythia-160m,4,3,-0.006945512426181466,-0.007479449895423151,-0.007212481160802309,0.38416983712460834,0.38416983712460834,0.3716598462241184,0.3120701246674921,0.3120701246674921,0.29521196869880467,0.07209971245711622,0.07209971245711622,0.07644787752531373
EleutherAI/pythia-160m,4,4,0.016808697557824992,0.021459384227362044,0.019134040892593518,0.27004235562867573,0.27004235562867573,0.2501431322480815,0.13146350389780762,0.13146350389780762,0.12052520216215164,0.13857885173086812,0.13857885173086812,0.12961793008592987
EleutherAI/pythia-160m,4,5,-0.018325925812007426,0.008625661294291653,-0.004850132258857887,0.3240996165720486,0.3240996165720486,0.29256600545522254,0.1329138190529199,0.1329138190529199,0.1149700747318293,0.1911857975191287,0.1911857975191287,0.17759593072339325
EleutherAI/pythia-160m,4,6,-0.01760599932332685,-0.025089293953001857,-0.021347646638164353,0.4159661664357789,0.4159661664357789,0.4003546299328947,0.4106148588333938,0.4106148588333938,0.39841447216406684,0.005351307602385058,0.005351307602385058,0.0019401577688278882
EleutherAI/pythia-160m,4,7,0.003557820958415725,0.0030407042015259123,0.0032992625799708186,0.3719997996492698,0.3719997996492698,0.3513521000948988,0.19931472738815725,0.19931472738815725,0.190689402200707,0.17268507226111257,0.17268507226111257,0.16066269789419182
EleutherAI/pythia-160m,4,8,-0.00850743571604351,0.019163597287155554,0.005328080785556022,-0.008397225706448092,-0.008397225706448092,0.0003851765448096228,0.022327307426214173,0.022327307426214173,0.02418454554890917,-0.030724533132662265,-0.030724533132662265,-0.023799369004099548
EleutherAI/pythia-160m,4,9,-0.0034886157418796415,0.007927842027559251,0.0022196131428398047,0.426835531540739,0.426835531540739,0.43151264916567794,0.22798155893311528,0.22798155893311528,0.24546172480749315,0.19885397260762372,0.19885397260762372,0.1860509243581848
EleutherAI/pythia-160m,4,10,-0.020851916215550936,-0.027659498800442606,-0.02425570750799677,0.32983533031208495,0.32983533031208495,0.3254291887853458,0.2794051123661938,0.2794051123661938,0.2849124710613106,0.05043021794589114,0.05043021794589114,0.0405167177240352
EleutherAI/pythia-160m,4,11,-0.00037918691560001605,0.011348694328248143,0.005484753706324064,0.21287383859420092,0.21287383859420092,0.22069294004319642,0.22971105949286771,0.22971105949286771,0.2277249789942126,-0.016837220898666794,-0.016837220898666794,-0.007032038951016173
EleutherAI/pythia-160m,5,0,-0.012801042691928721,-0.0030565637303148208,-0.007928803211121771,0.04834341605842929,0.04834341605842929,0.04861451172442618,0.08040045479925614,0.08040045479925614,0.07661866019228891,-0.032057038740826854,-0.032057038740826854,-0.028004148467862734
EleutherAI/pythia-160m,5,1,0.015172282541830562,0.006221741203248143,0.010697011872539353,0.5377865701088246,0.5377865701088246,0.5265459284791084,0.24217273735831713,0.24217273735831713,0.23373795608217066,0.29561383275050745,0.29561383275050745,0.2928079723969378
EleutherAI/pythia-160m,5,2,-0.006378894715797223,0.007830281895915725,0.0007256935900592509,0.25098830284096896,0.25098830284096896,0.23065107451106576,0.23830874829801124,0.23830874829801124,0.22059035549939027,0.012679554542957716,0.012679554542957716,0.01006071901167549
EleutherAI/pythia-160m,5,3,0.004096564345472231,-0.00955656757504908,-0.0027300016147884243,0.38888439829238775,0.38888439829238775,0.38350840141063736,0.2675749754132765,0.2675749754132765,0.2646585612825022,0.12130942287911123,0.12130942287911123,0.11884984012813515
EleutherAI/pythia-160m,5,4,0.00990211306594535,0.004180667907234259,0.007041390486589805,0.3268902538463065,0.3268902538463065,0.3105150289689302,0.277802568537676,0.277802568537676,0.2697726695078698,0.0490876853086305,0.0490876853086305,0.04074235946106036
EleutherAI/pythia-160m,5,5,0.03172097994586576,0.00970939576156482,0.02071518785371529,0.5480501528136678,0.5480501528136678,0.5484834157890816,0.3037485714685022,0.3037485714685022,0.29563137544366547,0.24430158134516555,0.24430158134516555,0.2528520403454161
EleutherAI/pythia-160m,5,6,-0.004975566713828705,0.0011856199249509203,-0.0018949733944388925,0.33154274344886964,0.33154274344886964,0.33002996667292206,0.28558381887169376,0.28558381887169376,0.2875806747728505,0.045958924577175875,0.045958924577175875,0.04244929190007157
EleutherAI/pythia-160m,5,7,0.007010872908464805,-0.0007381889763777849,0.00313634196604351,0.16554911165269537,0.16554911165269537,0.15629755935086176,0.13346660806808908,0.13346660806808908,0.1297715866830255,0.03208250358460629,0.03208250358460629,0.026525972667836267
EleutherAI/pythia-160m,5,8,0.002082884781003713,-0.008581927442175008,-0.0032495213305856474,0.42442947796877517,0.42442947796877517,0.4019750667649679,0.18765964609420305,0.18765964609420305,0.1678236242424092,0.23676983187457212,0.23676983187457212,0.2341514425225587
EleutherAI/pythia-160m,5,9,0.0033107967827268325,0.007133423812746287,0.00522211029773656,0.16330291248538928,0.16330291248538928,0.1855885009151335,0.08998598167197426,0.08998598167197426,0.1000315122327434,0.07331693081341502,0.07331693081341502,0.08555698868239009
EleutherAI/pythia-160m,5,10,-0.011942705770176865,-0.017318124846210203,-0.014630415308193534,0.19929874011840396,0.19929874011840396,0.21331216689493881,0.1648904374695812,0.1648904374695812,0.17099063144894994,0.03440830264882275,0.03440830264882275,0.04232153544598888
EleutherAI/pythia-160m,5,11,-0.008052795890748143,0.002441886841781482,-0.0028054545244833307,0.4461513324611578,0.4461513324611578,0.4403887553526872,0.29888731606229785,0.29888731606229785,0.2996340180117682,0.14726401639885994,0.14726401639885994,0.14075473734091898
EleutherAI/pythia-160m,6,0,0.0004921259842518566,0.012393981453001857,0.006443053718626857,0.5639007741089676,0.5639007741089676,0.547905057071173,0.5000113451492361,0.5000113451492361,0.4771249617778532,0.06388942895973149,0.06388942895973149,0.0707800952933198
EleutherAI/pythia-160m,6,1,0.008644884965550936,0.01795827309916387,0.013301579032357402,0.2851844571102145,0.2851844571102145,0.2784312325049933,0.25116022163180385,0.25116022163180385,0.24439493765494782,0.03402423547841066,0.03402423547841066,0.03403629485004547
EleutherAI/pythia-160m,6,2,0.020022895392470375,-0.0026086521899602033,0.008707121601255086,0.4807960458791588,0.4807960458791588,0.46989916024351824,0.40721110005519917,0.40721110005519917,0.4032723879423773,0.07358494582395964,0.07358494582395964,0.06662677230114095
EleutherAI/pythia-160m,6,3,0.014480230376476833,0.013374869279035195,0.013927549827756014,0.5482114451792087,0.5482114451792087,0.5331468797362755,0.49151919576276104,0.49151919576276104,0.48106787553365915,0.05669224941644768,0.05669224941644768,0.05207900420261635
EleutherAI/pythia-160m,6,4,-0.0012956754429129802,-0.006125142255166693,-0.003710408849039837,0.33918340432201577,0.33918340432201577,0.33195714094807505,0.2485569907882705,0.2485569907882705,0.24002673045784492,0.09062641353374526,0.09062641353374526,0.09193041049023012
EleutherAI/pythia-160m,6,5,0.0004133089320870198,0.0052764171690453665,0.002844863050566193,0.49740380918408517,0.49740380918408517,0.4846194646253254,0.23110223783565048,0.23110223783565048,0.22069548361068203,0.2663015713484347,0.2663015713484347,0.26392398101464337
EleutherAI/pythia-160m,6,6,-0.0025903897022638844,-0.012243556225393526,-0.007416972963828705,0.10433558481100441,0.10433558481100441,0.0749105287007513,0.12260933762698749,0.12260933762698749,0.11213088773858838,-0.018273752815983077,-0.018273752815983077,-0.03722035903783709
EleutherAI/pythia-160m,6,7,-0.025978869340550936,-0.024136280450295367,-0.02505757489542315,0.6022564041255629,0.6022564041255629,0.5864712861430736,0.4588262845716431,0.4588262845716431,0.44119870121791227,0.14343011955391982,0.14343011955391982,0.14527258492516137
EleutherAI/pythia-160m,6,8,0.0010827732837110915,-0.0007045475516731514,0.00018911286601897004,0.4048471322225045,0.4048471322225045,0.3921281993021572,0.2549893391591518,0.2549893391591518,0.24580226779344294,0.14985779306335273,0.14985779306335273,0.14632593150871426
EleutherAI/pythia-160m,6,9,0.007431871309055538,0.0018449918491638684,0.004638431579109703,0.3317364926188002,0.3317364926188002,0.3194128910475472,0.3055011558341149,0.3055011558341149,0.29866827885041136,0.026235336784685315,0.026235336784685315,0.02074461219713586
EleutherAI/pythia-160m,6,10,0.001538854884350016,-0.019238089013287052,-0.008849617064468518,0.3655703718533451,0.3655703718533451,0.3466865197456459,0.2071419729646455,0.2071419729646455,0.2075281283161497,0.1584283988886996,0.1584283988886996,0.1391583914294962
EleutherAI/pythia-160m,6,11,-0.028645192544291653,0.013730026605561108,-0.007457582969365273,0.39195738294966675,0.39195738294966675,0.37469017284699413,0.264314680485276,0.264314680485276,0.2574527643534958,0.12764270246439074,0.12764270246439074,0.11723740849349834
EleutherAI/pythia-160m,7,0,0.005751241849163868,0.0076135350024610915,0.00668238842581248,0.38280665115741513,0.38280665115741513,0.38471775941397435,0.3660797470893713,0.3660797470893713,0.35840203455146047,0.016726904068043835,0.016726904068043835,0.02631572486251388
EleutherAI/pythia-160m,7,1,0.00997227946604351,0.017097533218503713,0.013534906342273612,0.3812750002604918,0.3812750002604918,0.3652620586205457,0.23536801257917048,0.23536801257917048,0.2246756410779996,0.14590698768132135,0.14590698768132135,0.14058641754254614
EleutherAI/pythia-160m,7,2,0.0023904635211611236,0.008851539431594446,0.005621001476377785,0.444577084556906,0.444577084556906,0.4370827436864996,0.36766092310421944,0.36766092310421944,0.35831262701450733,0.07691616145268654,0.07691616145268654,0.07877011667199224
EleutherAI/pythia-160m,7,3,-0.0035400390625,0.0010842150590555377,-0.0012279120017222311,0.3062466609641501,0.3062466609641501,0.2973597607056246,0.26512977903705115,0.26512977903705115,0.26243377475556445,0.04111688192709895,0.04111688192709895,0.034925985950060134
EleutherAI/pythia-160m,7,4,0.011525552103838876,0.004646841935285195,0.008086197019562036,0.6188987776583424,0.6188987776583424,0.6151191477938304,0.48696913080511994,0.48696913080511994,0.47850980230822193,0.1319296468532225,0.1319296468532225,0.13660934548560844
EleutherAI/pythia-160m,7,5,0.0014057309608759283,-0.007189172459399096,-0.0028917207492615837,0.4311366400198961,0.4311366400198961,0.4315159569509404,0.38409315370833685,0.38409315370833685,0.3748811112222277,0.047043486311559246,0.047043486311559246,0.05663484572871269
EleutherAI/pythia-160m,7,6,0.00028306855930093633,-0.0032814806840546495,-0.0014992060623768566,0.1560275260585154,0.1560275260585154,0.1422208454815921,0.10738209331952572,0.10738209331952572,0.10274044378000467,0.04864543273898966,0.04864543273898966,0.03948040170158744
EleutherAI/pythia-160m,7,7,0.011241041769192606,0.02149398683563053,0.016367514302411568,0.5847230434839272,0.5847230434839272,0.5757038743053143,0.3731314237228237,0.3731314237228237,0.3673300275466883,0.21159161976110352,0.21159161976110352,0.20837384675862602
EleutherAI/pythia-160m,7,8,0.052195631612942606,0.04296442467396666,0.047580028143454633,0.45303897396864456,0.45303897396864456,0.4374248221874798,0.3317605523943712,0.3317605523943712,0.3223031213280766,0.12127842157427338,0.12127842157427338,0.11512170085940321
EleutherAI/pythia-160m,7,9,0.014386514979084275,0.0007449172613194222,0.007565716120201849,0.3045270019579775,0.3045270019579775,0.30353923785456594,0.30486535371690077,0.30486535371690077,0.3045858259610908,-0.00033835175892327207,-0.00033835175892327207,-0.0010465881065248595
EleutherAI/pythia-160m,7,10,-0.0024577463705703906,0.008875569020669438,0.003208911325049524,0.27946082308391856,0.27946082308391856,0.3353900071755177,0.09159812193882014,0.09159812193882014,0.09826570928990128,0.18786270114509843,0.18786270114509843,0.23712429788561643
EleutherAI/pythia-160m,7,11,0.00518558532234259,-0.001905065821850016,0.0016402597502462868,0.251805235239382,0.251805235239382,0.24984781153538155,0.28632230561338895,0.28632230561338895,0.2838632194246555,-0.034517070374006975,-0.034517070374006975,-0.03401540788927393
EleutherAI/pythia-160m,8,0,-0.001068355530265741,0.008168618510088876,0.0035501314899115677,0.3323284001794133,0.3323284001794133,0.32173093406013714,0.26354599952953717,0.26354599952953717,0.25030541062117156,0.06878240064987612,0.06878240064987612,0.07142552343896558
EleutherAI/pythia-160m,8,1,0.001703217273622215,0.007572684701033339,0.004637950987327777,0.4339592120799834,0.4339592120799834,0.44593596418184545,0.3967286189314329,0.3967286189314329,0.4089700750423617,0.037230593148550484,0.037230593148550484,0.03696588913948373
EleutherAI/pythia-160m,8,2,0.01259006289985276,0.000835268516240717,0.006712665708046739,0.22196600553526133,0.22196600553526133,0.21504562203734026,0.21335266987706544,0.21335266987706544,0.21105734204191173,0.008613335658195886,0.008613335658195886,0.003988279995428529
EleutherAI/pythia-160m,8,3,-0.002466397022637956,-0.0013139379306101873,-0.0018901674766240717,0.2568288918092111,0.2568288918092111,0.2634566615784503,0.26369725178855025,0.26369725178855025,0.2713513505482579,-0.006868359979339156,-0.006868359979339156,-0.00789468896980755
EleutherAI/pythia-160m,8,4,0.007988877183809251,-0.004567544291337988,0.0017106664462356314,0.5682360806584535,0.5682360806584535,0.5503514734264225,0.45845209490065053,0.45845209490065053,0.46076273786943167,0.10978398575780302,0.10978398575780302,0.08958873555699087
EleutherAI/pythia-160m,8,5,-0.013741080216535195,0.0037928303395666774,-0.004974124938484259,0.4252497692595835,0.4252497692595835,0.4228715778481539,0.38572777124804136,0.38572777124804136,0.3796233904308228,0.03952199801154216,0.03952199801154216,0.04324818741733105
EleutherAI/pythia-160m,8,6,0.004547840028297223,0.0051413708784453505,0.004844605453371287,0.3901885745403628,0.3901885745403628,0.37657552108569087,0.38028054898133873,0.38028054898133873,0.37045685184131966,0.009908025559024092,0.009908025559024092,0.006118669244371211
EleutherAI/pythia-160m,8,7,-0.007002222256397239,0.0005281703678647887,-0.0032370259442662253,0.7728618997819389,0.7728618997819389,0.7527768886517244,0.30278422291819285,0.30278422291819285,0.29419800078357644,0.470077676863746,0.470077676863746,0.458578887868148
EleutherAI/pythia-160m,8,8,0.0095003383366139,0.007608729084646271,0.008554533710630086,0.20284205421043186,0.20284205421043186,0.21167233709913102,0.20242519992012964,0.20242519992012964,0.21071563016929343,0.000416854290302221,0.000416854290302221,0.0009567069298375974
EleutherAI/pythia-160m,8,9,-0.0018175981176185019,-0.008656899760087988,-0.005237248938853245,0.26582618884783443,0.26582618884783443,0.27235064384880736,0.25386305512884455,0.25386305512884455,0.25413604358646363,0.011963133718989882,0.011963133718989882,0.018214600262343728
EleutherAI/pythia-160m,8,10,0.0069724255659453505,-0.011676938515009283,-0.0023522564745319663,0.22491419303712448,0.22491419303712448,0.21681577680828296,0.2321086066224053,0.2321086066224053,0.22139708397378913,-0.007194413585280807,-0.007194413585280807,-0.004581307165506171
EleutherAI/pythia-160m,8,11,-0.003922590120570391,-0.009366253229576849,-0.00664442167507362,0.30393518242162865,0.30393518242162865,0.2850751698444997,0.286517130537082,0.286517130537082,0.2743394394415661,0.017418051884546648,0.017418051884546648,0.01073573040293363
EleutherAI/pythia-160m,9,0,0.0023895023375981594,-0.0008506474532481434,0.000769427442175008,0.5300603299671924,0.5300603299671924,0.5212457825939456,0.48112960460442683,0.48112960460442683,0.48593036855627936,0.048930725362765604,0.048930725362765604,0.03531541403766625
EleutherAI/pythia-160m,9,1,0.013702152282234259,0.005872831569882386,0.009787491926058323,0.5586170937663638,0.5586170937663638,0.5562064117347164,0.30173982255624815,0.30173982255624815,0.2907994065928262,0.25687727121011567,0.25687727121011567,0.2654070051418902
EleutherAI/pythia-160m,9,2,-0.00610591858390741,-0.002966693067175008,-0.004536305825541209,0.3359309769407956,0.3359309769407956,0.34184227009618184,0.30360903562456243,0.30360903562456243,0.32031188379961245,0.03232194131623317,0.03232194131623317,0.021530386296569393
EleutherAI/pythia-160m,9,3,0.012280561792568534,0.008877010796013884,0.01057878629429121,0.6779528235690238,0.6779528235690238,0.6719840265230619,0.5441981501626109,0.5441981501626109,0.5424589800096457,0.1337546734064129,0.1337546734064129,0.12952504651341623
EleutherAI/pythia-160m,9,4,0.003950464443897239,0.003874530942421295,0.003912497693159267,0.44560909123456655,0.44560909123456655,0.44248275916394536,0.43562663060229745,0.43562663060229745,0.4415148547972801,0.009982460632269097,0.009982460632269097,0.0009679043666652731
EleutherAI/pythia-160m,9,5,0.0017556017778055377,-0.0011370801550194543,0.00030926081139304173,0.2846993232582361,0.2846993232582361,0.26787107856606723,0.2860641656565792,0.2860641656565792,0.260442187566284,-0.0013648423983431135,-0.0013648423983431135,0.007428890999783222
EleutherAI/pythia-160m,9,6,0.006133792907234259,-0.008179672121062964,-0.0010229396069143526,0.3633186708856648,0.3633186708856648,0.34896824461906734,0.34398552663281684,0.34398552663281684,0.33332221896328434,0.019333144252847934,0.019333144252847934,0.01564602565578299
EleutherAI/pythia-160m,9,7,0.010619156003937036,-0.008130171167568534,0.001244492418184251,0.46724135548496937,0.46724135548496937,0.451422005775646,0.42135515390910183,0.42135515390910183,0.4097572126184343,0.045886201575867536,0.045886201575867536,0.04166479315721172
EleutherAI/pythia-160m,9,8,0.0001436969426675816,0.00494625061515741,0.002544973778912496,0.5128449660127136,0.5128449660127136,0.494478501032265,0.473937176092245,0.473937176092245,0.45127709412152384,0.03890778992046856,0.03890778992046856,0.04320140691074115
EleutherAI/pythia-160m,9,9,0.0013235497662398288,-0.007548174520176865,-0.003112312376968518,0.3765766288741819,0.3765766288741819,0.37967021005362417,0.34598867600680266,0.34598867600680266,0.3554135245144482,0.030587952867379253,0.030587952867379253,0.02425668553917598
EleutherAI/pythia-160m,9,10,0.0027489849901574104,-0.0027975247600879882,-2.4269884965288924e-05,0.3204194541921555,0.3204194541921555,0.3159763009651593,0.2753979416013247,0.2753979416013247,0.2778869733129495,0.045021512590830814,0.045021512590830814,0.03808932765220979
EleutherAI/pythia-160m,9,11,0.0076937938299703745,-0.002093938391977801,0.002799927718996287,0.3377619144445002,0.3377619144445002,0.3370893998054051,0.3287979619748115,0.3287979619748115,0.33637566543988356,0.00896395246968873,0.00896395246968873,0.0007137343655215234
EleutherAI/pythia-160m,10,0,0.009529654435285195,2.3068405512027823e-05,0.0047763614203986116,0.3542646708745904,0.3542646708745904,0.358208150881614,0.3474552609043412,0.3474552609043412,0.3613586024059857,0.006809409970249203,0.006809409970249203,-0.0031504515243717113
EleutherAI/pythia-160m,10,1,0.013100451371800936,0.009039450818159267,0.011069951094980102,0.5666021279317561,0.5666021279317561,0.5679770926254698,0.4503815321611849,0.4503815321611849,0.4406778073571904,0.1162205957705712,0.1162205957705712,0.12729928526827938
EleutherAI/pythia-160m,10,2,-0.004045621616634243,0.0026937169352851953,-0.0006759523406745238,0.3848158460597882,0.3848158460597882,0.36700936029452585,0.32271392367686585,0.32271392367686585,0.31296343263518367,0.06210192238292234,0.06210192238292234,0.054045927659342186
EleutherAI/pythia-160m,10,3,0.00026288370447868914,0.006252499077263884,0.003257691390871287,0.40174754945156194,0.40174754945156194,0.3934081314689217,0.3750267898543526,0.3750267898543526,0.3594849925178831,0.02672075959720932,0.02672075959720932,0.0339231389510386
EleutherAI/pythia-160m,10,4,0.006659560316190749,0.00030036986343517924,0.003479965089812964,0.47569479633208167,0.47569479633208167,0.464816124373853,0.4680030143838519,0.4680030143838519,0.45669321529375023,0.007691781948229781,0.007691781948229781,0.00812290908010277
EleutherAI/pythia-160m,10,5,0.016426627091535195,0.008403627891240717,0.012415127491387956,0.7662434091930842,0.7662434091930842,0.7556101828190227,0.661901700907324,0.661901700907324,0.6631932503390628,0.10434170828576017,0.10434170828576017,0.09241693247995986
EleutherAI/pythia-160m,10,6,0.0031584491879925736,-0.006541815329724088,-0.001691683070865757,0.4709464580430682,0.4709464580430682,0.481486256864215,0.4758978029701397,0.4758978029701397,0.47940796737976404,-0.004951344927071555,-0.004951344927071555,0.0020782894844509348
EleutherAI/pythia-160m,10,7,0.004126361035925008,-0.0031829593688481594,0.0004717008335384243,0.39789730653896327,0.39789730653896327,0.39267946727599856,0.37449329286392896,0.37449329286392896,0.3743229911269224,0.023404013675034308,0.023404013675034308,0.01835647614907615
EleutherAI/pythia-160m,10,8,-0.0021525705893203906,-0.001488873339074992,-0.0018207219641976913,0.43707452139010383,0.43707452139010383,0.43424421528560264,0.44704710638182404,0.44704710638182404,0.4357853575767942,-0.009972584991720213,-0.009972584991720213,-0.0015411422911915662
EleutherAI/pythia-160m,10,9,0.009945366326279625,0.005278820127952777,0.007612093227116201,0.520140561964941,0.520140561964941,0.4942419546169654,0.4022093402626082,0.4022093402626082,0.37814797107249365,0.11793122170233278,0.11793122170233278,0.11609398354447176
EleutherAI/pythia-160m,10,10,0.001318743848425008,-0.005869467427411124,-0.002275361789493058,0.47723628851786914,0.47723628851786914,0.4517248344129909,0.46789140693665426,0.46789140693665426,0.43773895542514984,0.009344881581214881,0.009344881581214881,0.013985878987841038
EleutherAI/pythia-160m,10,11,0.009956900529035195,-0.001947357898622215,0.00400477131520649,0.4694488525294333,0.4694488525294333,0.4655289182787156,0.43287643528609254,0.43287643528609254,0.4334793856250541,0.03657241724334076,0.03657241724334076,0.032049532653661505
EleutherAI/pythia-160m,11,0,-0.03764667661171295,-0.008639598455954633,-0.02314313753383379,0.8492361935970234,0.8492361935970234,0.8458676868958003,0.8417408806491848,0.8417408806491848,0.8371655201341399,0.007495312947838562,0.007495312947838562,0.008702166761660357
EleutherAI/pythia-160m,11,1,-0.0107820766178639,-0.008841447004183323,-0.009811761811023612,0.8544975188560784,0.8544975188560784,0.8502446635164261,0.8489674083140539,0.8489674083140539,0.8460467595416378,0.005530110542024458,0.005530110542024458,0.004197903974788364
EleutherAI/pythia-160m,11,2,0.00844880351870092,0.004326767808809251,0.006387785663755086,0.7220028410005699,0.7220028410005699,0.7167942832447735,0.7109936900376379,0.7109936900376379,0.7055024765010219,0.01100915096293198,0.01100915096293198,0.01129180674375152
EleutherAI/pythia-160m,11,3,0.001074603223425008,0.00880348025344535,0.004939041738435179,0.6726889559319866,0.6726889559319866,0.6565501708419321,0.6587348656486408,0.6587348656486408,0.6459454672779351,0.013954090283345821,0.013954090283345821,0.010604703563997009
EleutherAI/pythia-160m,11,4,0.005846399021899984,0.004545917661171295,0.005196158341535639,0.5076542039632859,0.5076542039632859,0.5062192838763058,0.4891804558230046,0.4891804558230046,0.4903515870636418,0.018473748140281243,0.018473748140281243,0.01586769681266398
EleutherAI/pythia-160m,11,5,-0.012292095995324992,-0.016789954478346303,-0.014541025236835647,0.8837624134164254,0.8837624134164254,0.8808773975071358,0.8848586598431598,0.8848586598431598,0.880775577640727,-0.0010962464267344485,-0.0010962464267344485,0.00010181986640878105
EleutherAI/pythia-160m,11,6,-0.0028234767162889085,0.005802665169783339,0.001489594226747215,0.8143986563700596,0.8143986563700596,0.8116336504298108,0.7867599721946643,0.7867599721946643,0.7858134439493728,0.02763868417539528,0.02763868417539528,0.025820206480438035
EleutherAI/pythia-160m,11,7,0.007877379890501857,0.005195677749753713,0.006536528820127785,0.6814512704543982,0.6814512704543982,0.6741309167974957,0.6459439040141502,0.6459439040141502,0.6474128618147078,0.03550736644024799,0.03550736644024799,0.026718054982787898
EleutherAI/pythia-160m,11,8,0.011302557517224088,0.0023294283649120118,0.00681599294106805,0.7388343223311946,0.7388343223311946,0.732141814654781,0.665377220529403,0.665377220529403,0.6648003802862564,0.07345710180179166,0.07345710180179166,0.06734143436852458
EleutherAI/pythia-160m,11,9,-0.0013398898868111075,0.0008391132504925736,-0.000250388318159267,0.8265840886454061,0.8265840886454061,0.8180852057118937,0.806729649246751,0.806729649246751,0.803578688821748,0.019854439398655166,0.019854439398655166,0.014506516890145704
EleutherAI/pythia-160m,11,10,0.00999342550442961,0.00806144654281482,0.009027436023622215,0.7318487774808048,0.7318487774808048,0.7172706608704519,0.7162167445580497,0.7162167445580497,0.7027875517144814,0.015632032922755057,0.015632032922755057,0.014483109155970508
EleutherAI/pythia-160m,11,11,-0.0014840674212601712,0.0034097986897148047,0.0009628656342273167,0.8093735366201718,0.8093735366201718,0.8030266983720554,0.7580994158363571,0.7580994158363571,0.7559767664377174,0.05127412078381466,0.05127412078381466,0.04704993193433804
EleutherAI/pythia-410m,0,0,-0.015575499046506014,-0.007894200602854617,-0.011734849824680316,0.5145262608213856,0.5145262608213856,0.50519575756694,0.11473326017587185,0.11473326017587185,0.1120753928880373,0.3997930006455138,0.3997930006455138,0.3931203646789027
EleutherAI/pythia-410m,0,1,0.006153497170275468,0.012803926242618058,0.009478711706446763,0.285029492968596,0.285029492968596,0.3121279091644115,0.204170765827112,0.204170765827112,0.22274735553574643,0.08085872714148398,0.08085872714148398,0.0893805536286651
EleutherAI/pythia-410m,0,2,-0.012331744817298151,-0.008430541031004157,-0.010381142924151154,0.3456878392355538,0.3456878392355538,0.35370020677072267,0.14004336582490481,0.14004336582490481,0.13292346419329581,0.20564447341064898,0.20564447341064898,0.22077674257742685
EleutherAI/pythia-410m,0,3,-0.004108098548228245,-0.0010299081877462868,-0.002569003367987266,0.44823288087730356,0.44823288087730356,0.4686995680784401,0.16416220425860878,0.16416220425860878,0.16908368556257855,0.2840706766186948,0.2840706766186948,0.2996158825158616
EleutherAI/pythia-410m,0,4,-0.011990044060654625,-0.013210026297982402,-0.012600035179318514,0.4055629974034845,0.4055629974034845,0.3982732576652661,0.16802020992715253,0.16802020992715253,0.16704761221753744,0.23754278747633198,0.23754278747633198,0.23122564544772867
EleutherAI/pythia-410m,0,5,-0.003412922536294438,-0.00024317944143703585,-0.001828050988865737,0.672329925889867,0.672329925889867,0.6716730885408057,0.09770433817246563,0.09770433817246563,0.08795809706821336,0.5746255877174014,0.5746255877174014,0.5837149914725923
EleutherAI/pythia-410m,0,6,-0.0006507212721458266,0.0022020715428148208,0.0007756751353344971,0.46353209896082403,0.46353209896082403,0.4777803197639371,0.16075706687935934,0.16075706687935934,0.164835682575999,0.3027750320814647,0.3027750320814647,0.3129446371879381
EleutherAI/pythia-410m,0,7,0.00634525329109259,0.013225164939099088,0.009785209115095839,0.5119629077502624,0.5119629077502624,0.5170222096005993,0.1367499384965148,0.1367499384965148,0.13449572312701216,0.37521296925374764,0.37521296925374764,0.3825264864735871
EleutherAI/pythia-410m,0,8,-0.0009991503137301017,0.0026704082338828705,0.0008356289600763844,0.47457507635751756,0.47457507635751756,0.46647228831366183,0.19193397987157784,0.19193397987157784,0.17593813079606466,0.2826410964859397,0.2826410964859397,0.29053415751759715
EleutherAI/pythia-410m,0,9,-0.004327969288262956,-0.0029984121247541573,-0.0036631907065085567,0.4925201590316527,0.4925201590316527,0.502194730886837,0.12865846255045169,0.12865846255045169,0.1267165145628077,0.36386169648120104,0.36386169648120104,0.3754782163240293
EleutherAI/pythia-410m,0,10,0.0041049747016486116,0.004472867710383799,0.004288921206016205,0.45473809179483804,0.45473809179483804,0.45367395130175775,0.14482735682726053,0.14482735682726053,0.13794380715691143,0.3099107349675775,0.3099107349675775,0.31573014414484635
EleutherAI/pythia-410m,0,11,0.007679135780634727,0.006330835537647683,0.007004985659141205,0.5462016191955255,0.5462016191955255,0.5385768381876438,0.13760304252146865,0.13760304252146865,0.13286230517057337,0.4085985766740568,0.4085985766740568,0.4057145330170704
EleutherAI/pythia-410m,0,12,0.004271259458046295,0.005787286232775468,0.0050292728454108815,0.37831919123880375,0.37831919123880375,0.38759683474236367,0.17049261801684978,0.17049261801684978,0.16081140468614544,0.20782657322195397,0.20782657322195397,0.22678543005621823
EleutherAI/pythia-410m,0,13,0.004276065375861116,0.0036959910955953745,0.003986028235728245,0.2776921486547508,0.2776921486547508,0.2938190939799434,0.19700373217328324,0.19700373217328324,0.21020523534779462,0.08068841648146755,0.08068841648146755,0.08361385863214876
EleutherAI/pythia-410m,0,14,0.012498269869586576,0.014433853269562036,0.013466061569574306,0.42353504260613606,0.42353504260613606,0.40804630670967396,0.15099473877715516,0.15099473877715516,0.1381368199807656,0.27254030382898087,0.27254030382898087,0.26990948672890835
EleutherAI/pythia-410m,0,15,-0.0017755463367370439,-0.00699693574680138,-0.004386241041769212,0.4579121374386971,0.4579121374386971,0.4577609440180557,0.1279914445363054,0.1279914445363054,0.12087472608819431,0.3299206929023917,0.3299206929023917,0.3368862179298614
EleutherAI/pythia-410m,1,0,0.011159821758119914,0.00520096425935046,0.008180393008735187,0.3224539940181404,0.3224539940181404,0.33407949592494485,0.18444218630793913,0.18444218630793913,0.19014071941744204,0.13801180771020127,0.13801180771020127,0.1439387765075028
EleutherAI/pythia-410m,1,1,0.014620563176673151,0.002601683609128713,0.008611123392900932,0.3066161492145498,0.3066161492145498,0.31178092918289485,0.1464635983397097,0.1464635983397097,0.14628937106725112,0.16015255087484012,0.16015255087484012,0.16549155811564373
EleutherAI/pythia-410m,1,2,0.011674295260211576,0.010355551411786124,0.01101492333599885,0.44699654739126604,0.44699654739126604,0.4355617407920558,0.2132403317520457,0.2132403317520457,0.21569691120308387,0.23375621563922033,0.23375621563922033,0.2198648295889719
EleutherAI/pythia-410m,1,3,0.0008162851408712868,-0.006830650990403697,-0.003007182924766205,0.40491283343574985,0.40491283343574985,0.4010636263477824,0.1318374873742434,0.1318374873742434,0.13137408502369877,0.27307534606150646,0.27307534606150646,0.2696895413240836
EleutherAI/pythia-410m,1,4,0.002777339905265741,0.004913089782234259,0.00384521484375,0.6134830738448305,0.6134830738448305,0.6352634991539463,0.2220306634492483,0.2220306634492483,0.22291727392255395,0.3914524103955822,0.3914524103955822,0.41234622523139236
EleutherAI/pythia-410m,1,5,0.004846768116387956,0.0015972467858018646,0.0032220074510949104,0.48972236598583785,0.48972236598583785,0.4902931378669922,0.17622277654001975,0.17622277654001975,0.17448383531733472,0.3134995894458181,0.3134995894458181,0.31580930254965744
EleutherAI/pythia-410m,1,6,0.0035811296598180498,0.005152905081200476,0.004367017370509263,0.45089219389263496,0.45089219389263496,0.4325949246771492,0.12074930463465379,0.12074930463465379,0.11403251206349647,0.3301428892579812,0.3301428892579812,0.31856241261365276
EleutherAI/pythia-410m,1,7,-0.0010402409110481514,0.0006062665323569583,-0.00021698718934559658,0.36518169020188856,0.36518169020188856,0.36639998691983905,0.1477353536899037,0.1477353536899037,0.14656383948879015,0.21744633651198486,0.21744633651198486,0.2198361474310489
EleutherAI/pythia-410m,1,8,-0.007336954432209719,-0.0037675992710384243,-0.005552276851624072,0.40537586810469667,0.40537586810469667,0.4120101258007758,0.28654049555544003,0.28654049555544003,0.28952868010245975,0.11883537254925663,0.11883537254925663,0.12248144569831604
EleutherAI/pythia-410m,1,9,-0.002653827817421295,-0.0024454912801430417,-0.0025496595487821683,0.23956248378462192,0.23956248378462192,0.22731439926370306,0.14499687455673713,0.14499687455673713,0.13921952184577682,0.09456560922788479,0.09456560922788479,0.08809487741792624
EleutherAI/pythia-410m,1,10,0.010593444343626857,0.0034504086952509283,0.0070219265194388925,0.522742101612375,0.522742101612375,0.5252086928304299,0.0986290206669864,0.0986290206669864,0.09071630992811644,0.4241130809453886,0.4241130809453886,0.4344923829023135
EleutherAI/pythia-410m,1,11,0.008548286017470375,0.006316898375984259,0.007432592196727317,0.3729619327342073,0.3729619327342073,0.35103689571064217,0.12095844148744178,0.12095844148744178,0.10925173899874005,0.2520034912467655,0.2520034912467655,0.24178515671190212
EleutherAI/pythia-410m,1,12,0.007157933993602317,0.011514738788754642,0.00933633639117848,0.42126689285217434,0.42126689285217434,0.4353342266254791,0.15200687640539423,0.15200687640539423,0.16300394567085796,0.2692600164467801,0.2692600164467801,0.27233028095462114
EleutherAI/pythia-410m,1,13,0.00035323495939953986,0.00523004006213057,0.002791637510765055,0.4212169072413876,0.4212169072413876,0.423793634690748,0.1941733428471751,0.1941733428471751,0.1826278991228187,0.2270435643942125,0.2270435643942125,0.24116573556792928
EleutherAI/pythia-410m,1,14,0.008375993863804165,0.008677324910801865,0.008526659387303015,0.3527920681750007,0.3527920681750007,0.36018531420530225,0.12810437466730493,0.12810437466730493,0.13003738965059486,0.22468769350769577,0.22468769350769577,0.2301479245547074
EleutherAI/pythia-410m,1,15,0.010403850885826849,0.006119375153789353,0.0082616130198081,0.6905390056063615,0.6905390056063615,0.7029289103539567,0.17948480206116735,0.17948480206116735,0.18203967543055574,0.5110542035451942,0.5110542035451942,0.5208892349234009
EleutherAI/pythia-410m,2,0,0.006863811823326849,0.0031959353469486196,0.005029873585137734,0.3361621847019666,0.3361621847019666,0.32783833083474867,0.15597193756409827,0.15597193756409827,0.154322622367559,0.18019024713786835,0.18019024713786835,0.17351570846718967
EleutherAI/pythia-410m,2,1,0.005695012610728245,0.004963551919291209,0.005329282265009727,0.4582023508032422,0.4582023508032422,0.44951639150219946,0.17929055069708696,0.17929055069708696,0.18003643627365776,0.27891180010615524,0.27891180010615524,0.26947995522854173
EleutherAI/pythia-410m,2,2,0.007612573818897683,0.008905365711121771,0.008258969765009727,0.457370484210518,0.457370484210518,0.453592288091645,0.19430776228134206,0.19430776228134206,0.19652687089926438,0.26306272192917596,0.26306272192917596,0.25706541719238063
EleutherAI/pythia-410m,2,3,0.003234142393577777,0.006032147745447691,0.004633145069512734,0.3114752563218247,0.3114752563218247,0.29976151758193254,0.19724547015140093,0.19724547015140093,0.1999012413804725,0.11422978617042379,0.11422978617042379,0.09986027620146004
EleutherAI/pythia-410m,2,4,0.008194570466289353,0.007462148591289353,0.007828359528789353,0.5892105483038798,0.5892105483038798,0.5759599897545757,0.14309613369181262,0.14309613369181262,0.13572193130591262,0.44611441461206713,0.44611441461206713,0.44023805844866315
EleutherAI/pythia-410m,2,5,0.00786296213705695,0.006091981422243986,0.006977471779650468,0.39113115286668326,0.39113115286668326,0.3994331195489438,0.17252856013665138,0.17252856013665138,0.16887844887681214,0.21860259273003188,0.21860259273003188,0.23055467067213165
EleutherAI/pythia-410m,2,6,0.005570299043430094,0.0053316852239171375,0.005450992133673616,0.331546793753101,0.331546793753101,0.32280678473750735,0.22599599650167138,0.22599599650167138,0.2244859380425507,0.1055507972514296,0.1055507972514296,0.09832084669495664
EleutherAI/pythia-410m,2,7,0.00553425465981805,0.007398710476131942,0.006466482567974996,0.4666037009179816,0.4666037009179816,0.4615286120738902,0.1889735601406011,0.1889735601406011,0.18238922567736232,0.27763014077738046,0.27763014077738046,0.27913938639652786
EleutherAI/pythia-410m,2,8,-0.0010599451740893606,-0.0016556386872541573,-0.001357791930671759,0.40518663301271485,0.40518663301271485,0.4285871413036265,0.20083157616604255,0.20083157616604255,0.1995732407492113,0.2043550568466723,0.2043550568466723,0.22901390055441523
EleutherAI/pythia-410m,2,9,-0.0010479303795523087,0.0004969319020666774,-0.0002754992387428157,0.47145984122802276,0.47145984122802276,0.4679223169253268,0.17322796845231922,0.17322796845231922,0.16724880148196972,0.2982318727757035,0.2982318727757035,0.3006735154433571
EleutherAI/pythia-410m,2,10,0.00834643746924213,-0.008008821742741201,0.00016880786325046415,0.6184766007377399,0.6184766007377399,0.6252410640411646,0.17883443234887014,0.17883443234887014,0.1852665736739924,0.43964216838886977,0.43964216838886977,0.43997449036717223
EleutherAI/pythia-410m,2,11,0.002685546875,0.009964830293430094,0.006325188584215047,0.2768284638921432,0.2768284638921432,0.2781371669525309,0.21362377424071488,0.21362377424071488,0.20538477756764137,0.06320468965142834,0.06320468965142834,0.07275238938488951
EleutherAI/pythia-410m,2,12,0.0015782634104333226,0.0054234782541828785,0.0035008708323081006,0.39603668686982196,0.39603668686982196,0.3980749397859713,0.1767361152894658,0.1767361152894658,0.1805272741703453,0.21930057158035615,0.21930057158035615,0.217547665615626
EleutherAI/pythia-410m,2,13,0.0050510196235236116,-0.0008004256120819342,0.0021252970057208387,0.5612132963105817,0.5612132963105817,0.553312284793922,0.16004887061463113,0.16004887061463113,0.15625016617752593,0.40116442569595057,0.40116442569595057,0.39706211861639606
EleutherAI/pythia-410m,2,14,0.002562995970718518,0.003748375599778253,0.0031556857852483855,0.4372964531003915,0.4372964531003915,0.4292389885788199,0.1707241272465151,0.1707241272465151,0.16652740818889877,0.2665723258538764,0.2665723258538764,0.26271158038992115
EleutherAI/pythia-410m,2,15,0.0003892793430120278,-0.004332775206077777,-0.0019717479315328745,0.43194685452151604,0.43194685452151604,0.43995657771984625,0.15213161715506474,0.15213161715506474,0.14859828041409162,0.2798152373664513,0.2798152373664513,0.29135829730575463
EleutherAI/pythia-410m,3,0,0.0057344211368111075,0.002545454370693534,0.004139937753752321,0.4117472187586813,0.4117472187586813,0.395885015994117,0.18923716727507472,0.18923716727507472,0.180945530870687,0.22251005148360659,0.22251005148360659,0.21493948512343003
EleutherAI/pythia-410m,3,1,0.004898672028789353,0.0004005732498768566,0.0026496226393331046,0.40201367634954993,0.40201367634954993,0.39642273751938795,0.09979970192918473,0.09979970192918473,0.09664180470807038,0.3022139744203652,0.3022139744203652,0.29978093281131757
EleutherAI/pythia-410m,3,2,-0.0021943820743111075,0.005396805410309735,0.0016012116679993138,0.3858347363389861,0.3858347363389861,0.37306474574302767,0.16136579104688897,0.16136579104688897,0.1566725300683309,0.2244689452920971,0.2244689452920971,0.21639221567469677
EleutherAI/pythia-410m,3,3,0.006975068820743058,0.011367197111835647,0.009171132966289353,0.39438909796744365,0.39438909796744365,0.39673900677813634,0.146213176050667,0.146213176050667,0.14079865509515047,0.24817592191677665,0.24817592191677665,0.2559403516829859
EleutherAI/pythia-410m,3,4,0.00432052011564954,0.0023460087813726993,0.0033332644485111196,0.4777616045202781,0.4777616045202781,0.4775086293926295,0.15438711146044923,0.15438711146044923,0.13472280241304607,0.3233744930598289,0.3233744930598289,0.34278582697958343
EleutherAI/pythia-410m,3,5,0.004673514779158339,0.000884769469734259,0.002779142124446299,0.4450830309913433,0.4450830309913433,0.4434809320145944,0.13469015334034676,0.13469015334034676,0.13167018025259655,0.31039287765099655,0.31039287765099655,0.3118107517619978
EleutherAI/pythia-410m,3,6,0.013359970933809251,0.005040686900221303,0.009200328917015277,0.42614659824972284,0.42614659824972284,0.4185801624372767,0.22250995562250747,0.22250995562250747,0.21951734143282456,0.20363664262721537,0.20363664262721537,0.19906282100445213
EleutherAI/pythia-410m,3,7,0.010322630874754157,0.012670081431471303,0.01149635615311273,0.40278983487858405,0.40278983487858405,0.41494938303726825,0.23472430756511184,0.23472430756511184,0.23753897321306944,0.1680655273134722,0.1680655273134722,0.1774104098241988
EleutherAI/pythia-410m,3,8,0.0038788562684546335,0.004749448280634727,0.00431415227454468,0.43008546929601477,0.43008546929601477,0.42874747244775424,0.13472235172043864,0.13472235172043864,0.129621501000014,0.2953631175755761,0.2953631175755761,0.2991259714477402
EleutherAI/pythia-410m,3,9,0.004250113419660639,0.0015056940514268646,0.002877903735543752,0.3460472996116321,0.3460472996116321,0.3562835861141199,0.11005961503791285,0.11005961503791285,0.10944538660534431,0.23598768457371927,0.23598768457371927,0.2468381995087756
EleutherAI/pythia-410m,3,10,0.0020602969672736116,0.0068393016424703745,0.004449799304871993,0.34177774602564587,0.34177774602564587,0.34337828786572894,0.16181907849509689,0.16181907849509689,0.16027653328865424,0.17995866753054898,0.17995866753054898,0.1831017545770747
EleutherAI/pythia-410m,3,11,0.011277807040477317,0.009679599071112044,0.01047870305579468,0.4218892958593767,0.4218892958593767,0.4128631237167324,0.1652947681628187,0.1652947681628187,0.1590274263041591,0.256594527696558,0.256594527696558,0.2538356974125733
EleutherAI/pythia-410m,3,12,0.00304478923166851,0.005446066067913424,0.004245427649790967,0.4104626234117535,0.4104626234117535,0.40475388680972846,0.1814856344799467,0.1814856344799467,0.18505476414261043,0.2289769889318068,0.2289769889318068,0.21969912266711802
EleutherAI/pythia-410m,3,13,0.008780411847933323,0.005198801596333347,0.006989606722133335,0.44785642401151926,0.44785642401151926,0.4379664176152394,0.14018141721729932,0.14018141721729932,0.13596604018954753,0.30767500679421994,0.30767500679421994,0.30200037742569186
EleutherAI/pythia-410m,3,14,-0.0010635496124509203,0.0006946954201523248,-0.00018442709614929775,0.3215278921980254,0.3215278921980254,0.311263410859222,0.21114672145102045,0.21114672145102045,0.20623071910373025,0.11038117074700496,0.11038117074700496,0.10503269175549174
EleutherAI/pythia-410m,3,15,0.00157994548166851,0.00876070758489167,0.00517032653328009,0.34798729545664453,0.34798729545664453,0.3362632733313052,0.18958531226244607,0.18958531226244607,0.18228584970221273,0.15840198319419846,0.15840198319419846,0.15397742362909245
EleutherAI/pythia-410m,4,0,0.010067676934670367,0.005206971656618986,0.007637324295644676,0.3986230533800302,0.3986230533800302,0.4026413204539806,0.10975396435759108,0.10975396435759108,0.10627614426522773,0.28886908902243913,0.28886908902243913,0.29636517618875285
EleutherAI/pythia-410m,4,1,0.007749542476624072,0.007841095210999072,0.007795318843811572,0.3334229352187047,0.3334229352187047,0.3459768120479342,0.2193256111335534,0.2193256111335534,0.20348795763896763,0.1140973240851513,0.1140973240851513,0.14248885440896655
EleutherAI/pythia-410m,4,2,0.0070404293030263965,0.00873980184239631,0.007890115572711354,0.4912076696555017,0.4912076696555017,0.47890802535962,0.20018974876721093,0.20018974876721093,0.19644755164660357,0.2910179208882908,0.2910179208882908,0.2824604737130164
EleutherAI/pythia-410m,4,3,0.007648137610728245,0.0048011118971453826,0.006224624753936814,0.560638491010009,0.560638491010009,0.5477850811793329,0.2011851161366943,0.2011851161366943,0.19984275617341266,0.35945337487331463,0.35945337487331463,0.34794232500592026
EleutherAI/pythia-410m,4,4,-0.003862275851993058,-0.0015354907418800856,-0.0026988832969365717,0.2483088853375057,0.2483088853375057,0.2608431400681958,0.24516116546982178,0.24516116546982178,0.24712138872738737,0.003147719867683918,0.003147719867683918,0.013721751340808441
EleutherAI/pythia-410m,4,5,0.010362279696727317,0.00999462698388287,0.010178453340305094,0.26231790308097797,0.26231790308097797,0.2532307569368192,0.1274298581411914,0.1274298581411914,0.13049177632134676,0.13488804493978657,0.13488804493978657,0.12273898061547242
EleutherAI/pythia-410m,4,6,0.009991983729084719,0.00750972717765741,0.008750855453371065,0.832160713871546,0.832160713871546,0.8239643758792599,0.2041791507220029,0.2041791507220029,0.1883216265962634,0.6279815631495431,0.6279815631495431,0.6356427492829965
EleutherAI/pythia-410m,4,7,-0.001403328001968518,0.0008787620724652889,-0.0002622829647516145,0.38488283041211585,0.38488283041211585,0.38578142841665536,0.1767059260418529,0.1767059260418529,0.17801159596969782,0.20817690437026296,0.20817690437026296,0.20776983244695754
EleutherAI/pythia-410m,4,8,0.018021951510211576,0.01249466543122546,0.015258308470718518,0.4217820212595622,0.4217820212595622,0.4110287333763111,0.17673448846740225,0.17673448846740225,0.17249295693261413,0.24504753279215996,0.24504753279215996,0.23853577644369695
EleutherAI/pythia-410m,4,9,0.008098932701771755,0.005182942067543994,0.0066409373846578745,0.4749686856761889,0.4749686856761889,0.47046226404184266,0.0882021893311947,0.0882021893311947,0.09362041268472339,0.38676649634499416,0.38676649634499416,0.3768418513571193
EleutherAI/pythia-410m,4,10,0.00873884065883379,0.007655346487450476,0.008197093573142133,0.3444614802358483,0.3444614802358483,0.34356508577329603,0.20442875660239276,0.20442875660239276,0.20464681238832275,0.14003272363345556,0.14003272363345556,0.13891827338497328
EleutherAI/pythia-410m,4,11,0.15393643116387823,0.16093601016547732,0.15743622066467777,0.5882399876418778,0.5882399876418778,0.5864739697699478,0.1636703564711192,0.1636703564711192,0.1572968463713812,0.42456963117075863,0.42456963117075863,0.4291771233985666
EleutherAI/pythia-410m,4,12,0.010281780573326849,-0.00038255105807083467,0.004949614757628007,0.4099072613885112,0.4099072613885112,0.4065938100458833,0.24881028933192492,0.24881028933192492,0.24414486778557407,0.16109697205658627,0.16109697205658627,0.16244894226030923
EleutherAI/pythia-410m,4,13,0.023514634980930094,0.019787645715427793,0.021651140348178943,0.39930560881863386,0.39930560881863386,0.39915932679426575,0.20056975706617103,0.20056975706617103,0.1944121549035741,0.19873585175246283,0.19873585175246283,0.20474717189069164
EleutherAI/pythia-410m,4,14,0.017642043706938892,0.022392693467027325,0.02001736858698311,0.4742004414983394,0.4742004414983394,0.46814485232546105,0.1971986170163051,0.1971986170163051,0.18965070317769403,0.2770018244820343,0.2770018244820343,0.27849414914776704
EleutherAI/pythia-410m,4,15,-0.00037414070189445425,0.003136822557824548,0.0013813409279650468,0.8323129383163292,0.8323129383163292,0.826879697775346,0.10899741931519948,0.10899741931519948,0.11341098864185513,0.7233155190011298,0.7233155190011298,0.7134687091334908
EleutherAI/pythia-410m,5,0,0.005097156434547223,0.007649579386072691,0.006373367910309957,0.47289836183511674,0.47289836183511674,0.4723428079460243,0.14620815119435104,0.14620815119435104,0.14871636333494725,0.3266902106407657,0.3266902106407657,0.32362644461107704
EleutherAI/pythia-410m,5,1,0.011730524498646755,-0.0038295956108513884,0.003950464443897683,0.42518718584980975,0.42518718584980975,0.40389292375559305,0.12743810198079727,0.12743810198079727,0.11842545715344797,0.29774908386901244,0.29774908386901244,0.28546746660214506
EleutherAI/pythia-410m,5,2,0.020570289431594446,0.0257794237512301,0.023174856591412274,0.28651996523320117,0.28651996523320117,0.2838369547976102,0.09837320216406037,0.09837320216406037,0.09666005500787182,0.1881467630691408,0.1881467630691408,0.18717689978973834
EleutherAI/pythia-410m,5,3,0.0005534014363925976,0.0011697603961611236,0.0008615809162768606,0.4557996483055462,0.4557996483055462,0.4584068637044458,0.19128436960813394,0.19128436960813394,0.1815251081924748,0.26451527869741226,0.26451527869741226,0.276881755511971
EleutherAI/pythia-410m,5,4,0.0046115184393453745,0.016038068636195835,0.010324793537770605,0.2924517271320868,0.2924517271320868,0.28600891306469434,0.14366318089479338,0.14366318089479338,0.1352447330291993,0.1487885462372934,0.1487885462372934,0.15076418003549505
EleutherAI/pythia-410m,5,5,0.007686344657357402,0.006368321696604173,0.007027333176980788,0.5937290271079383,0.5937290271079383,0.5866817865681118,0.0864519232767868,0.0864519232767868,0.07892117858511132,0.5072771038311514,0.5072771038311514,0.5077606079830005
EleutherAI/pythia-410m,5,6,0.01160725270669305,0.00797806386872546,0.009792658287709255,0.39955600622722237,0.39955600622722237,0.3897230820434586,0.2265179410926069,0.2265179410926069,0.2240130651806289,0.17303806513461548,0.17303806513461548,0.1657100168628297
EleutherAI/pythia-410m,5,7,0.0012851024237203745,0.0027124600147634403,0.0019987812192419074,0.4202546668185693,0.4202546668185693,0.4138972098674469,0.2810185567394054,0.2810185567394054,0.2805737019728294,0.13923611007916392,0.13923611007916392,0.1333235078946175
EleutherAI/pythia-410m,5,8,0.001971868079478245,-0.00023957500307592028,0.0008661465382011624,0.6009109596951908,0.6009109596951908,0.6131478478227133,0.0949128877586979,0.0949128877586979,0.09362928329483335,0.5059980719364929,0.5059980719364929,0.5195185645278799
EleutherAI/pythia-410m,5,9,0.011329470656988416,0.004658135842150468,0.007993803249569442,0.42474743722475006,0.42474743722475006,0.43016472676805373,0.13611521454228076,0.13611521454228076,0.12751892439296636,0.2886322226824693,0.2886322226824693,0.30264580237508737
EleutherAI/pythia-410m,5,10,0.0020614984467273167,0.0064425731268453745,0.004252035786786346,0.459598012833676,0.459598012833676,0.45392217055116163,0.27282580144263757,0.27282580144263757,0.27763944053522815,0.18677221139103845,0.18677221139103845,0.17628273001593348
EleutherAI/pythia-410m,5,11,0.004115547720841661,0.010265921044537052,0.007190734382689357,0.33977025931614474,0.33977025931614474,0.3357392383813197,0.18942870276097398,0.18942870276097398,0.1813589480545276,0.15034155655517076,0.15034155655517076,0.1543802903267921
EleutherAI/pythia-410m,5,12,7.329024667823703e-05,-0.00731124277189954,-0.0036189762626106514,0.43343980796503034,0.43343980796503034,0.4483101400635423,0.11208831566331737,0.11208831566331737,0.10954389731728362,0.321351492301713,0.321351492301713,0.33876624274625866
EleutherAI/pythia-410m,5,13,0.0067472683163138925,-0.0003044548935777769,0.003221406711368058,0.37013337851181843,0.37013337851181843,0.3531647789892209,0.18162418516246942,0.18162418516246942,0.1628297205646783,0.188509193349349,0.188509193349349,0.1903350584245426
EleutherAI/pythia-410m,5,14,-0.00128173828125,-0.001391072911540281,-0.0013364055963951404,0.4011443262585326,0.4011443262585326,0.39547016052953504,0.18395123229023969,0.18395123229023969,0.174643477710562,0.2171930939682929,0.2171930939682929,0.22082668281897305
EleutherAI/pythia-410m,5,15,0.0017481526051921215,0.003497746985728245,0.0026229497954601833,0.475404529888395,0.475404529888395,0.46584880621541946,0.13795906342353928,0.13795906342353928,0.12605825400472317,0.33744546646485574,0.33744546646485574,0.3397905522106963
EleutherAI/pythia-410m,6,0,0.0033917764979083387,0.00815035602239167,0.005771066260150004,0.02521190224518619,0.02521190224518619,0.05204463080397144,-0.13509060322873928,-0.13509060322873928,-0.11551322887150785,0.16030250547392547,0.16030250547392547,0.1675578596754793
EleutherAI/pythia-410m,6,1,0.0012709249661662092,0.004978690560408339,0.003124807763287274,0.4945930213792762,0.4945930213792762,0.47081828348609545,0.28545797233061426,0.28545797233061426,0.2673029034388095,0.20913504904866193,0.20913504904866193,0.20351538004728592
EleutherAI/pythia-410m,6,2,0.0013843446265995318,0.004026638241264813,0.0027054914339321723,0.053102518598992524,0.053102518598992524,0.048558126014074124,0.056171722328201334,0.056171722328201334,0.0459288623630396,-0.003069203729208811,-0.003069203729208811,0.0026292636510345246
EleutherAI/pythia-410m,6,3,0.005100039985236116,0.007111797182578705,0.00610591858390741,-0.022916609989034963,-0.022916609989034963,-0.016014024483106466,-0.00045477552889786337,-0.00045477552889786337,0.0018883696893466349,-0.0224618344601371,-0.0224618344601371,-0.017902394172453102
EleutherAI/pythia-410m,6,4,0.008216917984129157,0.008197934608759727,0.008207426296444442,0.20911266324745595,0.20911266324745595,0.19572133391606827,0.02357609649217874,0.02357609649217874,0.02623194070465087,0.18553656675527722,0.18553656675527722,0.1694893932114174
EleutherAI/pythia-410m,6,5,0.005870428610974532,0.0014278381828245479,0.00364913339689954,0.353450234063316,0.353450234063316,0.32204394844676,0.10264727904143142,0.10264727904143142,0.09009570381183905,0.25080295502188454,0.25080295502188454,0.23194824463492092
EleutherAI/pythia-410m,6,6,0.005526324895423151,0.000586321973425008,0.0030563234344240797,0.19900382561369148,0.19900382561369148,0.18758933046041776,0.1198258310656209,0.1198258310656209,0.10500865351243376,0.07917799454807058,0.07917799454807058,0.082580676947984
EleutherAI/pythia-410m,6,7,0.002311886764887028,0.006543497400959719,0.0044276920829233735,0.2598808113581336,0.2598808113581336,0.259548892028784,0.234035066124985,0.234035066124985,0.2282670909940064,0.025845745233148615,0.025845745233148615,0.031281801034777595
EleutherAI/pythia-410m,6,8,0.008666511595718518,0.009158397284079633,0.008912454439899076,0.30174501031475714,0.30174501031475714,0.3200295204763634,0.08870174932688388,0.08870174932688388,0.0805140853155999,0.21304326098787327,0.21304326098787327,0.2395154351607635
EleutherAI/pythia-410m,6,9,0.006294070266363416,-0.0031404269961861075,0.0015768216350886544,0.2537301758824102,0.2537301758824102,0.24594856252830627,0.09874168685124812,0.09874168685124812,0.08902497428638576,0.15498848903116208,0.15498848903116208,0.15692358824192051
EleutherAI/pythia-410m,6,10,0.006122499000368986,0.003966804564468518,0.005044651782418752,0.6909857033579817,0.6909857033579817,0.6819394749781916,0.17096730580353475,0.17096730580353475,0.15895670097803916,0.520018397554447,0.520018397554447,0.5229827740001525
EleutherAI/pythia-410m,6,11,0.0023152509073574024,0.01044398029958149,0.006379615603469446,0.19267250320032914,0.19267250320032914,0.20478193535680733,0.1342335614273304,0.1342335614273304,0.14437981605293382,0.05843894177299874,0.05843894177299874,0.060402119303873514
EleutherAI/pythia-410m,6,12,0.005708228884719446,0.0013759342704231514,0.003542081577571299,0.6626112830686781,0.6626112830686781,0.6751263899897292,0.19775912848250388,0.19775912848250388,0.1863544769428979,0.46485215458617424,0.46485215458617424,0.4887719130468313
EleutherAI/pythia-410m,6,13,0.00722810039370092,0.0003450648991139005,0.0037865826464074104,0.3993143289421984,0.3993143289421984,0.3965828218588142,0.1520736810757986,0.1520736810757986,0.13898209076197782,0.24724064786639982,0.24724064786639982,0.2576007310968364
EleutherAI/pythia-410m,6,14,0.0022864154004675896,0.0017491137887546415,0.0020177645946111156,0.24722560097797477,0.24722560097797477,0.23729223512226222,0.1546166934114294,0.1546166934114294,0.14191828469611822,0.09260890756654538,0.09260890756654538,0.095373950426144
EleutherAI/pythia-410m,6,15,0.0037810558409203665,0.002837173582062036,0.003309114711491201,0.4391156101780585,0.4391156101780585,0.4332518552907885,0.23058008667614083,0.23058008667614083,0.22171443223461984,0.20853552350191767,0.20853552350191767,0.21153742305616868
EleutherAI/pythia-410m,7,0,0.015926811638779625,0.006360872523991201,0.011143842081385413,0.9840135627653538,0.9840135627653538,0.9802672934835762,0.2732447701237895,0.2732447701237895,0.26813469961356046,0.7107687926415642,0.7107687926415642,0.7121325938700158
EleutherAI/pythia-410m,7,1,0.002269114096333791,2.4750476746771e-05,0.001146932286540281,0.08749143484440566,0.08749143484440566,0.10216317487201049,0.1351220796305121,0.1351220796305121,0.1463003994199909,-0.04763064478610643,-0.04763064478610643,-0.044137224547980414
EleutherAI/pythia-410m,7,2,0.010241891455462504,0.00551767424335603,0.007879782849409267,0.3625346257010339,0.3625346257010339,0.3310088715234506,0.17111495100986918,0.17111495100986918,0.15853089568069934,0.19141967469116472,0.19141967469116472,0.17247797584275126
EleutherAI/pythia-410m,7,3,0.00285111074372546,0.003716656542199548,0.003283883642962504,0.45843238215864274,0.45843238215864274,0.4568300241498534,0.1447796282732081,0.1447796282732081,0.1402545250658409,0.3136527538854347,0.3136527538854347,0.3165754990840125
EleutherAI/pythia-410m,7,4,0.010816679226131942,0.011654590997169922,0.011235635111650932,0.25953638017766767,0.25953638017766767,0.27623675199964154,0.24837640495350002,0.24837640495350002,0.2440269707619095,0.011159975224167645,0.011159975224167645,0.03220978123773205
EleutherAI/pythia-410m,7,5,-0.0032807597963828705,0.00031815175935046014,-0.0014813040185162052,0.4420510652218016,0.4420510652218016,0.43109286076449593,0.1435979770907974,0.1435979770907974,0.13022736385597306,0.2984530881310042,0.2984530881310042,0.3008654969085229
EleutherAI/pythia-410m,7,6,0.0030676173412893526,0.006032388041338432,0.0045500026913138925,0.41446382816371413,0.41446382816371413,0.4140964453467653,0.15116809254877608,0.15116809254877608,0.1573654884814379,0.263295735614938,0.263295735614938,0.25673095686532743
EleutherAI/pythia-410m,7,7,-0.0016152689776083307,0.002551702063853245,0.0004682165431224572,0.01738473102088614,0.01738473102088614,0.035594881626430715,0.0024509432615491458,0.0024509432615491458,0.010599883546171985,0.014933787759336995,0.014933787759336995,0.024994998080258728
EleutherAI/pythia-410m,7,8,0.004203015425074064,0.006134513794906482,0.005168764609990273,0.2890941043697257,0.2890941043697257,0.28984324991648736,0.17844632089396895,0.17844632089396895,0.17334795699996108,0.11064778347575677,0.11064778347575677,0.11649529291652627
EleutherAI/pythia-410m,7,9,0.0076812984436513965,0.008321927288385655,0.008001612866018526,0.457584375815051,0.457584375815051,0.447618262401019,0.28950394282950437,0.28950394282950437,0.2725611534079872,0.16808043298554665,0.16808043298554665,0.17505710899303178
EleutherAI/pythia-410m,7,10,0.002630038524237044,0.0026660829078490877,0.002648060716043066,0.33767243241443684,0.33767243241443684,0.3331734204933013,0.12093422291803992,0.12093422291803992,0.11649574978843262,0.21673820949639694,0.21673820949639694,0.21667767070486865
EleutherAI/pythia-410m,7,11,0.011046642393577777,0.014335572250245843,0.01269110732191181,0.469093492374516,0.469093492374516,0.4709480465821798,0.3591488987690283,0.3591488987690283,0.3524760918875791,0.1099445936054877,0.1099445936054877,0.1184719546946007
EleutherAI/pythia-410m,7,12,0.005326158418430094,-0.00030998169906526485,0.0025080883596824144,0.5612561959425059,0.5612561959425059,0.5367051669093483,0.1779996804068419,0.1779996804068419,0.16799763671913168,0.383256515535664,0.383256515535664,0.3687075301902166
EleutherAI/pythia-410m,7,13,0.00537109375,0.0019271730437990797,0.00364913339689954,0.2690545339750974,0.2690545339750974,0.24136140970406939,0.13059967614429666,0.13059967614429666,0.11771973300669761,0.13845485783080072,0.13845485783080072,0.12364167669737178
EleutherAI/pythia-410m,7,14,-0.0006463959461120439,0.007338396207554165,0.0033460001307210607,0.2532572231277987,0.2532572231277987,0.237617263753615,0.12670582194920288,0.12670582194920288,0.112033009522118,0.1265514011785958,0.1265514011785958,0.125584254231497
EleutherAI/pythia-410m,7,15,0.002837894469734259,-0.00038687638410461744,0.0012255090428148208,0.33704860162636285,0.33704860162636285,0.295264788911955,0.17050968141809228,0.17050968141809228,0.13762828094886653,0.16653892020827057,0.16653892020827057,0.15763650796308848
EleutherAI/pythia-410m,8,0,0.005413385826771755,0.013058639886810663,0.00923601285679121,0.4882933406689467,0.4882933406689467,0.47563094089379654,0.21254004484216432,0.21254004484216432,0.21504388149735781,0.2757532958267824,0.2757532958267824,0.2605870593964387
EleutherAI/pythia-410m,8,1,0.006948155680979173,0.0108298955001227,0.008889025590550936,0.48561760095237233,0.48561760095237233,0.4661020728642526,0.1548914941304219,0.1548914941304219,0.14452430483223938,0.33072610682195047,0.33072610682195047,0.3215777680320132
EleutherAI/pythia-410m,8,2,0.0017851581723671295,0.00786296213705695,0.00482406015471204,0.43324566467824804,0.43324566467824804,0.41784706021360934,0.13616325442137533,0.13616325442137533,0.128535170775914,0.2970824102568727,0.2970824102568727,0.28931188943769537
EleutherAI/pythia-410m,8,3,0.00455168476254908,-0.0004012941375495238,0.002075195312499778,0.45544424407027,0.45544424407027,0.47443942353472957,0.14668705647608832,0.14668705647608832,0.15239910868054288,0.3087571875941817,0.3087571875941817,0.3220403148541867
EleutherAI/pythia-410m,8,4,0.006519708107775468,-0.0023577832800198983,0.002080962413877785,0.23326421507222292,0.23326421507222292,0.22219361196228035,0.15140738187989783,0.15140738187989783,0.13847317390745795,0.08185683319232509,0.08185683319232509,0.0837204380548224
EleutherAI/pythia-410m,8,5,-5.550835076295613e-05,0.005498931163877785,0.0027217114065574144,0.7047092524983417,0.7047092524983417,0.6954122113033453,0.18576546253908727,0.18576546253908727,0.18138551972476386,0.5189437899592544,0.5189437899592544,0.5140266915785814
EleutherAI/pythia-410m,8,6,0.008578323003813892,0.007519579309177793,0.008048951156495843,0.18994917242946507,0.18994917242946507,0.1995922212194293,0.21992528767900443,0.21992528767900443,0.22339893117401877,-0.02997611524953936,-0.02997611524953936,-0.023806709954589472
EleutherAI/pythia-410m,8,7,0.007448451725516669,0.006675660140870843,0.007062055933193756,0.04386688458686284,0.04386688458686284,0.01947626968475969,0.06831657801203296,0.06831657801203296,0.05088835968909711,-0.024449693425170123,-0.024449693425170123,-0.031412090004337416
EleutherAI/pythia-410m,8,8,-0.0033800019992615837,0.008506955124261584,0.0025634765625,0.3941954734331604,0.3941954734331604,0.3758707274946072,0.2616523655806877,0.2616523655806877,0.2427428121066801,0.1325431078524727,0.1325431078524727,0.1331279153879271
EleutherAI/pythia-410m,8,9,0.005961741049458791,0.00324639748400557,0.00460406926673218,0.2781015918179137,0.2781015918179137,0.2857076318968064,0.28349766077376104,0.28349766077376104,0.2877436822517859,-0.005396068955847322,-0.005396068955847322,-0.0020360503549795017
EleutherAI/pythia-410m,8,10,0.027181309977854173,0.026506318820743058,0.026843814399298616,0.2976095083683636,0.2976095083683636,0.2648036660428889,0.23484603308141655,0.23484603308141655,0.20846479108034577,0.06276347528694703,0.06276347528694703,0.05633887496254314
EleutherAI/pythia-410m,8,11,0.005228117695005086,0.005643829585999072,0.005435973640502079,0.2962132258668253,0.2962132258668253,0.2919034428930926,0.22819115281343572,0.22819115281343572,0.22272568748637725,0.06802207305338959,0.06802207305338959,0.06917775540671536
EleutherAI/pythia-410m,8,12,0.005993940698818978,0.012158731775959719,0.009076336237389349,0.3926200808503007,0.3926200808503007,0.3678668689225467,0.12138696039574452,0.12138696039574452,0.10184059985978568,0.27123312045455616,0.27123312045455616,0.26602626906276106
EleutherAI/pythia-410m,8,13,0.003790667676550008,0.009745199849286124,0.006767933762918066,0.3548306914269737,0.3548306914269737,0.3500310130089145,0.3127016218411897,0.3127016218411897,0.30472756771573933,0.042129069585783996,0.042129069585783996,0.04530344529317515
EleutherAI/pythia-410m,8,14,0.009956419937254157,0.0007151205708662012,0.005335770254060179,0.3724860193241696,0.3724860193241696,0.3592638100377375,0.2177092130445999,0.2177092130445999,0.2032313385912794,0.1547768062795697,0.1547768062795697,0.1560324714464581
EleutherAI/pythia-410m,8,15,0.0052036075141486116,0.004082867479699548,0.00464323749692408,0.48116966930138005,0.48116966930138005,0.47672590632650447,0.3055894454066397,0.3055894454066397,0.2992744535047263,0.17558022389474037,0.17558022389474037,0.17745145282177816
EleutherAI/pythia-410m,9,0,0.0026831439160925896,0.006383940929502785,0.004533542422797687,0.10616568236001354,0.10616568236001354,0.1061637103988397,0.0853029602569169,0.0853029602569169,0.07243954175994692,0.020862722103096643,0.020862722103096643,0.033724168638892785
EleutherAI/pythia-410m,9,1,0.004395492433562964,0.005417470856914353,0.004906481645238658,0.4169716141892337,0.4169716141892337,0.41348719736288153,0.22014985481371357,0.22014985481371357,0.21623473925402092,0.1968217593755201,0.1968217593755201,0.1972524581088606
EleutherAI/pythia-410m,9,2,0.011243925319881942,0.000823974609375,0.006033949964628471,0.38131486489711364,0.38131486489711364,0.3926250539027747,0.2346032637880436,0.2346032637880436,0.230918143225305,0.14671160110907003,0.14671160110907003,0.1617069106774697
EleutherAI/pythia-410m,9,3,0.00417033518393195,0.005196879229207418,0.004683607206569684,0.4139433671161415,0.4139433671161415,0.4236825803461115,0.20506566876767776,0.20506566876767776,0.20429453288606078,0.20887769834846373,0.20887769834846373,0.21938804746005072
EleutherAI/pythia-410m,9,4,0.0064058078555611075,0.0033280980868601873,0.004866952971210647,0.33300220033206407,0.33300220033206407,0.3212992837065233,0.21823138740441303,0.21823138740441303,0.20985453140830562,0.11477081292765104,0.11477081292765104,0.11144475229821765
EleutherAI/pythia-410m,9,5,0.010015052134596303,0.006927249938484259,0.008471151036540281,0.4560963972749659,0.4560963972749659,0.45130042217098393,0.1125765996728547,0.1125765996728547,0.10901761770965077,0.3435197976021112,0.3435197976021112,0.3422828044613332
EleutherAI/pythia-410m,9,6,0.003357414185531482,0.0006125142255166693,0.0019849642055240757,0.1998711110716222,0.1998711110716222,0.20953278192058022,0.1232403650994694,0.1232403650994694,0.13285178529395997,0.0766307459721528,0.0766307459721528,0.07668099662662026
EleutherAI/pythia-410m,9,7,0.011745663139763884,0.008768877645176865,0.010257270392470375,0.5882066490928707,0.5882066490928707,0.5859299288901789,0.25823772398828276,0.25823772398828276,0.2411113769910392,0.3299689251045879,0.3299689251045879,0.3448185518991397
EleutherAI/pythia-410m,9,8,0.006287582277312964,0.005658487635334719,0.005973034956323842,0.34697566030738813,0.34697566030738813,0.38150600947733954,0.09913245984394169,0.09913245984394169,0.09964239278498957,0.24784320046344643,0.24784320046344643,0.28186361669234994
EleutherAI/pythia-410m,9,9,0.004521647776205562,0.009902593657726388,0.007212120716965975,0.4158266760152372,0.4158266760152372,0.43645722619054944,0.13820064962090275,0.13820064962090275,0.14789347105090464,0.2776260263943344,0.2776260263943344,0.28856375513964483
EleutherAI/pythia-410m,9,10,0.008383443036417138,-0.0038408895177166613,0.002271276759350238,0.41831981354702774,0.41831981354702774,0.40959862006639136,0.18998651229721256,0.18998651229721256,0.18829812633470144,0.22833330124981518,0.22833330124981518,0.22130049373168992
EleutherAI/pythia-410m,9,11,0.007838692252091661,0.004327969288262512,0.006083330770177087,0.3026301006774179,0.3026301006774179,0.30150047691891924,0.22317765604114717,0.22317765604114717,0.21628804126298048,0.07945244463627074,0.07945244463627074,0.08521243565593875
EleutherAI/pythia-410m,9,12,0.007255974717027769,0.003050556333046295,0.005153265525037032,0.4699126723376336,0.4699126723376336,0.47164561704702584,0.22211816412300237,0.22211816412300237,0.22106921715016856,0.24779450821463125,0.24779450821463125,0.2505763998968573
EleutherAI/pythia-410m,9,13,0.004251795490895827,0.006758321927288424,0.0055050587090921255,0.5139356233648367,0.5139356233648367,0.4992842868651055,0.23182095907434294,0.23182095907434294,0.2234714277139629,0.2821146642904937,0.2821146642904937,0.2758128591511426
EleutherAI/pythia-410m,9,14,0.0014263964074805457,0.007582536832554165,0.0045044666200173555,0.47192315076577285,0.47192315076577285,0.45853996772603844,0.2675936988153713,0.2675936988153713,0.2466338747614049,0.20432945195040153,0.20432945195040153,0.21190609296463356
EleutherAI/pythia-410m,9,15,0.007791353961614345,-0.00031695027989675495,0.003737201840858795,0.40886544914201206,0.40886544914201206,0.40816213613335733,0.2588771874314644,0.2588771874314644,0.24598915623338363,0.1499882617105477,0.1499882617105477,0.1621729798999737
EleutherAI/pythia-410m,10,0,-0.00015282818651574104,-0.00035203347994583467,-0.00025243083323078785,0.014785352535331343,0.014785352535331343,0.006376488908648659,0.03700120997709939,0.03700120997709939,0.03125676632275397,-0.022215857441768044,-0.022215857441768044,-0.02488027741410531
EleutherAI/pythia-410m,10,1,0.006701371801181022,0.005051980807086576,0.005876676304133799,0.47692715323560203,0.47692715323560203,0.4633823100571037,0.18034873786266184,0.18034873786266184,0.17485464840252807,0.29657841537294016,0.29657841537294016,0.2885276616545756
EleutherAI/pythia-410m,10,2,0.00511998454416851,-0.0011935496893458186,0.0019632174274113456,0.41859687529283496,0.41859687529283496,0.4267195823295327,0.21681779791184877,0.21681779791184877,0.21334940302509714,0.2017790773809862,0.2017790773809862,0.21337017930443558
EleutherAI/pythia-410m,10,3,-0.0020920160248523167,0.005998025728961576,0.0019530048520546295,0.13959878305654977,0.13959878305654977,0.14905666457975605,0.07566176976556956,0.07566176976556956,0.07455959434360963,0.06393701329098021,0.06393701329098021,0.07449707023614642
EleutherAI/pythia-410m,10,4,0.003478763610359259,0.004188357375737972,0.0038335604930486156,0.17296535048236467,0.17296535048236467,0.17943521648027977,0.13262809644513923,0.13262809644513923,0.12266745048429144,0.040337254037225434,0.040337254037225434,0.05676776599598833
EleutherAI/pythia-410m,10,5,0.0034340685746800936,0.00913989450049213,0.0062869815375861116,0.42628275979579777,0.42628275979579777,0.4258640836943722,0.15059364659741706,0.15059364659741706,0.14874104236402375,0.27568911319838074,0.27568911319838074,0.27712304133034843
EleutherAI/pythia-410m,10,6,-0.0014547513225884323,0.005090908741387512,0.0018180787093995399,0.29963222915136106,0.29963222915136106,0.30398863497221085,0.23550278443396133,0.23550278443396133,0.24163206037424143,0.06412944471739973,0.06412944471739973,0.06235657459796942
EleutherAI/pythia-410m,10,7,0.007540485051673151,0.008224847748523612,0.007882666400098381,0.5681529005890845,0.5681529005890845,0.5802810501377782,0.11826350879188967,0.11826350879188967,0.11688110164028652,0.44988939179719484,0.44988939179719484,0.46339994849749166
EleutherAI/pythia-410m,10,8,0.004584845595472675,0.00272303303395649,0.0036539393147145827,0.20644606467105653,0.20644606467105653,0.2144570994922743,0.13759580745795463,0.13759580745795463,0.1495290236219116,0.0688502572131019,0.0688502572131019,0.0649280758703627
EleutherAI/pythia-410m,10,9,0.006022295613927309,-0.0007456381489912012,0.0026383287324680538,-0.08155692896259982,-0.08155692896259982,-0.06085872900646032,-0.06847001338231899,-0.06847001338231899,-0.053874580812042605,-0.013086915580280828,-0.013086915580280828,-0.006984148194417714
EleutherAI/pythia-410m,10,10,0.006888562300074064,0.008502629798228245,0.007695596049151154,0.4230498356321761,0.4230498356321761,0.4212879908737941,0.3129170790373283,0.3129170790373283,0.31344061376498433,0.11013275659484778,0.11013275659484778,0.10784737710880976
EleutherAI/pythia-410m,10,11,-0.0023176538662648127,-0.0011072834645671215,-0.001712468665415967,0.34187439304936806,0.34187439304936806,0.333270270878577,0.1557105415988667,0.1557105415988667,0.15526029947269993,0.18616385145050138,0.18616385145050138,0.1780099714058771
EleutherAI/pythia-410m,10,12,0.002595195620078705,0.009134607990895383,0.005864901805487044,0.39167351671918293,0.39167351671918293,0.392460066038511,0.24118109878819094,0.24118109878819094,0.24372107649112046,0.150492417930992,0.150492417930992,0.14873898954739057
EleutherAI/pythia-410m,10,13,-0.0036289485420768486,0.005681075449064821,0.001026063453493986,0.2512530723576568,0.2512530723576568,0.2568591012773844,0.11871496560245233,0.11871496560245233,0.1266087342312016,0.1325381067552045,0.1325381067552045,0.13025036704618284
EleutherAI/pythia-410m,10,14,0.006561759888656482,-0.0031341793030268406,0.0017137902928148208,0.47925005998421905,0.47925005998421905,0.4646779083269272,0.1716899088475825,0.1716899088475825,0.17727914937588693,0.30756015113663654,0.30756015113663654,0.2873987589510403
EleutherAI/pythia-410m,10,15,0.0012653981606791653,0.005142812653789353,0.003204105407234259,0.5392667658832034,0.5392667658832034,0.5522463721632004,0.21329334897693186,0.21329334897693186,0.21514348122165222,0.3259734169062716,0.3259734169062716,0.33710289094154816
EleutherAI/pythia-410m,11,0,0.010617233636811108,0.011471966120201404,0.011044599878506256,0.3318934363176373,0.3318934363176373,0.3360622809462129,0.16509821187216536,0.16509821187216536,0.1685233515415203,0.16679522444547193,0.16679522444547193,0.1675389294046926
EleutherAI/pythia-410m,11,1,0.006479818989911568,0.015588955616387512,0.01103438730314954,0.11233357279826552,0.11233357279826552,0.10134954423182577,0.07071724725517492,0.07071724725517492,0.06235128211616803,0.041616325543090596,0.041616325543090596,0.03899826211565774
EleutherAI/pythia-410m,11,2,0.0005288912555365677,0.004730945497047223,0.0026299183762918954,0.04679993050032749,0.04679993050032749,0.03524358232228288,0.048060051226345844,0.048060051226345844,0.04376248588491412,-0.001260120726018353,-0.001260120726018353,-0.008518903562631235
EleutherAI/pythia-410m,11,3,0.002116526205708791,0.002369077186884727,0.002242801696296759,0.5599461737638051,0.5599461737638051,0.5764601976892821,0.29622444291719086,0.29622444291719086,0.3058781240196374,0.2637217308466142,0.2637217308466142,0.27058207366964476
EleutherAI/pythia-410m,11,4,0.004589170921506014,0.004103532926304165,0.00434635192390509,0.2862779295089634,0.2862779295089634,0.27581410071890017,0.1330154228377409,0.1330154228377409,0.13124801039698988,0.15326250667122251,0.15326250667122251,0.14456609032191028
EleutherAI/pythia-410m,11,5,0.004141980268824064,0.007205752875861116,0.00567386657234259,0.3021063359390625,0.3021063359390625,0.31021285669386256,0.25886959209379395,0.25886959209379395,0.2648230899401486,0.043236743845268544,0.043236743845268544,0.04538976675371398
EleutherAI/pythia-410m,11,6,0.0035008708323083226,0.007978544460506942,0.005739707646407632,0.1348878763599699,0.1348878763599699,0.1783638436734818,0.1121171759056336,0.1121171759056336,0.1337636940513716,0.02277070045433631,0.02277070045433631,0.0446001496221102
EleutherAI/pythia-410m,11,7,0.008527620570866201,0.0021713136687990797,0.0053494671198326404,0.463915313959789,0.463915313959789,0.4619572080929491,0.31251483925096835,0.31251483925096835,0.31441353950384204,0.15140047470882068,0.15140047470882068,0.14754366858910706
EleutherAI/pythia-410m,11,8,0.004581481453001857,0.006477416031003713,0.005529448742002785,0.48332401125891533,0.48332401125891533,0.469496631137224,0.18892464167624407,0.18892464167624407,0.17637695660437797,0.29439936958267127,0.29439936958267127,0.29311967453284604
EleutherAI/pythia-410m,11,9,0.011581060454601388,0.007153128075787052,0.00936709426519422,0.4823740443698751,0.4823740443698751,0.46272249691698353,0.24044915481443502,0.24044915481443502,0.23094837805855853,0.24192488955544006,0.24192488955544006,0.231774118858425
EleutherAI/pythia-410m,11,10,0.010303407203493986,0.0072663074403296335,0.00878485732191181,0.32265107224792805,0.32265107224792805,0.2908936962237888,0.2361413820967164,0.2361413820967164,0.21207743384953587,0.08650969015121165,0.08650969015121165,0.07881626237425293
EleutherAI/pythia-410m,11,11,0.0029128667876476833,-0.0029638095164865597,-2.5471364419438203e-05,0.2649865763593654,0.2649865763593654,0.25993145513201116,0.1459654965277686,0.1459654965277686,0.1390982035132053,0.1190210798315968,0.1190210798315968,0.12083325161880587
EleutherAI/pythia-410m,11,12,0.008440633458415281,0.004798949234128713,0.006619791346271997,0.34013998343915486,0.34013998343915486,0.34122600880620013,0.18266391458391465,0.18266391458391465,0.17646390433003176,0.1574760688552402,0.1574760688552402,0.16476210447616838
EleutherAI/pythia-410m,11,13,0.00812007874015741,0.008632149283341217,0.008376114011749314,0.41173973756300314,0.41173973756300314,0.3995421998025431,0.15933288747008265,0.15933288747008265,0.14787814690106998,0.2524068500929205,0.2524068500929205,0.2516640529014731
EleutherAI/pythia-410m,11,14,0.006001630167322691,0.003423976147268526,0.004712803157295609,0.061224972726261345,0.061224972726261345,0.07344322786768027,0.05338263199608337,0.05338263199608337,0.05671859732736912,0.007842340730177977,0.007842340730177977,0.016724630540311154
EleutherAI/pythia-410m,11,15,0.0038610743725393526,0.001947598194512512,0.0029043362835259323,0.40173336414563965,0.40173336414563965,0.3877087609471357,0.2670711883671894,0.2670711883671894,0.24824938827355184,0.13466217577845024,0.13466217577845024,0.13945937267358385
EleutherAI/pythia-410m,12,0,0.003990113265871287,0.005726010780634727,0.004858062023253007,0.4792788078815465,0.4792788078815465,0.4694467223064598,0.16413147947300125,0.16413147947300125,0.16164349635586128,0.3151473284085452,0.3151473284085452,0.3078032259505985
EleutherAI/pythia-410m,12,1,-0.002940500815083791,0.0055698184516486116,0.0013146588182824104,0.36831191937783586,0.36831191937783586,0.3892612273551584,0.2948433706940026,0.2948433706940026,0.28906432772711405,0.07346854868383323,0.07346854868383323,0.10019689962804434
EleutherAI/pythia-410m,12,2,0.00012183001660925896,0.009576031542199548,0.004848930779404403,0.46210036736381677,0.46210036736381677,0.4571401258902452,0.19274237138594685,0.19274237138594685,0.18283311217068668,0.2693579959778699,0.2693579959778699,0.27430701371955857
EleutherAI/pythia-410m,12,3,0.008249598225270827,0.0021705927811268566,0.005210095503198842,0.1492285124364758,0.1492285124364758,0.16632223630758128,0.13408923695389416,0.13408923695389416,0.14499891937934292,0.015139275482581649,0.015139275482581649,0.021323316928238356
EleutherAI/pythia-410m,12,4,0.0052824245663138925,0.010334165077509727,0.00780829482191181,0.5147316860300496,0.5147316860300496,0.5247142636373554,0.11559738682572629,0.11559738682572629,0.11591297776489139,0.3991342992043233,0.3991342992043233,0.408801285872464
EleutherAI/pythia-410m,12,5,0.0055265651913138925,0.005280502199187964,0.005403533695250928,0.5216031942774753,0.5216031942774753,0.5048947942200545,0.1234811575259806,0.1234811575259806,0.11242637692777001,0.39812203675149466,0.39812203675149466,0.39246841729228443
EleutherAI/pythia-410m,12,6,0.008269783080093518,0.011005311500368986,0.009637547290231252,0.17899942073564026,0.17899942073564026,0.15849184290024865,0.13234765039679805,0.13234765039679805,0.12762951061262487,0.04665177033884221,0.04665177033884221,0.030862332287623778
EleutherAI/pythia-410m,12,7,0.00693806325356805,0.0024817759596453826,0.004709919606606716,0.3819540613111172,0.3819540613111172,0.3747800533805827,0.20959165082385547,0.20959165082385547,0.20183509194740054,0.17236241048726172,0.17236241048726172,0.17294496143318214
EleutherAI/pythia-410m,12,8,0.0022989107867865677,0.0074554203063481594,0.0048771655465673636,0.19341296890005047,0.19341296890005047,0.19815491865344695,0.0982871469471409,0.0982871469471409,0.10269198779117902,0.09512582195290957,0.09512582195290957,0.09546293086226793
EleutherAI/pythia-410m,12,9,0.012384129321481474,0.01175167053703241,0.012067899929256942,0.5652525015736722,0.5652525015736722,0.5612752219020711,0.28703150981995956,0.28703150981995956,0.28736371405610095,0.2782209917537127,0.2782209917537127,0.2739115078459702
EleutherAI/pythia-410m,12,10,-2.931609867129481e-05,0.0038971187561513965,0.0019339013287400508,0.5911958532048923,0.5911958532048923,0.6015546458673371,0.2538265020044701,0.2538265020044701,0.24305127733074244,0.3373693512004222,0.3373693512004222,0.35850336853659465
EleutherAI/pythia-410m,12,11,0.004114586537278697,0.0029453067328986116,0.0035299466350886544,0.48697240476829795,0.48697240476829795,0.5152205449136986,0.25250406306297885,0.25250406306297885,0.2645340753961418,0.2344683417053191,0.2344683417053191,0.2506864695175568
EleutherAI/pythia-410m,12,12,0.001336525744340733,-0.0008170060285435099,0.00025975985789861156,0.6031465750177409,0.6031465750177409,0.6091360432739433,0.3246694306856027,0.3246694306856027,0.3211556350084974,0.2784771443321382,0.2784771443321382,0.2879804082654459
EleutherAI/pythia-410m,12,13,0.007896363265871287,0.007981187715305094,0.00793877549058819,0.48289338561534256,0.48289338561534256,0.4711912936979682,0.2901974413382025,0.2901974413382025,0.28342028644577855,0.19269594427714004,0.19269594427714004,0.18777100725218965
EleutherAI/pythia-410m,12,14,0.013065127875861116,0.003913939468503713,0.008489533672182414,0.5226927117390284,0.5226927117390284,0.5037705146340492,0.22359985583127323,0.22359985583127323,0.20847867008925988,0.2990928559077552,0.2990928559077552,0.2952918445447893
EleutherAI/pythia-410m,12,15,0.002710777943528697,0.003789225901205562,0.0032500019223671295,0.4323670044846776,0.4323670044846776,0.44610333812620484,0.2300349927836912,0.2300349927836912,0.24044919848566673,0.20233201170098639,0.20233201170098639,0.2056541396405381
EleutherAI/pythia-410m,13,0,0.010260153943159267,0.010508139302411124,0.010384146622785195,0.5454257548543628,0.5454257548543628,0.5253842897762129,0.21815552330036256,0.21815552330036256,0.20147207603639797,0.32727023155400026,0.32727023155400026,0.32391221373981494
EleutherAI/pythia-410m,13,1,0.007885549950787496,0.007851908526082418,0.007868729238434957,0.3188410362318091,0.3188410362318091,0.3104411496948459,0.1899230213441856,0.1899230213441856,0.18945869903465903,0.1289180148876235,0.1289180148876235,0.12098245066018684
EleutherAI/pythia-410m,13,2,0.009406863235113416,0.0006622554749013965,0.005034559355007406,0.35363636802825915,0.35363636802825915,0.33178573926306404,0.149574410117969,0.149574410117969,0.1389217361763668,0.20406195791029016,0.20406195791029016,0.19286400308669724
EleutherAI/pythia-410m,13,3,0.009636105514887028,0.0017851581723671295,0.005710631843627079,0.2697649505988335,0.2697649505988335,0.2512474338097491,0.24152822573789065,0.24152822573789065,0.22982120702633257,0.028236724860942836,0.028236724860942836,0.021426226783416547
EleutherAI/pythia-410m,13,4,0.0005084661048226913,0.0024519792691926057,0.0014802226870076485,0.23501184909781703,0.23501184909781703,0.2225213190237414,0.12099822417455765,0.12099822417455765,0.12414828727117412,0.11401362492325938,0.11401362492325938,0.09837303175256727
EleutherAI/pythia-410m,13,5,0.0032514436977115757,0.003461222010334719,0.0033563328540231474,0.1964037569300506,0.1964037569300506,0.19176316428911758,0.16579323965527729,0.16579323965527729,0.16075051472216326,0.03061051727477332,0.03061051727477332,0.03101264956695432
EleutherAI/pythia-410m,13,6,0.00774689922182592,0.008966641163262512,0.008356770192544216,0.47716157888193067,0.47716157888193067,0.4708455849292482,0.29362411094842317,0.29362411094842317,0.29037491629456263,0.1835374679335075,0.1835374679335075,0.18047066863468558
EleutherAI/pythia-410m,13,7,0.0014146219088337908,0.004260926734743986,0.0028377743217888884,0.7167766855065143,0.7167766855065143,0.7157893575357037,0.20369955668552098,0.20369955668552098,0.19224130543840906,0.5130771288209933,0.5130771288209933,0.5235480520972946
EleutherAI/pythia-410m,13,8,0.0026595949187990797,0.007220651221087504,0.004940123069943292,0.4728704007199504,0.4728704007199504,0.45876178877731233,0.30934594513588654,0.30934594513588654,0.2972160446186604,0.16352445558406387,0.16352445558406387,0.16154574415865192
EleutherAI/pythia-410m,13,9,0.006743663877952777,0.000647357129675008,0.0036955105038138925,0.2671519054384378,0.2671519054384378,0.2410997172277282,0.1938526873049597,0.1938526873049597,0.17815815519311762,0.07329921813347812,0.07329921813347812,0.06294156203461057
EleutherAI/pythia-410m,13,10,0.0018776720903050936,0.004548080324187964,0.003212876207246529,0.42845453367860054,0.42845453367860054,0.40616943490318397,0.19346560848700525,0.19346560848700525,0.1756319000698367,0.23498892519159528,0.23498892519159528,0.23053753483334727
EleutherAI/pythia-410m,13,11,0.006499042661171295,0.0005976158802902809,0.003548329270730788,0.44630660318470594,0.44630660318470594,0.4270114356468735,0.2969382583871107,0.2969382583871107,0.26846434606519604,0.14936834479759525,0.14936834479759525,0.15854708958167746
EleutherAI/pythia-410m,13,12,0.011687511534202777,0.010148416353961576,0.010917963944082176,0.5068675246237851,0.5068675246237851,0.5173959341834384,0.3272444624122911,0.3272444624122911,0.3259052709356998,0.17962306221149404,0.17962306221149404,0.1914906632477386
EleutherAI/pythia-410m,13,13,0.008317601962352317,0.00567386657234259,0.006995734267347453,0.3728388426897506,0.3728388426897506,0.3626838245745639,0.24062610265722836,0.24062610265722836,0.21331215136333018,0.13221274003252223,0.13221274003252223,0.1493716732112337
EleutherAI/pythia-410m,13,14,0.010229876660925008,0.007262462706077777,0.008746169683501392,0.14777552382495882,0.14777552382495882,0.1253369465704634,0.14561412931585557,0.14561412931585557,0.12981787431507258,0.0021613945091032427,0.0021613945091032427,-0.0044809277446091755
EleutherAI/pythia-410m,13,15,0.007355216919906482,0.0033355472594731594,0.005345382089689821,0.31407765052740083,0.31407765052740083,0.3131464638744222,0.19299272578685056,0.19299272578685056,0.1755290046612881,0.12108492474055027,0.12108492474055027,0.1376174592131341
EleutherAI/pythia-410m,14,0,0.004789817990280554,0.00282059316560046,0.003805205577940507,0.2015912151854631,0.2015912151854631,0.1913453430157835,0.15894994767774387,0.15894994767774387,0.15474702001360466,0.04264126750771924,0.04264126750771924,0.03659832300217883
EleutherAI/pythia-410m,14,1,0.0018452321450541653,0.003704882043552793,0.002775057094303479,0.6413489425277712,0.6413489425277712,0.6386521459921537,0.24364958680780413,0.24364958680780413,0.24033321383772485,0.39769935571996706,0.39769935571996706,0.3983189321544288
EleutherAI/pythia-410m,14,2,0.002710297351747215,-0.00039576733206203585,0.0011572650098425896,0.3136177098094667,0.3136177098094667,0.3110348056774368,0.1415346880399366,0.1415346880399366,0.14942256817493516,0.17208302176953008,0.17208302176953008,0.16161223750250164
EleutherAI/pythia-410m,14,3,0.0028107410340796335,0.008469468965305094,0.0056401049996923636,0.48529207445275285,0.48529207445275285,0.4820353322518961,0.2718668595751862,0.2718668595751862,0.25851464498007826,0.21342521487756666,0.21342521487756666,0.22352068727181784
EleutherAI/pythia-410m,14,4,0.0032139575387550856,0.0006800373708166774,0.0019469974547858815,0.4410291335423762,0.4410291335423762,0.40373277135222274,0.23278371273653645,0.23278371273653645,0.21406371178356967,0.20824542080583977,0.20824542080583977,0.18966905956865307
EleutherAI/pythia-410m,14,5,0.001885361558809251,0.003357173889640741,0.002621267724224996,0.28130205080529325,0.28130205080529325,0.20293083634570203,0.22816684729393868,0.22816684729393868,0.17761625306733,0.05313520351135456,0.05313520351135456,0.02531458327837202
EleutherAI/pythia-410m,14,6,0.0035996324434055538,0.003803163062868986,0.00370139775313727,0.590743151680576,0.590743151680576,0.6146034284268275,0.18863892293109266,0.18863892293109266,0.18305245149777083,0.40210422874948337,0.40210422874948337,0.43155097692905664
EleutherAI/pythia-410m,14,7,0.012067899929256942,0.009798785832923151,0.010933342881090047,0.546555018659721,0.546555018659721,0.5347661245809662,0.33318907183655955,0.33318907183655955,0.30899148165628404,0.21336594682316146,0.21336594682316146,0.22577464292468213
EleutherAI/pythia-410m,14,8,0.0028487077848180498,0.002924160694512512,0.002886434239665281,0.5627695621746507,0.5627695621746507,0.5732856489605656,0.40099888761424907,0.40099888761424907,0.40426237170895324,0.16177067456040162,0.16177067456040162,0.1690232772516123
EleutherAI/pythia-410m,14,9,0.005069522407111116,0.007257416492371771,0.006163469449741443,0.37836934572048025,0.37836934572048025,0.3774685377406717,0.24815737114831307,0.24815737114831307,0.23462011017758364,0.13021197457216718,0.13021197457216718,0.14284842756308805
EleutherAI/pythia-410m,14,10,0.0020768773837351873,0.007067342442790281,0.004572109913262734,0.4522212924672762,0.4522212924672762,0.4529120003640443,0.22302353014522333,0.22302353014522333,0.21166597988421482,0.22919776232205288,0.22919776232205288,0.24124602047982946
EleutherAI/pythia-410m,14,11,-0.003692626953125,0.00038615549643195024,-0.0016532357283465249,0.8187287222722083,0.8187287222722083,0.8067565267346518,0.19601711985986753,0.19601711985986753,0.1876296266269164,0.6227116024123407,0.6227116024123407,0.6191269001077354
EleutherAI/pythia-410m,14,12,0.006555512195497215,0.005198561300442606,0.00587703674796991,0.44949486774198955,0.44949486774198955,0.4346036753935735,0.3100836257523677,0.3100836257523677,0.2913866897362955,0.13941124198962185,0.13941124198962185,0.14321698565727797
EleutherAI/pythia-410m,14,13,0.008082832877091661,0.006575456754429165,0.007329144815760413,0.38022889590407755,0.38022889590407755,0.39663980630450446,0.2162459814540731,0.2162459814540731,0.22176685429110063,0.16398291445000446,0.16398291445000446,0.17487295201340383
EleutherAI/pythia-410m,14,14,-0.002239797997662496,7.088728777038256e-05,-0.0010844553549460567,0.34783455414252573,0.34783455414252573,0.3194188031280164,0.23656292812275942,0.23656292812275942,0.21197832223990748,0.11127162601976631,0.11127162601976631,0.10744048088810892
EleutherAI/pythia-410m,14,15,-0.0025425708200050856,0.010951485220841217,0.004204457200418066,0.4039045429793536,0.4039045429793536,0.3878506059898778,0.3288679886549554,0.3288679886549554,0.3175335634104423,0.07503655432439815,0.07503655432439815,0.0703170425794355
EleutherAI/pythia-410m,15,0,-0.0011308324618601873,-0.0027939203217273167,-0.001962376391793752,0.3276103413587245,0.3276103413587245,0.28318762364689076,0.2029252531680255,0.2029252531680255,0.17918354498495115,0.12468508819069901,0.12468508819069901,0.10400407866193961
EleutherAI/pythia-410m,15,1,8.987066313981273e-05,7.401113435046014e-05,8.194089874513644e-05,0.26657807788542315,0.26657807788542315,0.2619767045576713,0.1614416606754606,0.1614416606754606,0.15034786004545195,0.10513641720996256,0.10513641720996256,0.11162884451221936
EleutherAI/pythia-410m,15,2,0.001202921229084719,0.0049351970041828785,0.003069059116633799,0.5485210305081651,0.5485210305081651,0.5209496329727885,0.3376587336889632,0.3376587336889632,0.30653765738378747,0.21086229681920193,0.21086229681920193,0.21441197558900105
EleutherAI/pythia-410m,15,3,0.0072542926457921375,0.010453592135211576,0.008853942390501857,0.5232686323112793,0.5232686323112793,0.5184130170100693,0.24580902569399618,0.24580902569399618,0.24390400922754585,0.2774596066172831,0.2774596066172831,0.2745090077825234
EleutherAI/pythia-410m,15,4,0.0065396526667078625,0.00616214782234259,0.006350900244525226,0.22663563709429438,0.22663563709429438,0.21316275124607856,0.04898828819311104,0.04898828819311104,0.03818199708630023,0.17764734890118333,0.17764734890118333,0.17498075415977832
EleutherAI/pythia-410m,15,5,0.002765325110728245,0.006195548951156482,0.0044804370309423636,0.15091564893098985,0.15091564893098985,0.1284137421571916,0.11597515204414646,0.11597515204414646,0.10616749727184419,0.03494049688684339,0.03494049688684339,0.022246244885347405
EleutherAI/pythia-410m,15,6,0.0011382816344736035,0.004351277989665281,0.002744779812069442,0.28174659106953853,0.28174659106953853,0.2785462826759465,0.13740987148704661,0.13740987148704661,0.14774062671018673,0.14433671958249192,0.14433671958249192,0.13080565596575977
EleutherAI/pythia-410m,15,7,0.004526693989911568,0.007033701018085647,0.0057801975039986075,0.4217157375165044,0.4217157375165044,0.42823937428322545,0.20762890533711945,0.20762890533711945,0.18791296419265105,0.21408683217938493,0.21408683217938493,0.2403264100905744
EleutherAI/pythia-410m,15,8,0.012160413847194906,0.001208928626353245,0.006684671236774076,0.23001166029162792,0.23001166029162792,0.20393791547569062,0.20255374808644994,0.20255374808644994,0.1888221399334258,0.027457912205177987,0.027457912205177987,0.015115775542264814
EleutherAI/pythia-410m,15,9,0.001079649437131014,0.0018135130874754601,0.001446581262303237,0.4030604346503482,0.4030604346503482,0.3605474759607493,0.16260443653143974,0.16260443653143974,0.13593331883844387,0.24045599811890844,0.24045599811890844,0.22461415712230545
EleutherAI/pythia-410m,15,10,0.0036541796106055457,0.0034763606514514045,0.003565270131028475,0.332655290167386,0.332655290167386,0.31226349995572883,0.18564857231019177,0.18564857231019177,0.16544501891716668,0.1470067178571942,0.1470067178571942,0.14681848103856215
EleutherAI/pythia-410m,15,11,0.006804699034202777,0.006587952140747699,0.006696325587475238,0.5913756089575625,0.5913756089575625,0.5778377673512826,0.30247967899730493,0.30247967899730493,0.29367737833808233,0.28889592996025754,0.28889592996025754,0.28416038901320023
EleutherAI/pythia-410m,15,12,0.0034033107006643526,0.007728156142347231,0.005565733421505792,0.7447670385268922,0.7447670385268922,0.7327448141131611,0.3016069476923787,0.3016069476923787,0.2886879596162918,0.44316009083451346,0.44316009083451346,0.44405685449686927
EleutherAI/pythia-410m,15,13,0.003923311008243058,0.010586235466904181,0.00725477323757362,0.522224314429068,0.522224314429068,0.5095872779636107,0.22925661752086124,0.22925661752086124,0.21262235667765886,0.2929676969082068,0.2929676969082068,0.29696492128595187
EleutherAI/pythia-410m,15,14,0.005481389563853245,0.0052946796567421295,0.005388034610297687,0.4445507210583619,0.4445507210583619,0.46651669363270076,0.23397320804523486,0.23397320804523486,0.21013964834046991,0.21057751301312705,0.21057751301312705,0.2563770452922308
EleutherAI/pythia-410m,15,15,0.006476695143331934,0.009650042676550008,0.008063368909940971,0.6260265195872086,0.6260265195872086,0.5813313747880121,0.3911265650653325,0.3911265650653325,0.35563894166040544,0.23489995452187606,0.23489995452187606,0.22569243312760667
EleutherAI/pythia-410m,16,0,-0.0020357867864171375,0.000329926257996771,-0.0008529302642101833,0.5865161735907214,0.5865161735907214,0.5745646711617642,0.22120594803438082,0.22120594803438082,0.2087439513493256,0.3653102255563406,0.3653102255563406,0.36582071981243863
EleutherAI/pythia-410m,16,1,0.006132110835999072,0.00719854399913844,0.006665327417568756,0.3558371710761939,0.3558371710761939,0.33312907321403384,0.2180759651875508,0.2180759651875508,0.2056748329559905,0.1377612058886431,0.1377612058886431,0.12745424025804333
EleutherAI/pythia-410m,16,2,0.004309947096456934,0.0063877856637546415,0.005348866380105788,0.4295111124282079,0.4295111124282079,0.3952085055853206,0.12494324361453421,0.12494324361453421,0.10835254636392337,0.3045678688136737,0.3045678688136737,0.2868559592213972
EleutherAI/pythia-410m,16,3,0.005967508150836576,0.0029388187438481594,0.004453163447342368,0.3081666648691934,0.3081666648691934,0.2720543223025092,0.19845611441688404,0.19845611441688404,0.18159964673352946,0.10971055045230937,0.10971055045230937,0.09045467556897974
EleutherAI/pythia-410m,16,4,0.012010709507258799,0.006195068359375,0.0091028889333169,0.20213685077211055,0.20213685077211055,0.2094938727432603,0.15807200285856218,0.15807200285856218,0.16355676806467664,0.044064847913548366,0.044064847913548366,0.04593710467858367
EleutherAI/pythia-410m,16,5,0.0005120705431842509,0.005378302626722231,0.002945186584953241,0.35273521716992084,0.35273521716992084,0.3348144635686494,0.20985832629779783,0.20985832629779783,0.20290728674864314,0.14287689087212302,0.14287689087212302,0.13190717682000627
EleutherAI/pythia-410m,16,6,0.010851041538508799,0.008644164077878713,0.009747602808193756,0.2358124478754838,0.2358124478754838,0.2175487642667871,0.21376119927860715,0.21376119927860715,0.19501885256345053,0.022051248596876655,0.022051248596876655,0.02252991170333657
EleutherAI/pythia-410m,16,7,0.006449301411786568,0.0008768397053393606,0.003663070558562964,0.5418613323808468,0.5418613323808468,0.519360094573297,0.2876012431600794,0.2876012431600794,0.27639500257290334,0.25426008922076737,0.25426008922076737,0.24296509200039368
EleutherAI/pythia-410m,16,8,0.0017717016024851873,0.004210704893577777,0.002991203248031482,0.17703466194812856,0.17703466194812856,0.14464202133381415,0.15260912118294956,0.15260912118294956,0.13030310301683662,0.024425540765179,0.024425540765179,0.014338918316977534
EleutherAI/pythia-410m,16,9,0.005773108775221303,0.0015859528789370358,0.0036795308270791693,0.4415882128086866,0.4415882128086866,0.42685665286673674,0.24324188270250893,0.24324188270250893,0.23541291629702815,0.19834633010617767,0.19834633010617767,0.1914437365697086
EleutherAI/pythia-410m,16,10,0.0054931640625,0.011429914339320835,0.008461539200910417,0.036361012427389185,0.036361012427389185,0.03801032785297253,0.09541701723330936,0.09541701723330936,0.09915746273425317,-0.05905600480592018,-0.05905600480592018,-0.061147134881280645
EleutherAI/pythia-410m,16,11,0.0033350666676921215,0.0038531446081444543,0.003594105637918288,0.313235628257275,0.313235628257275,0.26751816790794697,0.22038571419294495,0.22038571419294495,0.1958567377014512,0.09284991406433007,0.09284991406433007,0.07166143020649576
EleutherAI/pythia-410m,16,12,0.007499875046137028,0.004588450033833347,0.006044162539985187,0.4241858283427909,0.4241858283427909,0.4102187126400109,0.2430730563883406,0.2430730563883406,0.2405165927427278,0.1811127719544503,0.1811127719544503,0.16970211989728312
EleutherAI/pythia-410m,16,13,0.003795713890256014,0.0058870090274356635,0.004841361458845839,0.2375310335840732,0.2375310335840732,0.23605912732389833,0.18777095433569685,0.18777095433569685,0.18188644132770582,0.04976007924837636,0.04976007924837636,0.054172685996192516
EleutherAI/pythia-410m,16,14,0.0025127741295523087,0.004835714505413424,0.0036742443174828665,0.2519322020064099,0.2519322020064099,0.22163756414657318,0.22209301056624164,0.22209301056624164,0.20562268975800896,0.029839191440168278,0.029839191440168278,0.01601487438856422
EleutherAI/pythia-410m,16,15,0.011144202525221303,0.007815864142470375,0.009480033333845839,0.4685378439031575,0.4685378439031575,0.4442108666304573,0.3200262777512123,0.3200262777512123,0.2932730259224398,0.14851156615194522,0.14851156615194522,0.15093784070801747
EleutherAI/pythia-410m,17,0,0.004770354023130086,0.005656324972317606,0.005213339497723846,0.6745076294971676,0.6745076294971676,0.6552677096491917,0.49044994647158724,0.49044994647158724,0.45914598690837005,0.18405768302558034,0.18405768302558034,0.19612172274082162
EleutherAI/pythia-410m,17,1,0.0052644023745078705,0.009888416200172223,0.007576409287340047,0.14705411972997218,0.14705411972997218,0.1280864953796105,0.1917171261650807,0.1917171261650807,0.1721709180566842,-0.04466300643510851,-0.04466300643510851,-0.04408442267707369
EleutherAI/pythia-410m,17,2,0.005204088105930094,-0.0004368579293800856,0.002383615088275004,0.4152295544513436,0.4152295544513436,0.3872528260234596,0.31829724151864286,0.31829724151864286,0.3011455083424325,0.09693231293270071,0.09693231293270071,0.08610731768102714
EleutherAI/pythia-410m,17,3,-0.0010902224563236196,0.0032882089689958427,0.0010989932563361116,0.3946967407908225,0.3946967407908225,0.391117821871741,0.3142680511619124,0.3142680511619124,0.31748045804913116,0.08042868962891009,0.08042868962891009,0.07363736382260982
EleutherAI/pythia-410m,17,4,0.01919795959953241,0.017525019608144454,0.018361489603838432,0.7949354008388854,0.7949354008388854,0.7842650983729123,0.3568028415747331,0.3568028415747331,0.3404876623949036,0.4381325592641523,0.4381325592641523,0.44377743597800867
EleutherAI/pythia-410m,17,5,0.005689485805241201,0.006981076218011584,0.0063352810116263925,0.5002411941927193,0.5002411941927193,0.4837040245833495,0.19040346623037616,0.19040346623037616,0.17631872717386857,0.3098377279623431,0.3098377279623431,0.30738529740948095
EleutherAI/pythia-410m,17,6,0.005987693005659267,0.0030861201248768566,0.004536906565268062,0.20242014740268102,0.20242014740268102,0.19194247728844008,0.17116926385751557,0.17116926385751557,0.16181901916785169,0.03125088354516545,0.03125088354516545,0.030123458120588392
EleutherAI/pythia-410m,17,7,0.011580099271038424,0.008276751660925008,0.009928425465981716,0.7291289780141812,0.7291289780141812,0.6993016819750858,0.4296206530372879,0.4296206530372879,0.3913240533341188,0.2995083249768933,0.2995083249768933,0.307977628640967
EleutherAI/pythia-410m,17,8,0.0028040127491388844,0.0027256762887546415,0.002764844518946763,0.47822141278764396,0.47822141278764396,0.44862535760187544,0.2532965328379485,0.2532965328379485,0.24423544940516,0.22492487994969546,0.22492487994969546,0.20438990819671543
EleutherAI/pythia-410m,17,9,0.0009181705985481514,0.0043123500553639005,0.002615260326956026,0.22999077664302775,0.22999077664302775,0.2046281544258732,0.18410063883979322,0.18410063883979322,0.180978666628611,0.04589013780323453,0.04589013780323453,0.023649487797262198
EleutherAI/pythia-410m,17,10,0.005480668676181022,0.005916325126106958,0.00569849690114399,0.13489626756932566,0.13489626756932566,0.14879050760740054,0.1431843399047312,0.1431843399047312,0.14837044256710802,-0.008288072335405544,-0.008288072335405544,0.00042006504029251657
EleutherAI/pythia-410m,17,11,0.008266418937623143,0.0015616829939713028,0.004914050965797223,0.270417676394722,0.270417676394722,0.26124244594307505,0.19851307150345857,0.19851307150345857,0.1974085794896746,0.07190460489126341,0.07190460489126341,0.06383386645340045
EleutherAI/pythia-410m,17,12,0.00016003706323841627,0.0016799085722194462,0.0009199728177289312,0.48028588632205643,0.48028588632205643,0.5061905667347294,0.16668526082889373,0.16668526082889373,0.1591786867286418,0.3136006254931627,0.3136006254931627,0.3470118800060876
EleutherAI/pythia-410m,17,13,0.007617379736712504,0.0031716654619833307,0.005394522599347917,0.4083083668003139,0.4083083668003139,0.3954591578407646,0.29108401352992114,0.29108401352992114,0.30063429869402997,0.11722435327039277,0.11722435327039277,0.09482485914673461
EleutherAI/pythia-410m,17,14,0.006915475439837504,0.009668305164246771,0.008291890302042138,0.4558544132411674,0.4558544132411674,0.45828559400455576,0.3052228031415182,0.3052228031415182,0.3020863500772779,0.1506316100996492,0.1506316100996492,0.15619924392727785
EleutherAI/pythia-410m,17,15,0.0007833646038384323,-0.0019793172520916613,-0.0005979763241266145,0.26410559815590706,0.26410559815590706,0.2569436950480137,0.22480335730631754,0.22480335730631754,0.22306836263148727,0.039302240849589526,0.039302240849589526,0.033875332416526405
EleutherAI/pythia-410m,18,0,-0.0018082265778787132,0.005206731360728245,0.001699252391424766,0.2009062805977221,0.2009062805977221,0.1819687697017765,0.18333434135240115,0.18333434135240115,0.17506422823165094,0.01757193924532094,0.01757193924532094,0.006904541470125564
EleutherAI/pythia-410m,18,1,0.0033103161909449064,0.004887618417814821,0.0040989673043798636,0.38620008860293925,0.38620008860293925,0.38872246823847684,0.3147424457993696,0.3147424457993696,0.32062953525861043,0.07145764280356964,0.07145764280356964,0.0680929329798664
EleutherAI/pythia-410m,18,2,0.00437458669106805,0.005836306594487972,0.005105446642778011,0.2931778756538137,0.2931778756538137,0.2918826858904237,0.23991654477332572,0.23991654477332572,0.22462395863273557,0.053261330880487984,0.053261330880487984,0.06725872725768814
EleutherAI/pythia-410m,18,3,0.0019387072465550936,0.007642851101131942,0.004790779173843518,0.5017594483023293,0.5017594483023293,0.5177023905015707,0.4973354691867747,0.4973354691867747,0.5164869990752147,0.004423979115554644,0.004423979115554644,0.0012153914263560717
EleutherAI/pythia-410m,18,4,0.00040009265809537453,0.002625472902312964,0.0015127827802041693,0.3756702119404494,0.3756702119404494,0.3554565142369466,0.28513922395844643,0.28513922395844643,0.2774347999562589,0.09053098798200299,0.09053098798200299,0.07802171428068766
EleutherAI/pythia-410m,18,5,0.003933163139763884,-0.0012096495140259123,0.001361756812868986,0.4568086887635615,0.4568086887635615,0.4265564812791262,0.25288197775837334,0.25288197775837334,0.21148782779459124,0.20392671100518817,0.20392671100518817,0.21506865348453497
EleutherAI/pythia-410m,18,6,0.008123683178518526,0.0044101504828986116,0.006266916830708569,0.4657280784711951,0.4657280784711951,0.45087392891832856,0.31701191819780794,0.31701191819780794,0.31060183188757745,0.14871616027338713,0.14871616027338713,0.1402720970307511
EleutherAI/pythia-410m,18,7,0.0030784306563731434,0.0022621455155018566,0.0026702880859375,0.3694127392252207,0.3694127392252207,0.38902506347845633,0.3353213356504885,0.3353213356504885,0.3485912911235718,0.034091403574732226,0.034091403574732226,0.040433772354884545
EleutherAI/pythia-410m,18,8,0.002135990172859259,0.0008477639025588068,0.001491877037709033,0.0907378587562423,0.0907378587562423,0.09501666064451685,0.10168513712785474,0.10168513712785474,0.11719028627808109,-0.01094727837161244,-0.01094727837161244,-0.022173625633564245
EleutherAI/pythia-410m,18,9,0.002857358436884727,0.0015674500953490877,0.0022124042661169074,0.5443075155742086,0.5443075155742086,0.5186874290000177,0.29069145665706525,0.29069145665706525,0.2891156330989673,0.2536160589171434,0.2536160589171434,0.22957179590105042
EleutherAI/pythia-410m,18,10,0.0039516659233513884,0.003936527282234259,0.003944096602792824,0.28060587319943453,0.28060587319943453,0.2730413238342232,0.2838854414225832,0.2838854414225832,0.27469110420361853,-0.0032795682231486767,-0.0032795682231486767,-0.0016497803693953372
EleutherAI/pythia-410m,18,11,0.002050204539862044,0.004655732883243058,0.003352968711552551,0.30630471509404356,0.30630471509404356,0.3169991783014321,0.24260106702391238,0.24260106702391238,0.23580724025844182,0.06370364807013118,0.06370364807013118,0.08119193804299027
EleutherAI/pythia-410m,18,12,0.004032165046751857,0.00526656503752454,0.004649365042138198,0.15330772977095408,0.15330772977095408,0.13890513111108604,0.16472841752029382,0.16472841752029382,0.15106276913988717,-0.011420687749339742,-0.011420687749339742,-0.012157638028801127
EleutherAI/pythia-410m,18,13,0.0021816463921013884,0.002405361866387512,0.0022935041292444502,0.19980030895581738,0.19980030895581738,0.17492272076082924,0.17768233942516648,0.17768233942516648,0.16877696234057474,0.0221179695306509,0.0221179695306509,0.006145758420254499
EleutherAI/pythia-410m,18,14,0.0027682086614171375,0.004448838121308807,0.003608523391362972,0.3061563411515241,0.3061563411515241,0.2861580136457375,0.26233464184586797,0.26233464184586797,0.2494615016670799,0.04382169930565616,0.04382169930565616,0.036696511978657614
EleutherAI/pythia-410m,18,15,0.0036049189530018566,-0.0007225697434796174,0.0014411746047611196,0.3934237613904034,0.3934237613904034,0.37993587281719676,0.3678131721802942,0.3678131721802942,0.35212619649295634,0.025610589210109225,0.025610589210109225,0.027809676324240418
EleutherAI/pythia-410m,19,0,0.0052523875799703745,0.0010147695466287132,0.003133578563299544,0.4040994747083463,0.4040994747083463,0.4482536382193794,0.39266446702696983,0.39266446702696983,0.40018648318608335,0.011435007681376452,0.011435007681376452,0.04806715503329606
EleutherAI/pythia-410m,19,1,0.002843421275221303,0.0016003706323819422,0.0022218959538016225,0.3378791490174777,0.3378791490174777,0.3564128426198033,0.18176994090698065,0.18176994090698065,0.16484701201079632,0.15610920811049703,0.15610920811049703,0.191565830609007
EleutherAI/pythia-410m,19,2,0.013860026682455562,0.011887437715305094,0.012873732198880328,0.6576936862874441,0.6576936862874441,0.6413443997170053,0.5799981561238573,0.5799981561238573,0.5659527674496975,0.07769553016358677,0.07769553016358677,0.07539163226730783
EleutherAI/pythia-410m,19,3,0.0019430325725884323,0.003307192344364829,0.0026251124584766306,0.5591051553186709,0.5591051553186709,0.5298678911905209,0.423356489108314,0.423356489108314,0.39688071835454447,0.13574866621035686,0.13574866621035686,0.13298717283597644
EleutherAI/pythia-410m,19,4,0.0004226804718259203,0.002191017931840289,0.0013068492018331046,0.333006586609786,0.333006586609786,0.3308898586753008,0.2918370311078776,0.2918370311078776,0.2840954092061954,0.04116955550190837,0.04116955550190837,0.04679444946910538
EleutherAI/pythia-410m,19,5,0.0037077655942421295,0.0031457135057824104,0.00342673955001227,0.2528366653477466,0.2528366653477466,0.2808340371497762,0.18735247649583445,0.18735247649583445,0.1763168861297243,0.06548418885191218,0.06548418885191218,0.10451715102005188
EleutherAI/pythia-410m,19,6,0.0016926442544291653,0.0009578194205213109,0.001325231837475238,0.36868106954397994,0.36868106954397994,0.36971677943970604,0.33711533014467043,0.33711533014467043,0.3296228682727597,0.03156573939930951,0.03156573939930951,0.04009391116694633
EleutherAI/pythia-410m,19,7,0.0014698899637055618,-0.000457763671875,0.0005060631459152809,0.18918200072267663,0.18918200072267663,0.1819309310422773,0.18274400491092654,0.18274400491092654,0.1797692496586427,0.006437995811750086,0.006437995811750086,0.0021616813836346227
EleutherAI/pythia-410m,19,8,0.0022073580524115677,0.0005401851624013965,0.001373771607406482,0.12359872282343501,0.12359872282343501,0.1010438521380931,0.14946442585040906,0.14946442585040906,0.13607073255918697,-0.025865703026974052,-0.025865703026974052,-0.03502688042109388
EleutherAI/pythia-410m,19,9,0.002930408387672223,0.0024551031157726833,0.002692755751722453,0.4163264775851399,0.4163264775851399,0.37287039090247215,0.30492496777128386,0.30492496777128386,0.27306012494254606,0.11140150981385605,0.11140150981385605,0.09981026595992609
EleutherAI/pythia-410m,19,10,0.005592886857160639,0.009455883596825476,0.007524385226993058,0.5758598514332172,0.5758598514332172,0.5491604102216809,0.45443991872554573,0.45443991872554573,0.4343983983195952,0.12141993270767143,0.12141993270767143,0.11476201190208574
EleutherAI/pythia-410m,19,11,0.003241591566191193,0.0007374680887055618,0.0019895298274483775,0.3378301025180869,0.3378301025180869,0.3243812409121553,0.31373998469322445,0.31373998469322445,0.3046171204855186,0.024090117824862478,0.024090117824862478,0.019764120426636722
EleutherAI/pythia-410m,19,12,0.0006182813268948983,0.0007672647791583387,0.0006927730530266185,0.30736765086027384,0.30736765086027384,0.28758097750298295,0.2619520437868001,0.2619520437868001,0.2464027999193493,0.04541560707347375,0.04541560707347375,0.04117817758363365
EleutherAI/pythia-410m,19,13,0.005621241772268526,0.00010332723302131086,0.0028622845026449184,0.4387648324669771,0.4387648324669771,0.4393422914609238,0.30554113698679514,0.30554113698679514,0.2968288027886195,0.13322369548018198,0.13322369548018198,0.1425134886723043
EleutherAI/pythia-410m,19,14,0.0014441783033958266,0.0041840320497046335,0.00281410517655023,0.28101922750009045,0.28101922750009045,0.35623032546415623,0.2385773893705399,0.2385773893705399,0.27935994833789535,0.042441838129550546,0.042441838129550546,0.07687037712626088
EleutherAI/pythia-410m,19,15,0.0021395946112203745,0.003052959291953705,0.00259627695158704,0.319294419363422,0.319294419363422,0.27644485006708924,0.2719282746748889,0.2719282746748889,0.2493428535609601,0.04736614468853312,0.04736614468853312,0.027101996506129156
EleutherAI/pythia-410m,20,0,0.002166988342765741,0.0016438641886069583,0.0019054262656863497,0.5006316624504443,0.5006316624504443,0.4851988322194614,0.4083858686729865,0.4083858686729865,0.40848714626902954,0.09224579377745784,0.09224579377745784,0.07671168595043187
EleutherAI/pythia-410m,20,1,0.0034948634350393526,0.000384713721087504,0.0019397885780634283,0.5038028000030129,0.5038028000030129,0.48585221329303535,0.417947087523354,0.417947087523354,0.40130694265648914,0.0858557124796589,0.0858557124796589,0.08454527063654621
EleutherAI/pythia-410m,20,2,0.0025781346118356474,-0.0009102408341536972,0.0008339468888409751,0.27336315860523924,0.27336315860523924,0.27288586875445753,0.24952335057399633,0.24952335057399633,0.25506413102206427,0.023839808031242915,0.023839808031242915,0.01782173773239326
EleutherAI/pythia-410m,20,3,0.0014230322650097271,-0.003198578601747215,-0.000887773168368744,0.44551568686872955,0.44551568686872955,0.4430447728202701,0.3876431481426941,0.3876431481426941,0.380732877098269,0.05787253872603543,0.05787253872603543,0.06231189572200113
EleutherAI/pythia-410m,20,4,0.0017493540846458266,-0.0011623112235485955,0.00029352143054861557,0.36977889798808594,0.36977889798808594,0.36236229157837113,0.2973841603699913,0.2973841603699913,0.2965187349674092,0.07239473761809462,0.07239473761809462,0.06584355661096192
EleutherAI/pythia-410m,20,5,-0.0002614419291337988,-0.0003972091074064821,-0.00032932551827014045,0.4957399355460593,0.4957399355460593,0.46403348269527883,0.39751869729235567,0.39751869729235567,0.37469147251458995,0.0982212382537036,0.0982212382537036,0.08934201018068888
EleutherAI/pythia-410m,20,6,0.011567603884719446,0.011310487281618986,0.011439045583169216,0.5067897209578718,0.5067897209578718,0.48493861579611364,0.32755900676641175,0.32755900676641175,0.30761944225731247,0.17923071419146003,0.17923071419146003,0.17731917353880117
EleutherAI/pythia-410m,20,7,0.0019687442328986116,-0.0006300558255416533,0.0006693442036784791,0.45757686066086734,0.45757686066086734,0.4597883471671511,0.4089965671651187,0.4089965671651187,0.41192819610092185,0.04858029349574866,0.04858029349574866,0.04786015106622926
EleutherAI/pythia-410m,20,8,0.0011558232344981434,-0.0003078190360485955,0.00042400209922477394,0.45436660126376777,0.45436660126376777,0.46144042591844137,0.3799865461549185,0.3799865461549185,0.3747139477195309,0.07438005510884926,0.07438005510884926,0.08672647819891044
EleutherAI/pythia-410m,20,9,0.004339263195127785,0.0024510180856296415,0.003395140640378713,0.4832771762329059,0.4832771762329059,0.45451741692378,0.3927147573436485,0.3927147573436485,0.3828692030483303,0.09056241888925737,0.09056241888925737,0.07164821387544973
EleutherAI/pythia-410m,20,10,0.00015619232898611557,-0.0012735682209648047,-0.0005586879459893446,0.5479061454695948,0.5479061454695948,0.5391786682510403,0.45198990963566715,0.45198990963566715,0.4382469308303267,0.09591623583392767,0.09591623583392767,0.10093173742071365
EleutherAI/pythia-410m,20,11,0.0051605945497046335,0.002716064453125,0.003938329501414817,0.44982832292527825,0.44982832292527825,0.42983020526690646,0.37980948453454544,0.37980948453454544,0.36678983712924246,0.07001883839073281,0.07001883839073281,0.063040368137664
EleutherAI/pythia-410m,20,12,0.003473717396653697,0.0009741595410925896,0.0022239384688731434,0.5340693645281944,0.5340693645281944,0.5036785807598994,0.46943708947303386,0.46943708947303386,0.43951872288991534,0.06463227505516056,0.06463227505516056,0.06415985786998402
EleutherAI/pythia-410m,20,13,0.002709336168184251,0.0014513871801180578,0.0020803616741511544,0.14699625825113258,0.14699625825113258,0.12722547817046004,0.14542571947423333,0.14542571947423333,0.1376225718108817,0.0015705387768992496,0.0015705387768992496,-0.010397093640421656
EleutherAI/pythia-410m,20,14,-0.001824566698449992,-0.005694772314837948,-0.00375966950664397,0.30865304734573185,0.30865304734573185,0.18668793359624333,0.38944093043869543,0.38944093043869543,0.31806232307884763,-0.08078788309296359,-0.08078788309296359,-0.1313743894826043
EleutherAI/pythia-410m,20,15,0.0014807032787893526,-0.0012920710045523087,9.431613711852194e-05,0.3012833306104927,0.3012833306104927,0.2756544495323665,0.32430577112933134,0.32430577112933134,0.3105930148788356,-0.02302244051883867,-0.02302244051883867,-0.03493856534646911
EleutherAI/pythia-410m,21,0,0.0006884477269930578,2.8835506888924556e-06,0.0003456656388409751,0.5163533566161013,0.5163533566161013,0.5196974229093307,0.4626485475419013,0.4626485475419013,0.4577117235505058,0.053704809074199944,0.053704809074199944,0.06198569935882492
EleutherAI/pythia-410m,21,1,0.00046305018147130284,-0.00294266347810046,-0.0012398066483145787,0.3837038104755619,0.3837038104755619,0.3611570824166876,0.35516505513207314,0.35516505513207314,0.33820373947190174,0.028538755343488764,0.028538755343488764,0.02295334294478585
EleutherAI/pythia-410m,21,2,0.0025055652528296335,0.0009438822588583307,0.001724723755843982,0.5376305326625032,0.5376305326625032,0.5055421500115067,0.4471037118930297,0.4471037118930297,0.42737290262957317,0.09052682076947344,0.09052682076947344,0.07816924738193354
EleutherAI/pythia-410m,21,3,0.0016025332953986116,-0.00012303149606296415,0.0007397508996678237,0.5235493532138107,0.5235493532138107,0.4978776879296447,0.4301009518099947,0.4301009518099947,0.41455737630844564,0.093448401403816,0.093448401403816,0.08332031162119907
EleutherAI/pythia-410m,21,4,0.0015636053610976752,-0.00029075802780509363,0.0006364236666462908,0.2110366219662444,0.2110366219662444,0.20256024869386094,0.25191410051392477,0.25191410051392477,0.23773284618998805,-0.04087747854768037,-0.04087747854768037,-0.03517259749612711
EleutherAI/pythia-410m,21,5,-4.950095349398609e-05,0.00012086883304629481,3.568393977615436e-05,0.2101094717113501,0.2101094717113501,0.19414100591760053,0.2685557197062623,0.2685557197062623,0.26660288219913963,-0.05844624799491219,-0.05844624799491219,-0.0724618762815391
EleutherAI/pythia-410m,21,6,-0.0007739930640995318,-0.00013720895361712948,-0.00045560100885833066,0.32032193135955106,0.32032193135955106,0.3023327783379514,0.2608425266162292,0.2608425266162292,0.25557316993333695,0.05947940474332186,0.05947940474332186,0.04675960840461446
EleutherAI/pythia-410m,21,7,0.005836546890379157,0.005681315744955562,0.0057589313176673596,0.5713016450983065,0.5713016450983065,0.554171071534336,0.33694835449768906,0.33694835449768906,0.33194327899443793,0.23435329060061744,0.23435329060061744,0.22222779253989805
EleutherAI/pythia-410m,21,8,-0.0008888544998768566,-0.0012002779742865677,-0.0010445662370817121,0.44532371293476314,0.44532371293476314,0.4255943702209873,0.4417973892392026,0.4417973892392026,0.4378317779086148,0.0035263236955605515,0.0035263236955605515,-0.012237407687627544
EleutherAI/pythia-410m,21,9,-1.537893700787052e-05,-0.0018111101285680498,-0.0009132445327879601,0.44470077547741427,0.44470077547741427,0.4350578635927578,0.36747358676550795,0.36747358676550795,0.3703414776244998,0.07722718871190631,0.07722718871190631,0.06471638596825796
EleutherAI/pythia-410m,21,10,0.002185491126353245,-0.0016890398160680498,0.00024822565514259765,0.5940282584830759,0.5940282584830759,0.5521989949846059,0.6018961854320004,0.6018961854320004,0.5729728370650865,-0.007867926948924464,-0.007867926948924464,-0.02077384208048061
EleutherAI/pythia-410m,21,11,0.0019420713890254682,-0.00038639579232313537,0.0007778377983511664,0.5099255554549887,0.5099255554549887,0.5130994007940827,0.4698859328118398,0.4698859328118398,0.4717413337190807,0.04003962264314892,0.04003962264314892,0.04135806707500195
EleutherAI/pythia-410m,21,12,0.0034018689253199064,0.0004820335568402889,0.0019419512410800976,0.13567694066661015,0.13567694066661015,0.23970013340207905,0.1312365907977788,0.1312365907977788,0.20299732950508914,0.00444034986883135,0.00444034986883135,0.036702803896989905
EleutherAI/pythia-410m,21,13,0.0016777459092027769,-0.003614290492741201,-0.0009682722917692121,0.5763546199608661,0.5763546199608661,0.5546293190274991,0.5099316629759243,0.5099316629759243,0.5089573679206475,0.06642295698494183,0.06642295698494183,0.04567195110685163
EleutherAI/pythia-410m,21,14,-0.0010275052288384323,-0.003081794798843518,-0.002054650013840975,0.341201276962886,0.341201276962886,0.33557769282502276,0.30187954690183766,0.30187954690183766,0.3070142848382101,0.03932173006104833,0.03932173006104833,0.028563407986812672
EleutherAI/pythia-410m,21,15,-0.0009066363957921375,-0.001995417076771755,-0.0014510267362819462,0.5508233426774524,0.5508233426774524,0.5274705885092988,0.4771917963043084,0.4771917963043084,0.46296139052158714,0.07363154637314395,0.07363154637314395,0.06450919798771171
EleutherAI/pythia-410m,22,0,0.00038807786355832263,0.0007199264886810219,0.0005540021761196723,0.4754801343846563,0.4754801343846563,0.44245339986582843,0.44641297092348003,0.44641297092348003,0.4286523845395421,0.02906716346117627,0.02906716346117627,0.013801015326286359
EleutherAI/pythia-410m,22,1,0.00199661855622546,-0.0014694093719245238,0.00026360459215046816,0.6226637187289635,0.6226637187289635,0.6067766390631331,0.5845742746243888,0.5845742746243888,0.5732158245840207,0.03808944410457471,0.03808944410457471,0.03356081447911241
EleutherAI/pythia-410m,22,2,0.002062940222071763,-0.0003616453155759203,0.0008506474532479213,0.499558405440276,0.499558405440276,0.500986427711263,0.36120883391156816,0.36120883391156816,0.35852116784286997,0.13834957152870786,0.13834957152870786,0.14246525986839303
EleutherAI/pythia-410m,22,3,0.004042738065944906,0.0026396503598671295,0.003341194212906018,0.6983548569737256,0.6983548569737256,0.6574297550493851,0.3268709983475527,0.3268709983475527,0.2950837913748895,0.3714838586261729,0.3714838586261729,0.36234596367449556
EleutherAI/pythia-410m,22,4,0.001575139563853245,-0.0025485782172736116,-0.00048671932671018325,0.5342716217307442,0.5342716217307442,0.49541402226037556,0.4682204063667738,0.4682204063667738,0.4473762611353591,0.06605121536397035,0.06605121536397035,0.048037761125016454
EleutherAI/pythia-410m,22,5,6.367841104815142e-05,-0.00018670990711155966,-6.151574803170412e-05,0.39380554110225713,0.39380554110225713,0.38120834107649454,0.3150378866691957,0.3150378866691957,0.29853868823723373,0.07876765443306144,0.07876765443306144,0.08266965283926081
EleutherAI/pythia-410m,22,6,0.002117727685162496,0.0009126437930606635,0.0015151857391115797,0.5262391231499985,0.5262391231499985,0.5343882573863717,0.4116662063980552,0.4116662063980552,0.4032807444561234,0.11457291675194337,0.11457291675194337,0.13110751293024836
EleutherAI/pythia-410m,22,7,-5.5748646653697165e-05,0.00020497239480787854,7.461187407709069e-05,0.4824598851193378,0.4824598851193378,0.476082446690983,0.4088587904660081,0.4088587904660081,0.40255166884038684,0.0736010946533297,0.0736010946533297,0.07353077785059614
EleutherAI/pythia-410m,22,8,0.0015205923966536972,0.00042436254306066346,0.0009724774698571803,0.5813570509948276,0.5813570509948276,0.5458904373461411,0.457145168899507,0.457145168899507,0.4302230669053048,0.12421188209532058,0.12421188209532058,0.11566737044083625
EleutherAI/pythia-410m,22,9,0.0011373204509106394,-0.0002294825756643526,0.0004539189376231434,0.4468383929019913,0.4468383929019913,0.41218637601149133,0.4099356242003502,0.4099356242003502,0.38403025934874363,0.03690276870164111,0.03690276870164111,0.0281561166627477
EleutherAI/pythia-410m,22,10,-0.0004976527897393446,-0.0023666742279773167,-0.0014321635088583307,0.46486562824731786,0.46486562824731786,0.4278230672699021,0.3567874081050441,0.3567874081050441,0.33218848042973986,0.10807822014227375,0.10807822014227375,0.09563458684016224
EleutherAI/pythia-410m,22,11,0.004443071019931022,0.002214566929133799,0.0033288189745324104,0.6529540247483517,0.6529540247483517,0.6339979297529503,0.21368238350623958,0.21368238350623958,0.19723120373853978,0.43927164124211215,0.43927164124211215,0.4367667260144106
EleutherAI/pythia-410m,22,12,-0.0022181713674949144,-0.0023414431594490637,-0.002279807263471989,0.507552127458242,0.507552127458242,0.5027460514614599,0.4787007523932377,0.4787007523932377,0.46974865447211456,0.028851375065004237,0.028851375065004237,0.03299739698934534
EleutherAI/pythia-410m,22,13,0.0006858044721949064,-6.6802257628229e-05,0.0003095011072833387,0.4494711421421517,0.4494711421421517,0.41980658669668103,0.4245443852079498,0.4245443852079498,0.40338499734683675,0.024926756934201932,0.024926756934201932,0.01642158934984428
EleutherAI/pythia-410m,22,14,9.948249876989834e-05,-0.0003724586306597111,-0.00013648806594490637,0.5222732565156849,0.5222732565156849,0.5058115872236058,0.4487114826393736,0.4487114826393736,0.4437410229017469,0.0735617738763113,0.0735617738763113,0.06207056432185887
EleutherAI/pythia-410m,22,15,-0.0001023660494587908,-0.0009477269931101873,-0.000525046521284489,0.40555011791217,0.40555011791217,0.408319725481763,0.38809449258270506,0.38809449258270506,0.38759440775238885,0.01745562532946493,0.01745562532946493,0.020725317729374138
EleutherAI/pythia-410m,23,0,0.0009683924397148047,0.0007747139517713109,0.0008715531957430578,0.4606125498954197,0.4606125498954197,0.45678296925526646,0.4567479453529899,0.4567479453529899,0.44794046041418933,0.003864604542429817,0.003864604542429817,0.008842508841077124
EleutherAI/pythia-410m,23,1,0.0006697046475148127,0.0006528839351620519,0.0006612942913384323,0.5363789827586133,0.5363789827586133,0.5315721842921332,0.5002021976695787,0.5002021976695787,0.49775996713657783,0.03617678508903455,0.03617678508903455,0.033812217155555324
EleutherAI/pythia-410m,23,2,-0.0011873019961861075,-0.0018952136903300776,-0.0015412578432580926,0.3424133323706891,0.3424133323706891,0.358821219136219,0.26919349318508323,0.26919349318508323,0.2921258560937438,0.07321983918560587,0.07321983918560587,0.0666953630424752
EleutherAI/pythia-410m,23,3,0.0006331796721212868,0.00013961191252453986,0.0003863957923229133,0.47993233444053407,0.47993233444053407,0.4822116958501419,0.4447669384940924,0.4447669384940924,0.4393690259832361,0.03516539594644169,0.03516539594644169,0.042842669866905825
EleutherAI/pythia-410m,23,4,0.0006704255351870358,0.0002828282634101953,0.00047662689929861557,0.5507115613509588,0.5507115613509588,0.550937221919104,0.4962271707304174,0.4962271707304174,0.4982848658594115,0.05448439062054139,0.05448439062054139,0.052652356059692484
EleutherAI/pythia-410m,23,5,-0.00043325349101852595,0.00030349371001481273,-6.487989050185661e-05,0.5429683545519075,0.5429683545519075,0.5240335243011748,0.4729782293158757,0.4729782293158757,0.4496891611746754,0.06999012523603182,0.06999012523603182,0.07434436312649939
EleutherAI/pythia-410m,23,6,0.0002167468934546335,0.0004253237266240717,0.0003210353100393526,0.4623521760445024,0.4623521760445024,0.43000576754422054,0.3568795540771888,0.3568795540771888,0.34049326445664113,0.1054726219673136,0.1054726219673136,0.08951250308757941
EleutherAI/pythia-410m,23,7,-0.00016580416461620118,0.0005810354638287052,0.000207615649606252,0.7353118259275322,0.7353118259275322,0.7130256295829422,0.6630079158084278,0.6630079158084278,0.6434419251768787,0.07230391011910442,0.07230391011910442,0.06958370440606354
EleutherAI/pythia-410m,23,8,-0.00042244017593517924,0.00046136811023611557,1.9463967150468164e-05,0.4865565714163015,0.4865565714163015,0.4787344369385588,0.4329888591075725,0.4329888591075725,0.417199344685764,0.053567712308728976,0.053567712308728976,0.061535092252794854
EleutherAI/pythia-410m,23,9,-0.0006502406803643446,-0.0010150098425198983,-0.0008326252614421215,0.4833323158917885,0.4833323158917885,0.4638850593948006,0.4429217977452019,0.4429217977452019,0.42758498702373726,0.04041051814658658,0.04041051814658658,0.03630007237106336
EleutherAI/pythia-410m,23,10,-7.449172613194222e-05,0.000574307178887512,0.0002499077263777849,0.5373905662506178,0.5373905662506178,0.526441712617606,0.45887132472010245,0.45887132472010245,0.4460485312554847,0.07851924153051532,0.07851924153051532,0.08039318136212126
EleutherAI/pythia-410m,23,11,0.0007946585107037052,0.0004188357375736196,0.0006067471241386624,0.4845784142831416,0.4845784142831416,0.46941782754174444,0.36987195712977317,0.36987195712977317,0.36188814893528,0.11470645715336841,0.11470645715336841,0.10752967860646445
EleutherAI/pythia-410m,23,12,0.0074006328432578705,0.007087287001722231,0.007243959922490051,0.7036934814743548,0.7036934814743548,0.6859414507223052,0.563826458194037,0.563826458194037,0.5513199359839427,0.13986702328031786,0.13986702328031786,0.13462151473836248
EleutherAI/pythia-410m,23,13,0.001117135596087504,0.0003609244279032531,0.0007390300119953785,0.5138867331770168,0.5138867331770168,0.4977937435628483,0.3886962844379615,0.3886962844379615,0.375064169682377,0.12519044873905533,0.12519044873905533,0.12272957388047129
EleutherAI/pythia-410m,23,14,0.0011500561331199144,0.0011796125276819502,0.0011648343304009323,0.6268669394770496,0.6268669394770496,0.579441812238212,0.51833004416944,0.51833004416944,0.479902885236273,0.10853689530760968,0.10853689530760968,0.099538927001939
EleutherAI/pythia-410m,23,15,0.00022683932086620118,-0.000249907726378229,-1.1534202756013912e-05,0.6303127918865113,0.6303127918865113,0.6149212264822919,0.6148769801780886,0.6148769801780886,0.5974413837239901,0.015435811708422786,0.015435811708422786,0.017479842758301722
